Product Name,Product Version,Mapped Product Name,Lifecycle Color,Match Type,Match Details
ATMs,nan,ATMs,blue,no_match,Empty or null version
TS1090 Tape Drive,nan,TS1090 Tape Drive,blue,no_match,Empty or null version
Cloud Pak for Security,nan,Cloud Pak for Security,blue,no_match,Empty or null version
z14,nan,z14,blue,no_match,Empty or null version
Citrix MetaFrame,nan,Citrix MetaFrame,blue,no_match,Empty or null version
Maximo Application Suite on Cloud,nan,Maximo Application Suite on Cloud,blue,no_match,Empty or null version
SAN Volume Controller,8.5,SAN Volume Controller,blue,no_match,"No match found for product 'SAN Volume Controller' (mapped from 'SAN Volume Controller'), version '8.5'"
QRadar SIEM,7.5.0.15,IBM Security QRadar SIEM,green,exact,"Exact match: product='ibm security qradar siem', version='7.5.x'"
z17,nan,z17,blue,no_match,Empty or null version
Cash Recycling Automatic Teller Machine,nan,Cash Recycling Automatic Teller Machine,blue,no_match,Empty or null version
Printers,nan,Printers,blue,no_match,Empty or null version
Consumer Trusteer Rapport,nan,Consumer Trusteer Rapport,blue,no_match,Empty or null version
Power System S922 Server,nan,Power System S922 Server,blue,no_match,Empty or null version
Robotic Process Automation,30.0.2,IBM Robotic Process Automation,green,exact,"Exact match: product='ibm robotic process automation', version='30.0.x'"
LinuxONE Emperor 4,nan,LinuxONE Emperor 4,blue,no_match,Empty or null version
z/OS,3.1.0,z/OS,green,exact,"Exact match: product='z/os', version='3.1.0'"
Partner Ecosystem Support,nan,Partner Ecosystem Support,blue,no_match,Empty or null version
Storage Fusion HCI Physical Appliance,2.12.0,Storage Fusion HCI Physical Appliance,blue,no_match,"No match found for product 'Storage Fusion HCI Physical Appliance' (mapped from 'Storage Fusion HCI Physical Appliance'), version '2.12.0'"
FlashSystem 5000,nan,FlashSystem 5000,blue,no_match,Empty or null version
webMethods Integration SaaS,nan,webMethods Integration SaaS,blue,no_match,Empty or null version
z/OS,2.5.0,z/OS,orange,exact,"Exact match: product='z/os', version='2.5.0'"
Power System Hardware Management Console Physical Appliance,nan,Power System Hardware Management Console Physical Appliance,blue,no_match,Empty or null version
IBM i,7.4,IBM i,green,exact,"Exact match: product='ibm i', version='7.4.x'"
Power System E880C Server,nan,Power System E880C Server,blue,no_match,Empty or null version
Workload Scheduler,10.2 on-prem,Workload Scheduler,blue,no_match,"No match found for product 'Workload Scheduler' (mapped from 'Workload Scheduler'), version '10.2 on-prem'"
Labor Only Project Services,nan,Labor Only Project Services,blue,no_match,Empty or null version
DS8900F,nan,DS8900F,blue,no_match,Empty or null version
Hardware Management Console Application,V10 R3 M1050,Hardware Management Console Application,blue,no_match,"No match found for product 'Hardware Management Console Application' (mapped from 'Hardware Management Console Application'), version 'v10 r3 m1050'"
QRadar SOAR,51.0.1.2,QRadar SOAR,green,substring,"Substring match: found 'qradar soar' in 'ibm security qradar soar', version='51.0.x'"
Aspera,Other,Aspera,blue,no_match,"No match found for product 'Aspera' (mapped from 'Aspera'), version 'other'"
WebSphere Application Server,9.0.x,WebSphere Application Server,green,exact,"Exact match: product='websphere application server', version='9.0.x'"
"Db2 Linux, Unix and Windows",11.5,"Db2 Linux, Unix and Windows",blue,no_match,"No match found for product 'Db2 Linux, Unix and Windows' (mapped from 'Db2 Linux, Unix and Windows'), version '11.5'"
AIX,7.3,AIX,green,exact,"Exact match: product='aix', version='7.3.0'"
Maximo Application Suite,9.0.0,Maximo Application Suite,green,substring,"Substring match: found 'maximo application suite' in 'ibm maximo application suite', version='9.0.x'"
Security Verify,nan,Security Verify,blue,no_match,Empty or null version
Red Hat Enterprise Linux Server,8.x,Red Hat Enterprise Linux Server,blue,no_match,"No match found for product 'Red Hat Enterprise Linux Server' (mapped from 'Red Hat Enterprise Linux Server'), version '8.x'"
Sterling B2B Integrator,6.1.2,IBM Sterling B2B Integrator,green,substring,"Substring match: found 'ibm sterling b2b integrator' in 'ibm sterling b2b integrator', version='6.1.x'"
ASA Series,nan,ASA Series,blue,no_match,Empty or null version
z16 A02,nan,z16 A02,blue,no_match,Empty or null version
Content Manager OnDemand,10.5,Content Manager OnDemand,green,exact,"Exact match: product='content manager ondemand', version='10.5.x'"
Envizi ESG Suite,nan,Envizi ESG Suite,blue,no_match,Empty or null version
ProLiant DL Series Servers,nan,ProLiant DL Series Servers,blue,no_match,Empty or null version
z16,nan,z16,blue,no_match,Empty or null version
TS4500 Tape Library,nan,TS4500 Tape Library,blue,no_match,Empty or null version
TS7700,nan,TS7700,blue,no_match,Empty or null version
SPSS Licensing,nan,SPSS Licensing,blue,no_match,Empty or null version
OpenPages,9.2.0,OpenPages,green,substring,"Substring match: found 'openpages' in 'ibm openpages', version='9.2.x'"
Master Data Management SE,nan,Master Data Management SE,blue,no_match,Empty or null version
Elastic Storage System Hardware,nan,Elastic Storage System Hardware,blue,no_match,Empty or null version
Vault Self-Managed,1.18.15,Vault Self-Managed,blue,no_match,"No match found for product 'Vault Self-Managed' (mapped from 'Vault Self-Managed'), version '1.18.15'"
Power System S1014 Server,nan,Power System S1014 Server,blue,no_match,Empty or null version
Macbook Air,nan,Macbook Air,blue,no_match,Empty or null version
z15 T02,nan,z15 T02,blue,no_match,Empty or null version
Video Streaming,nan,Video Streaming,blue,no_match,Empty or null version
Cognos Analytics,12.1.1,IBM Cognos Analytics,green,exact,"Exact match: product='ibm cognos analytics', version='12.1.x'"
Verify Identity Access,V.10.0.2,Verify Identity Access,blue,no_match,"No match found for product 'Verify Identity Access' (mapped from 'Verify Identity Access'), version 'v.10.0.2'"
Db2 Warehouse as a Service,nan,Db2 Warehouse as a Service,blue,no_match,Empty or null version
Spectrum LSF,10.1,Spectrum LSF,green,substring,"Substring match: found 'spectrum lsf' in 'ibm spectrum lsf', version='10.1.x'"
ProLiant ML Series Servers,nan,ProLiant ML Series Servers,blue,no_match,Empty or null version
Maximo Application Suite on Cloud,9.1.0,Maximo Application Suite on Cloud,blue,no_match,"No match found for product 'Maximo Application Suite on Cloud' (mapped from 'Maximo Application Suite on Cloud'), version '9.1.0'"
Cloud Pak for Business Automation as a Service,nan,Cloud Pak for Business Automation as a Service,blue,no_match,Empty or null version
TS1160 Tape Drive,nan,TS1160 Tape Drive,blue,no_match,Empty or null version
SAN Volume Controller,nan,SAN Volume Controller,blue,no_match,Empty or null version
Subscription and Subscriber Management,nan,Subscription and Subscriber Management,blue,no_match,Empty or null version
Analytics Cloud Service,nan,Analytics Cloud Service,blue,no_match,Empty or null version
PowerEdge Server,nan,PowerEdge Server,blue,no_match,Empty or null version
Trusteer Pinpoint Detect,nan,Trusteer Pinpoint Detect,blue,no_match,Empty or null version
WebSphere Application Server,Liberty,WebSphere Application Server,blue,no_match,"No match found for product 'WebSphere Application Server' (mapped from 'WebSphere Application Server'), version 'liberty'"
IBM Technology Zone,nan,IBM Technology Zone,blue,no_match,Empty or null version
z14 ZR1,nan,z14 ZR1,blue,no_match,Empty or null version
z13,nan,z13,blue,no_match,Empty or null version
Power System S1022 Server,nan,Power System S1022 Server,blue,no_match,Empty or null version
DS8A00,nan,DS8A00,blue,no_match,Empty or null version
LiveWork,nan,LiveWork,blue,no_match,Empty or null version
Power System S914 Server,nan,Power System S914 Server,blue,no_match,Empty or null version
Sterling B2B Integrator,6.2.1,IBM Sterling B2B Integrator,green,substring,"Substring match: found 'ibm sterling b2b integrator' in 'ibm sterling b2b integrator', version='6.2.x'"
FlashSystem 9100,nan,FlashSystem 9100,blue,no_match,Empty or null version
Storage Protect,8.1.0.0,Storage Protect,green,substring,"Substring match: found 'storage protect' in 'ibm storage protect', version='8.1.x'"
Cloud Infrastructure Center,1.2.5 for IBM Z and LinuxONE,Cloud Infrastructure Center,green,substring,"Substring match: found 'cloud infrastructure center' in 'ibm cloud infrastructure center', version='1.2.x'"
Bob,nan,Bob,blue,no_match,Empty or null version
MQ,9.3 LTS,IBM MQ,blue,no_match,"No match found for product 'IBM MQ' (mapped from 'MQ'), version '9.3 lts'"
Laptop Personal Computers,nan,Laptop Personal Computers,blue,no_match,Empty or null version
MaaS360,nan,MaaS360,blue,no_match,Empty or null version
Macbook Pro,nan,Macbook Pro,blue,no_match,Empty or null version
Targetprocess,nan,Targetprocess,blue,no_match,Empty or null version
IBM i,7.5,IBM i,green,exact,"Exact match: product='ibm i', version='7.5.x'"
Cloud Pak for AIOps,4.10.1,Cloud Pak for AIOps,green,wildcard,Wildcard match: version '4.10.1' matches pattern '4.x' in 'ibm cloud pak for aiops'
Apptio,nan,Apptio,blue,no_match,Empty or null version
MQ,9.4 LTS,IBM MQ,blue,no_match,"No match found for product 'IBM MQ' (mapped from 'MQ'), version '9.4 lts'"
Installation & De-Installation Project Services,nan,Installation & De-Installation Project Services,blue,no_match,Empty or null version
DataPower,10.6.0,DataPower,green,substring,"Substring match: found 'datapower' in 'ibm datapower gateway x2', version='10.6.x'"
AIX,7.2,AIX,green,exact,"Exact match: product='aix', version='7.2.0'"
Workload Scheduler,10.1 on-prem,Workload Scheduler,blue,no_match,"No match found for product 'Workload Scheduler' (mapped from 'Workload Scheduler'), version '10.1 on-prem'"
Operational Decision Manager,9.5.0.1,Operational Decision Manager,green,substring,"Substring match: found 'operational decision manager' in 'ibm operational decision manager', version='9.5.x'"
Cloud Object Storage,3.19.2.52,Cloud Object Storage,blue,no_match,"No match found for product 'Cloud Object Storage' (mapped from 'Cloud Object Storage'), version '3.19.2.52'"
InfoSphere Information Server: Data Integration (DataStage),11.7.1,InfoSphere Information Server: Data Integration (DataStage),blue,no_match,"No match found for product 'InfoSphere Information Server: Data Integration (DataStage)' (mapped from 'InfoSphere Information Server: Data Integration (DataStage)'), version '11.7.1'"
Guardium Data Protection,12.1,Guardium Data Protection,orange,substring,"Substring match: found 'guardium data protection' in 'ibm security guardium data protection for nas', version='12.1.x'"
FlashSystem 9200,8.7,FlashSystem 9200,blue,no_match,"No match found for product 'FlashSystem 9200' (mapped from 'FlashSystem 9200'), version '8.7'"
Desktop Personal Computers,nan,Desktop Personal Computers,blue,no_match,Empty or null version
Db2 Log Analysis Tool for z/OS,3.5,Db2 Log Analysis Tool for z/OS,green,substring,"Substring match: found 'db2 log analysis tool for z/os' in 'ibm db2 log analysis tool for z/os', version='3.5.0'"
FlashSystem 5000,8.6,FlashSystem 5000,blue,no_match,"No match found for product 'FlashSystem 5000' (mapped from 'FlashSystem 5000'), version '8.6'"
Verify Identity Access,11.0.2,Verify Identity Access,green,substring,"Substring match: found 'verify identity access' in 'ibm verify identity access', version='11.0.x'"
Vault Self-Managed,1.19.15,Vault Self-Managed,green,substring,"Substring match: found 'vault self-managed' in 'ibm vault self-managed', version='1.19.x'"
QRadar SIEM,7.5.0.0,IBM Security QRadar SIEM,green,exact,"Exact match: product='ibm security qradar siem', version='7.5.x'"
Storage Fusion HCI Physical Appliance,2.10.0,Storage Fusion HCI Physical Appliance,blue,no_match,"No match found for product 'Storage Fusion HCI Physical Appliance' (mapped from 'Storage Fusion HCI Physical Appliance'), version '2.10.0'"
Cloud Pak for Data,5.3.1,Cloud Pak for Data,green,wildcard,Wildcard match: version '5.3.1' matches pattern '5.x.x' in 'ibm cloud pak for data'
Storage Protect,8.1.27.0,Storage Protect,green,substring,"Substring match: found 'storage protect' in 'ibm storage protect', version='8.1.x'"
Hardware Management Console Application,V10 R1 Virtual Appliance,Hardware Management Console Application,blue,no_match,"No match found for product 'Hardware Management Console Application' (mapped from 'Hardware Management Console Application'), version 'v10 r1 virtual appliance'"
Support Insights,nan,Support Insights,blue,no_match,Empty or null version
Cloud Pak for Business Automation,25.0.0,Cloud Pak for Business Automation,green,substring,"Substring match: found 'cloud pak for business automation' in 'ibm cloud pak for business automation', version='25.0.x'"
Storwize V7000,nan,Storwize V7000,blue,no_match,Empty or null version
Field Project Services,nan,Field Project Services,blue,no_match,Empty or null version
Planning Analytics Local,2.1.13,Planning Analytics Local,green,substring,"Substring match: found 'planning analytics local' in 'ibm planning analytics local', version='2.1.x'"
Turbonomic SaaS,SaaS,Turbonomic SaaS,blue,no_match,"No match found for product 'Turbonomic SaaS' (mapped from 'Turbonomic SaaS'), version 'saas'"
Netcool/OMNIbus,8.1.0.11,Netcool/OMNIbus,red,exact,"Exact match: product='netcool/omnibus', version='8.1.x'"
Power System E870 Server,nan,Power System E870 Server,blue,no_match,Empty or null version
IBMid Enterprise Federation,nan,IBMid Enterprise Federation,blue,no_match,Empty or null version
Power System 740 Server,nan,Power System 740 Server,blue,no_match,Empty or null version
DevOps Deploy,8.0.0.1,DevOps Deploy,green,substring,"Substring match: found 'devops deploy' in 'ibm devops deploy', version='8.0.x'"
Db2 for z/OS,13,Db2 for z/OS,blue,no_match,"No match found for product 'Db2 for z/OS' (mapped from 'Db2 for z/OS'), version '13'"
Storwize V5000e,8.2,Storwize V5000e,blue,no_match,"No match found for product 'Storwize V5000e' (mapped from 'Storwize V5000e'), version '8.2'"
Terminals for Attractive Customer Experience Passbook Printer,nan,Terminals for Attractive Customer Experience Passbook Printer,blue,no_match,Empty or null version
Maximo Renewables,nan,Maximo Renewables,blue,no_match,Empty or null version
Flexera One,23.1.0,Flexera One,green,substring,"Substring match: found 'flexera one' in 'flexera one with ibm observability', version='23.1.x'"
Thin Client Series Personal Computers,nan,Thin Client Series Personal Computers,blue,no_match,Empty or null version
App Connect Enterprise,12.0.11,App Connect Enterprise,green,substring,"Substring match: found 'app connect enterprise' in 'ibm app connect enterprise', version='12.0.x'"
Storage Protect Plus,10.1.16,Storage Protect Plus,green,substring,"Substring match: found 'storage protect plus' in 'ibm storage protect plus', version='10.1.x'"
FlashSystem 5000,Unknown,FlashSystem 5000,blue,no_match,"No match found for product 'FlashSystem 5000' (mapped from 'FlashSystem 5000'), version 'unknown'"
Power System S824 Server,nan,Power System S824 Server,blue,no_match,Empty or null version
FlashSystem 5200,8.6,FlashSystem 5200,blue,no_match,"No match found for product 'FlashSystem 5200' (mapped from 'FlashSystem 5200'), version '8.6'"
WebSphere Application Server,9.0.x ND on IBM i,WebSphere Application Server,green,exact,"Exact match: product='websphere application server', version='9.0.x'"
Planning Analytics Local,2.1.19,Planning Analytics Local,green,substring,"Substring match: found 'planning analytics local' in 'ibm planning analytics local', version='2.1.x'"
Cloud Pak for Data,5.2.2,Cloud Pak for Data,green,wildcard,Wildcard match: version '5.2.2' matches pattern '5.x.x' in 'ibm cloud pak for data'
Cloud Object Storage,3.18.2.87,Cloud Object Storage,green,substring,"Substring match: found 'cloud object storage' in 'ibm cloud object storage system', version='3.18.x'"
Instana Observability SaaS,SaaS,Instana Observability SaaS,green,substring,"Substring match: found 'instana observability saas' in 'ibm instana observability saas', version='saas'"
Datacap,9.1.10,Datacap,green,substring,"Substring match: found 'datacap' in 'ibm datacap', version='9.1.x'"
Vault Self-Managed,1.19.10,Vault Self-Managed,green,substring,"Substring match: found 'vault self-managed' in 'ibm vault self-managed', version='1.19.x'"
Cloudability,nan,Cloudability,blue,no_match,Empty or null version
Sterling B2B Integration SaaS Premium,nan,Sterling B2B Integration SaaS Premium,blue,no_match,Empty or null version
Power System E980 Server,nan,Power System E980 Server,blue,no_match,Empty or null version
FlashSystem 7200,8.7,FlashSystem 7200,blue,no_match,"No match found for product 'FlashSystem 7200' (mapped from 'FlashSystem 7200'), version '8.7'"
DevOps Deploy,8.0.0.0,DevOps Deploy,green,substring,"Substring match: found 'devops deploy' in 'ibm devops deploy', version='8.0.x'"
Data Replication,nan,Data Replication,blue,no_match,Empty or null version
Cloud Pak for Data,5.0.0,Cloud Pak for Data,green,wildcard,Wildcard match: version '5.0.0' matches pattern '5.x.x' in 'ibm cloud pak for data'
Siebel,nan,Siebel,blue,no_match,Empty or null version
API Connect,10.0.8,API Connect,green,substring,"Substring match: found 'api connect' in 'ibm api connect', version='10.0.x'"
VSP,nan,VSP,blue,no_match,Empty or null version
Spectrum Virtualize for FlashSystem 7000 ,8.6,Spectrum Virtualize for FlashSystem 7000 ,blue,no_match,"No match found for product 'Spectrum Virtualize for FlashSystem 7000 ' (mapped from 'Spectrum Virtualize for FlashSystem 7000 '), version '8.6'"
Best Effort,nan,Best Effort,blue,no_match,Empty or null version
App Connect Enterprise,13.0.4,App Connect Enterprise,green,substring,"Substring match: found 'app connect enterprise' in 'ibm app connect enterprise', version='13.0.x'"
Engineering Lifecycle Management Base,7.1.0,Engineering Lifecycle Management Base,green,substring,"Substring match: found 'engineering lifecycle management base' in 'ibm engineering lifecycle management base', version='7.1.0'"
WebSphere Application Server,8.5.x,WebSphere Application Server,green,exact,"Exact match: product='websphere application server', version='8.5.x'"
Storage Protect,8.2.0,Storage Protect,green,substring,"Substring match: found 'storage protect' in 'ibm storage protect', version='8.2.0'"
Router Series,nan,Router Series,blue,no_match,Empty or null version
Facilities and Real Estate Management on Cloud (TRIRIGA),nan,Facilities and Real Estate Management on Cloud (TRIRIGA),blue,no_match,Empty or null version
DIDO Controller,nan,DIDO Controller,blue,no_match,Empty or null version
Power System S1024 Server,nan,Power System S1024 Server,blue,no_match,Empty or null version
TS4300 Tape Library,nan,TS4300 Tape Library,blue,no_match,Empty or null version
Planning Analytics Local,2.1.9,Planning Analytics Local,green,substring,"Substring match: found 'planning analytics local' in 'ibm planning analytics local', version='2.1.x'"
Premium Operations Linux,nan,Premium Operations Linux,blue,no_match,Empty or null version
Planning Analytics on Cloud,nan,Planning Analytics on Cloud,blue,no_match,Empty or null version
ApplinX,10.15,ApplinX,blue,no_match,"No match found for product 'ApplinX' (mapped from 'ApplinX'), version '10.15'"
Power System E1080 Server,nan,Power System E1080 Server,blue,no_match,Empty or null version
FlashSystem 7200,nan,FlashSystem 7200,blue,no_match,Empty or null version
z/OS,2.3.0 (EOS - Sept 2022),z/OS,red,exact,"Exact match: product='z/os', version='2.3.x'"
Power System S1022s Server,nan,Power System S1022s Server,blue,no_match,Empty or null version
Nexus Series,nan,Nexus Series,blue,no_match,Empty or null version
Power System S924 Server,nan,Power System S924 Server,blue,no_match,Empty or null version
Power System 720 Server,nan,Power System 720 Server,blue,no_match,Empty or null version
Power System S1122 Server,nan,Power System S1122 Server,blue,no_match,Empty or null version
TS1070 Tape Drive,nan,TS1070 Tape Drive,blue,no_match,Empty or null version
CICS Transaction Server,CICS TS 6.2,CICS Transaction Server for z/OS,blue,no_match,"No match found for product 'CICS Transaction Server for z/OS' (mapped from 'CICS Transaction Server'), version 'cics ts 6.2'"
FlashSystem 5100,nan,FlashSystem 5100,blue,no_match,Empty or null version
Sterling Control Center,6.4.0.0,Sterling Control Center,green,substring,"Substring match: found 'sterling control center' in 'ibm sterling control center monitor', version='6.4.x'"
Storage Fusion,2.12.0,Storage Fusion,blue,no_match,"No match found for product 'Storage Fusion' (mapped from 'Storage Fusion'), version '2.12.0'"
Cloud Pak for Applications,other,Cloud Pak for Applications,blue,no_match,"No match found for product 'Cloud Pak for Applications' (mapped from 'Cloud Pak for Applications'), version 'other'"
Informix Dynamic Server,IDS 14.10.xC13,IBM Informix Advanced Enterprise Edition,blue,no_match,"No match found for product 'IBM Informix Advanced Enterprise Edition' (mapped from 'Informix Dynamic Server'), version 'ids 14.10.xc13'"
SAN c-type Collection,nan,SAN c-type Collection,blue,no_match,Empty or null version
Aspera,5.0.4,Aspera,blue,no_match,"No match found for product 'Aspera' (mapped from 'Aspera'), version '5.0.4'"
Power System S814 Server,nan,Power System S814 Server,blue,no_match,Empty or null version
Db2 as a Service,nan,Db2 as a Service,blue,no_match,Empty or null version
FlashSystem 7300,nan,FlashSystem 7300,blue,no_match,Empty or null version
License Metric Tool,9.2.4,License Metric Tool,green,substring,"Substring match: found 'license metric tool' in 'ibm license metric tool', version='9.2.x'"
Hardware Management Console Application,V11 R1 M1111,Hardware Management Console Application,blue,no_match,"No match found for product 'Hardware Management Console Application' (mapped from 'Hardware Management Console Application'), version 'v11 r1 m1111'"
FlashSystem 7200,8.5,FlashSystem 7200,blue,no_match,"No match found for product 'FlashSystem 7200' (mapped from 'FlashSystem 7200'), version '8.5'"
Sterling Connect Direct,C:D UNIX 6.4,IBM Sterling Connect:Direct for UNIX,blue,no_match,"No match found for product 'IBM Sterling Connect:Direct for UNIX' (mapped from 'Sterling Connect Direct'), version 'c:d unix 6.4'"
Copy Services Manager,6.3.14.0,Copy Services Manager,green,substring,"Substring match: found 'copy services manager' in 'ibm copy services manager', version='6.3.x'"
Diamondback Tape Library,nan,Diamondback Tape Library,blue,no_match,Empty or null version
SAN b-type Collection,nan,SAN b-type Collection,blue,no_match,Empty or null version
Power System E1050 Server,nan,Power System E1050 Server,blue,no_match,Empty or null version
FlashSystem 9500,nan,FlashSystem 9500,blue,no_match,Empty or null version
Business Automation Workflow,25.0.0,Business Automation Workflow,green,substring,"Substring match: found 'business automation workflow' in 'ibm business automation workflow', version='25.0.x'"
Storage Protect for Virtual Environments,8.1,Storage Protect for Virtual Environments,green,substring,"Substring match: found 'storage protect for virtual environments' in 'ibm storage protect for virtual environments', version='8.1.x'"
TS1080 Tape Drive,nan,TS1080 Tape Drive,blue,no_match,Empty or null version
FlashSystem 9600,nan,FlashSystem 9600,blue,no_match,Empty or null version
Nexus 9200 FX3 Switch for IBM System Storage,nan,Nexus 9200 FX3 Switch for IBM System Storage,blue,no_match,Empty or null version
Storwize V5000,Unknown,Storwize V5000,blue,no_match,"No match found for product 'Storwize V5000' (mapped from 'Storwize V5000'), version 'unknown'"
TS3500 Tape Library,nan,TS3500 Tape Library,blue,no_match,Empty or null version
Hardware Management Console Application,V10 R3 M1063,Hardware Management Console Application,blue,no_match,"No match found for product 'Hardware Management Console Application' (mapped from 'Hardware Management Console Application'), version 'v10 r3 m1063'"
watsonx BI as a Service,nan,watsonx BI as a Service,blue,no_match,Empty or null version
QRadar SIEM,7.5.0.12,IBM Security QRadar SIEM,green,exact,"Exact match: product='ibm security qradar siem', version='7.5.x'"
Terminals for Attractive Customer Experience Keyboard,nan,Terminals for Attractive Customer Experience Keyboard,blue,no_match,Empty or null version
"Db2 Linux, Unix and Windows",12.1,"Db2 Linux, Unix and Windows",blue,no_match,"No match found for product 'Db2 Linux, Unix and Windows' (mapped from 'Db2 Linux, Unix and Windows'), version '12.1'"
Instana Observability,SaaS,Instana Observability,blue,no_match,"No match found for product 'Instana Observability' (mapped from 'Instana Observability'), version 'saas'"
Cognos Analytics,12.1.0,IBM Cognos Analytics,green,exact,"Exact match: product='ibm cognos analytics', version='12.1.x'"
QRadar SIEM,7.5.0.7,IBM Security QRadar SIEM,green,exact,"Exact match: product='ibm security qradar siem', version='7.5.x'"
Sterling Connect Direct,C:D UNIX 6.3,IBM Sterling Connect:Direct for UNIX,blue,no_match,"No match found for product 'IBM Sterling Connect:Direct for UNIX' (mapped from 'Sterling Connect Direct'), version 'c:d unix 6.3'"
TS1155 Tape Drive,nan,TS1155 Tape Drive,blue,no_match,Empty or null version
Retail Systems,nan,Retail Systems,blue,no_match,Empty or null version
Storwize V7000,8.4,Storwize V7000,blue,no_match,"No match found for product 'Storwize V7000' (mapped from 'Storwize V7000'), version '8.4'"
License Metric Tool,9.2.43,License Metric Tool,green,substring,"Substring match: found 'license metric tool' in 'ibm license metric tool', version='9.2.x'"
Cloud Object Storage,3.19.5.53,Cloud Object Storage,blue,no_match,"No match found for product 'Cloud Object Storage' (mapped from 'Cloud Object Storage'), version '3.19.5.53'"
DataPower,10.5.0,DataPower,orange,substring,"Substring match: found 'datapower' in 'ibm datapower gateway x2', version='10.5.x'"
Delivery SCBN Premium,nan,Delivery SCBN Premium,blue,no_match,Empty or null version
SPSS Digital,nan,SPSS Digital,blue,no_match,Empty or null version
Cloud Pak for Business Automation,24.0.1,Cloud Pak for Business Automation,green,substring,"Substring match: found 'cloud pak for business automation' in 'ibm cloud pak for business automation', version='24.0.x'"
Order Management On Cloud,26.2,Order Management On Cloud,green,saas,SaaS product in green dict
QRadar SIEM,7.5.0.11,IBM Security QRadar SIEM,green,exact,"Exact match: product='ibm security qradar siem', version='7.5.x'"
Cloud Pak for Integration,16.1.0,Cloud Pak for Integration,green,substring,"Substring match: found 'cloud pak for integration' in 'ibm cloud pak for integration', version='16.1.0'"
Cloud Pak for Data System,1.0.9.0,Cloud Pak for Data System,red,substring,"Substring match: found 'cloud pak for data system' in 'ibm cloud pak for data system for federal and finance', version='1.0.x'"
Safer Payments,6.6.0,Safer Payments,green,substring,"Substring match: found 'safer payments' in 'ibm safer payments', version='6.6.x'"
Verify Identity Access,V.11.0.0,Verify Identity Access,green,wildcard,Wildcard match: version 'v.11.0.0' matches pattern '11.0.x' in 'ibm verify identity access'
Business Automation Workflow on Cloud,nan,Business Automation Workflow on Cloud,blue,no_match,Empty or null version
Fire Servers,nan,Fire Servers,blue,no_match,Empty or null version
watsonx Orchestrate on IBM Cloud,nan,watsonx Orchestrate on IBM Cloud,blue,no_match,Empty or null version
Cloudera Data Platform Private Cloud,7.1.9,Cloudera Data Platform Private Cloud,red,major.minor,Major.minor match: '7.1.9' matches '7.1.1' in 'cloudera data platform private cloud base with ibm'
Flash Storage System,nan,Flash Storage System,blue,no_match,Empty or null version
PowerVM / VIOS,4.1.2.0,PowerVM,green,major.minor,Major.minor match: '4.1.2.0' matches '4.1.0' in 'powervm'
InfoSphere Virtual Data Pipeline,nan,InfoSphere Virtual Data Pipeline,blue,no_match,Empty or null version
Z OMEGAMON AI for Db2,6.1,Z OMEGAMON AI for Db2,green,substring,"Substring match: found 'z omegamon ai for db2' in 'ibm z omegamon ai for db2', version='6.1'"
MANTA Automated Data Lineage for IBM Cloud Pak for Data,nan,MANTA Automated Data Lineage for IBM Cloud Pak for Data,blue,no_match,Empty or null version
Sterling B2B Integrator,6.2.2,IBM Sterling B2B Integrator,green,substring,"Substring match: found 'ibm sterling b2b integrator' in 'ibm sterling b2b integrator', version='6.2.x'"
Tivoli Monitoring,nan,Tivoli Monitoring,blue,no_match,Empty or null version
webMethods Integration,10.11,webMethods Integration,blue,no_match,"No match found for product 'webMethods Integration' (mapped from 'webMethods Integration'), version '10.11'"
QRadar SIEM,7.5.0.9,IBM Security QRadar SIEM,green,exact,"Exact match: product='ibm security qradar siem', version='7.5.x'"
Catalyst,nan,Catalyst,blue,no_match,Empty or null version
watsonx Orchestrate,nan,watsonx Orchestrate,blue,no_match,Empty or null version
Business Automation Manager Open Editions,8.0.5,Business Automation Manager Open Editions,green,wildcard,Wildcard match: version '8.0.5' matches pattern '8.x' in 'ibm business automation manager open editions'
Power System E950 Server,nan,Power System E950 Server,blue,no_match,Empty or null version
QRadar SIEM,7.5.0.6,IBM Security QRadar SIEM,green,exact,"Exact match: product='ibm security qradar siem', version='7.5.x'"
Maximo Inventory Optimization,nan,Maximo Inventory Optimization,blue,no_match,Empty or null version
z/OS,3.2.0,z/OS,green,exact,"Exact match: product='z/os', version='3.2.0'"
Catalyst Switch,nan,Catalyst Switch,blue,no_match,Empty or null version
FlashSystem 5000,8.7,FlashSystem 5000,blue,no_match,"No match found for product 'FlashSystem 5000' (mapped from 'FlashSystem 5000'), version '8.7'"
FlashSystem 5200,8.7,FlashSystem 5200,blue,no_match,"No match found for product 'FlashSystem 5200' (mapped from 'FlashSystem 5200'), version '8.7'"
Consulting Advantage,nan,Consulting Advantage,blue,no_match,Empty or null version
FlashSystem 9200,nan,FlashSystem 9200,blue,no_match,Empty or null version
SAN Volume Controller,8.7,SAN Volume Controller,blue,no_match,"No match found for product 'SAN Volume Controller' (mapped from 'SAN Volume Controller'), version '8.7'"
FlashSystem 5200,Unknown,FlashSystem 5200,blue,no_match,"No match found for product 'FlashSystem 5200' (mapped from 'FlashSystem 5200'), version 'unknown'"
API Connect,10.0.5,API Connect,green,substring,"Substring match: found 'api connect' in 'ibm api connect', version='10.0.x'"
Storage Insights,nan,Storage Insights,blue,no_match,Empty or null version
Maximo Application Suite,9.1.0,Maximo Application Suite,green,substring,"Substring match: found 'maximo application suite' in 'ibm maximo application suite', version='9.1.x'"
Master Data Management AE,nan,Master Data Management AE,blue,no_match,Empty or null version
Maximo Asset Management,7.6.1.2,Maximo Asset Management,red,major.minor,Major.minor match: '7.6.1.2' matches '7.6.0.x' in 'ibm maximo asset management'
Verify Identity Access,V.10.0.7,Verify Identity Access,blue,no_match,"No match found for product 'Verify Identity Access' (mapped from 'Verify Identity Access'), version 'v.10.0.7'"
Db2 pureScale,11.5,Db2 pureScale,blue,no_match,"No match found for product 'Db2 pureScale' (mapped from 'Db2 pureScale'), version '11.5'"
Storage Scale System Software,Storage Scale System Data Management Edition v5.2.3,Storage Scale System Software,green,wildcard,Wildcard match: version 'storage scale system data management edition v5.2.3' matches pattern '5.2.x' in 'ibm storage scale system software data access edition'
WebSphere Liberty Core,25.x Liberty,WebSphere Application Server Liberty Core,blue,no_match,"No match found for product 'WebSphere Application Server Liberty Core' (mapped from 'WebSphere Liberty Core'), version '25.x liberty'"
ThinkSystem SR V1 Series Server,nan,ThinkSystem SR V1 Series Server,blue,no_match,Empty or null version
webMethods Integration,10.15,webMethods Integration,blue,no_match,"No match found for product 'webMethods Integration' (mapped from 'webMethods Integration'), version '10.15'"
FlashSystem 5000,8.4,FlashSystem 5000,blue,no_match,"No match found for product 'FlashSystem 5000' (mapped from 'FlashSystem 5000'), version '8.4'"
PowerVM / VIOS,3.1.4.10,PowerVM,blue,no_match,"No match found for product 'PowerVM' (mapped from 'PowerVM / VIOS'), version '3.1.4.10'"
Storage Protect,8.1.19.0,Storage Protect,green,substring,"Substring match: found 'storage protect' in 'ibm storage protect', version='8.1.x'"
FlashSystem 5100,Unknown,FlashSystem 5100,blue,no_match,"No match found for product 'FlashSystem 5100' (mapped from 'FlashSystem 5100'), version 'unknown'"
FlashSystem 7200,Unknown,FlashSystem 7200,blue,no_match,"No match found for product 'FlashSystem 7200' (mapped from 'FlashSystem 7200'), version 'unknown'"
Storage Protect,8.1.17.0,Storage Protect,green,substring,"Substring match: found 'storage protect' in 'ibm storage protect', version='8.1.x'"
WebSphere Hybrid Edition,nan,WebSphere Hybrid Edition,blue,no_match,Empty or null version
Storwize V5000e,Unknown,Storwize V5000e,blue,no_match,"No match found for product 'Storwize V5000e' (mapped from 'Storwize V5000e'), version 'unknown'"
Terraform Self-Managed,202505-1,Terraform Self-Managed,green,wildcard,Wildcard match: version '202505-1' matches pattern '2.x.x' in 'ibm terraform self-managed'
Storage Protect,8.1.10.0,Storage Protect,green,substring,"Substring match: found 'storage protect' in 'ibm storage protect', version='8.1.x'"
Terraform,nan,Terraform,blue,no_match,Empty or null version
FlashSystem 9100,8.6,FlashSystem 9100,blue,no_match,"No match found for product 'FlashSystem 9100' (mapped from 'FlashSystem 9100'), version '8.6'"
Cloud Pak for AIOps,4.12.0,Cloud Pak for AIOps,green,wildcard,Wildcard match: version '4.12.0' matches pattern '4.x' in 'ibm cloud pak for aiops'
Cognos Analytics,12.1.2,IBM Cognos Analytics,green,exact,"Exact match: product='ibm cognos analytics', version='12.1.x'"
Guardium Data Protection,12.2,Guardium Data Protection,green,substring,"Substring match: found 'guardium data protection' in 'ibm guardium data protection', version='12.2.x'"
Verify Identity Access,V.10.0.9,Verify Identity Access,blue,no_match,"No match found for product 'Verify Identity Access' (mapped from 'Verify Identity Access'), version 'v.10.0.9'"
MongoDB,nan,MongoDB,blue,no_match,Empty or null version
License Metric Tool,9.2.40,License Metric Tool,green,substring,"Substring match: found 'license metric tool' in 'ibm license metric tool', version='9.2.x'"
Cloud Object Storage,Unknown / Not Listed,Cloud Object Storage,blue,no_match,"No match found for product 'Cloud Object Storage' (mapped from 'Cloud Object Storage'), version 'unknown / not listed'"
Tivoli Composite Application Manager for Applications,720,Tivoli Composite Application Manager for Applications,blue,no_match,"No match found for product 'Tivoli Composite Application Manager for Applications' (mapped from 'Tivoli Composite Application Manager for Applications'), version '720'"
Point of Sale Monitor,nan,Point of Sale Monitor,blue,no_match,Empty or null version
Trusteer Rapport,nan,Trusteer Rapport,blue,no_match,Empty or null version
SUSE Linux Enterprise Server,15.x,SUSE Linux Enterprise Server,blue,no_match,"No match found for product 'SUSE Linux Enterprise Server' (mapped from 'SUSE Linux Enterprise Server'), version '15.x'"
Storage Protect,8.1.9.0,Storage Protect,green,substring,"Substring match: found 'storage protect' in 'ibm storage protect', version='8.1.x'"
iPhone,nan,iPhone,blue,no_match,Empty or null version
Content Collector,4.0.1,Content Collector,green,substring,"Substring match: found 'content collector' in 'ibm content collector', version='4.0.x'"
QRadar SIEM,7.5.0.13,IBM Security QRadar SIEM,green,exact,"Exact match: product='ibm security qradar siem', version='7.5.x'"
Robotic Process Automation,23.0.20,IBM Robotic Process Automation,green,exact,"Exact match: product='ibm robotic process automation', version='23.0.x'"
InfoSphere Information Server: Generic,11.7.1,InfoSphere Information Server: Generic,blue,no_match,"No match found for product 'InfoSphere Information Server: Generic' (mapped from 'InfoSphere Information Server: Generic'), version '11.7.1'"
Security Verify Privilege,11.6.3,Security Verify Privilege,green,substring,"Substring match: found 'security verify privilege' in 'ibm security verify privilege', version='11.6.3'"
Hardware Management Console Application,V10 R2 Physical Appliance Only,Hardware Management Console Application,blue,no_match,"No match found for product 'Hardware Management Console Application' (mapped from 'Hardware Management Console Application'), version 'v10 r2 physical appliance only'"
FlashSystem 5200,nan,FlashSystem 5200,blue,no_match,Empty or null version
Turbonomic On-Premises,8.19,Turbonomic On-Premises,blue,no_match,"No match found for product 'Turbonomic On-Premises' (mapped from 'Turbonomic On-Premises'), version '8.19'"
PowerVM / VIOS,3.1.4.60,PowerVM,blue,no_match,"No match found for product 'PowerVM' (mapped from 'PowerVM / VIOS'), version '3.1.4.60'"
GDPS (Geographically Dispersed Parallel Sysplex),V4R9,GDPS (Geographically Dispersed Parallel Sysplex),blue,no_match,"No match found for product 'GDPS (Geographically Dispersed Parallel Sysplex)' (mapped from 'GDPS (Geographically Dispersed Parallel Sysplex)'), version 'v4r9'"
Appliances,nan,Appliances,blue,no_match,Empty or null version
Sterling B2B Integrator,6.2.0,IBM Sterling B2B Integrator,green,substring,"Substring match: found 'ibm sterling b2b integrator' in 'ibm sterling b2b integrator', version='6.2.x'"
Storwize V5000e,8.5,Storwize V5000e,blue,no_match,"No match found for product 'Storwize V5000e' (mapped from 'Storwize V5000e'), version '8.5'"
eCare: Passport Advantage,nan,eCare: Passport Advantage,blue,no_match,Empty or null version
QRadar SIEM,7.5.0.14,IBM Security QRadar SIEM,green,exact,"Exact match: product='ibm security qradar siem', version='7.5.x'"
FlashSystem 5000,9.1,FlashSystem 5000,blue,no_match,"No match found for product 'FlashSystem 5000' (mapped from 'FlashSystem 5000'), version '9.1'"
Storage Scale System Software,Storage Scale System Software Data Management Edition 5.1.9,Storage Scale System Software,blue,no_match,"No match found for product 'Storage Scale System Software' (mapped from 'Storage Scale System Software'), version 'storage scale system software data management edition 5.1.9'"
webMethods Hybrid Integration SaaS,nan,webMethods Hybrid Integration SaaS,blue,no_match,Empty or null version
ThinkSystem Series Storage,nan,ThinkSystem Series Storage,blue,no_match,Empty or null version
Tivoli Composite Application Manager for Applications,710,Tivoli Composite Application Manager for Applications,blue,no_match,"No match found for product 'Tivoli Composite Application Manager for Applications' (mapped from 'Tivoli Composite Application Manager for Applications'), version '710'"
Salesforce Internal Support,nan,Salesforce Internal Support,blue,no_match,Empty or null version
Vault Self-Managed,1.19.14,Vault Self-Managed,green,substring,"Substring match: found 'vault self-managed' in 'ibm vault self-managed', version='1.19.x'"
SevOne Network Performance Management,7.0.1,SevOne Network Performance Management,green,wildcard,Wildcard match: version '7.0.1' matches pattern '7.x' in 'ibm sevone network performance management'
Informix Dynamic Server,IDS 14.10.xC4,IBM Informix Advanced Enterprise Edition,blue,no_match,"No match found for product 'IBM Informix Advanced Enterprise Edition' (mapped from 'Informix Dynamic Server'), version 'ids 14.10.xc4'"
Power System S822 Server,nan,Power System S822 Server,blue,no_match,Empty or null version
Storwize V7000,8.5,Storwize V7000,blue,no_match,"No match found for product 'Storwize V7000' (mapped from 'Storwize V7000'), version '8.5'"
OpenPages on Cloud,9.1.2,OpenPages on Cloud,blue,no_match,"No match found for product 'OpenPages on Cloud' (mapped from 'OpenPages on Cloud'), version '9.1.2'"
License Metric Tool,9.2.42,License Metric Tool,green,substring,"Substring match: found 'license metric tool' in 'ibm license metric tool', version='9.2.x'"
SUSE Linux Enterprise Server for SAP Applications,15.x,SUSE Linux Enterprise Server for SAP Applications,blue,no_match,"No match found for product 'SUSE Linux Enterprise Server for SAP Applications' (mapped from 'SUSE Linux Enterprise Server for SAP Applications'), version '15.x'"
Aironet Series,nan,Aironet Series,blue,no_match,Empty or null version
Data Replication for z/OS,nan,Data Replication for z/OS,blue,no_match,Empty or null version
SevOne Network Performance Management,8.1.0,SevOne Network Performance Management,green,wildcard,Wildcard match: version '8.1.0' matches pattern '8.x' in 'ibm sevone network performance management'
OpenPages,9.0.0.5,OpenPages,green,substring,"Substring match: found 'openpages' in 'ibm openpages', version='9.0.x'"
Aspera On Cloud,nan,Aspera On Cloud,blue,no_match,Empty or null version
FlashSystem 9200,8.5,FlashSystem 9200,blue,no_match,"No match found for product 'FlashSystem 9200' (mapped from 'FlashSystem 9200'), version '8.5'"
Master Data Management CE,12.0,Master Data Management CE,blue,no_match,"No match found for product 'Master Data Management CE' (mapped from 'Master Data Management CE'), version '12.0'"
Netcool/OMNIbus,8.1.0.32,Netcool/OMNIbus,red,exact,"Exact match: product='netcool/omnibus', version='8.1.x'"
Vault Self-Managed,1.21.4,Vault Self-Managed,blue,no_match,"No match found for product 'Vault Self-Managed' (mapped from 'Vault Self-Managed'), version '1.21.4'"
XL C/C++,"XL C/C++ for AIX, V16.1",XL C/C++,blue,no_match,"No match found for product 'XL C/C++' (mapped from 'XL C/C++'), version 'xl c/c++ for aix, v16.1'"
HashiCorp Boundary SaaS,nan,HashiCorp Boundary SaaS,blue,no_match,Empty or null version
Cash Drawers,nan,Cash Drawers,blue,no_match,Empty or null version
Informix Dynamic Server,IDS 14.10.xC10,IBM Informix Advanced Enterprise Edition,blue,no_match,"No match found for product 'IBM Informix Advanced Enterprise Edition' (mapped from 'Informix Dynamic Server'), version 'ids 14.10.xc10'"
Netcool Operations Insights,1.6.4,Netcool Operations Insights,blue,no_match,"No match found for product 'Netcool Operations Insights' (mapped from 'Netcool Operations Insights'), version '1.6.4'"
Tivoli Monitoring,6.3,Tivoli Monitoring,green,exact,"Exact match: product='tivoli monitoring', version='6.3.x'"
IBM Z Security and Compliance Center,V1.3.0,IBM Z Security and Compliance Center,blue,no_match,"No match found for product 'IBM Z Security and Compliance Center' (mapped from 'IBM Z Security and Compliance Center'), version 'v1.3.0'"
Premium Operations Microsoft,nan,Premium Operations Microsoft,blue,no_match,Empty or null version
Planning Analytics Local,2.1.16,Planning Analytics Local,green,substring,"Substring match: found 'planning analytics local' in 'ibm planning analytics local', version='2.1.x'"
Engineering Requirements Management DOORS Next,7.1.0,Engineering Requirements Management DOORS Next,green,substring,"Substring match: found 'engineering requirements management doors next' in 'ibm engineering requirements management doors next', version='7.1.0'"
Db2 Genius Hub,1.1.x,Db2 Genius Hub,green,substring,"Substring match: found 'db2 genius hub' in 'ibm db2 genius hub', version='1.1.x'"
XIV,nan,XIV,blue,no_match,Empty or null version
MQ,9.4 CD,IBM MQ,blue,no_match,"No match found for product 'IBM MQ' (mapped from 'MQ'), version '9.4 cd'"
Business Automation Workflow,24.0.0,Business Automation Workflow,green,substring,"Substring match: found 'business automation workflow' in 'ibm business automation workflow', version='24.0.x'"
zEC12,nan,zEC12,blue,no_match,Empty or null version
webMethods API Management,10.15,webMethods API Management,blue,no_match,"No match found for product 'webMethods API Management' (mapped from 'webMethods API Management'), version '10.15'"
Informix Dynamic Server,IDS 14.10.xC11,IBM Informix Advanced Enterprise Edition,blue,no_match,"No match found for product 'IBM Informix Advanced Enterprise Edition' (mapped from 'Informix Dynamic Server'), version 'ids 14.10.xc11'"
Storage Protect,8.1.22.0,Storage Protect,green,substring,"Substring match: found 'storage protect' in 'ibm storage protect', version='8.1.x'"
PowerVC for Private Cloud,2.2.1,PowerVC for Private Cloud,orange,substring,"Substring match: found 'powervc for private cloud' in 'ibm powervc for private cloud', version='2.2.x'"
VM Lifecycle Manager,7.1,VM Lifecycle Manager,blue,no_match,"No match found for product 'VM Lifecycle Manager' (mapped from 'VM Lifecycle Manager'), version '7.1'"
Storwize V5000,nan,Storwize V5000,blue,no_match,Empty or null version
Engineering Requirements Management DOORS,9.7.2,Engineering Requirements Management DOORS,green,substring,"Substring match: found 'engineering requirements management doors' in 'ibm engineering requirements management doors', version='9.7.x'"
FileNet Content Manager,5.5.0.0,FileNet Content Manager,green,substring,"Substring match: found 'filenet content manager' in 'ibm filenet content manager', version='5.5.x'"
IBM i on PowerVS,7.4,IBM i on PowerVS,blue,no_match,"No match found for product 'IBM i on PowerVS' (mapped from 'IBM i on PowerVS'), version '7.4'"
QRadar SIEM,7.5.0.3,IBM Security QRadar SIEM,green,exact,"Exact match: product='ibm security qradar siem', version='7.5.x'"
Sterling B2B Integrator,6.1.0,IBM Sterling B2B Integrator,green,substring,"Substring match: found 'ibm sterling b2b integrator' in 'ibm sterling b2b integrator', version='6.1.x'"
OpenPages on Cloud,9.0.0.5,OpenPages on Cloud,blue,no_match,"No match found for product 'OpenPages on Cloud' (mapped from 'OpenPages on Cloud'), version '9.0.0.5'"
Storage Protect,8.1.11.0,Storage Protect,green,substring,"Substring match: found 'storage protect' in 'ibm storage protect', version='8.1.x'"
Instana Observability,1.0.311,Instana Observability,green,substring,"Substring match: found 'instana observability' in 'ibm instana observability', version='1.0.x'"
Cloud Management Console,nan,Cloud Management Console,blue,no_match,Empty or null version
Maximo Application Suite on Cloud,8.11.0,Maximo Application Suite on Cloud,blue,no_match,"No match found for product 'Maximo Application Suite on Cloud' (mapped from 'Maximo Application Suite on Cloud'), version '8.11.0'"
Unified Management Server for z/OS,nan,Unified Management Server for z/OS,blue,no_match,Empty or null version
Verify Identity Governance,V.10.0.1 - Identity Manager (ISIM - Software),Verify Identity Governance,blue,no_match,"No match found for product 'Verify Identity Governance' (mapped from 'Verify Identity Governance'), version 'v.10.0.1 - identity manager (isim - software)'"
Barcode Scanners,nan,Barcode Scanners,blue,no_match,Empty or null version
QRadar SIEM,7.5.0.8,IBM Security QRadar SIEM,green,exact,"Exact match: product='ibm security qradar siem', version='7.5.x'"
z15,nan,z15,blue,no_match,Empty or null version
AIX on PowerVS,7.1,AIX on PowerVS,blue,no_match,"No match found for product 'AIX on PowerVS' (mapped from 'AIX on PowerVS'), version '7.1'"
QRadar Network Insights,7.5.0.9,QRadar Network Insights,red,wildcard,Wildcard match: version '7.5.0.9' matches pattern '7.x.x' in 'ibm qradar network insights'
SPSS Statistics,32.0.0.0,IBM SPSS Statistics,green,exact,"Exact match: product='ibm spss statistics', version='32.0.x'"
Power System H922 Server,nan,Power System H922 Server,blue,no_match,Empty or null version
FlashSystem 7600,nan,FlashSystem 7600,blue,no_match,Empty or null version
PowerVC for Private Cloud,2.3.2,PowerVC for Private Cloud,green,substring,"Substring match: found 'powervc for private cloud' in 'ibm powervc for private cloud', version='2.3.x'"
LinuxONE Emperor 5,nan,LinuxONE Emperor 5,blue,no_match,Empty or null version
Sterling Connect Direct for z/OS,6.3,IBM Sterling Connect:Direct for z/OS,green,substring,"Substring match: found 'ibm sterling connect:direct for z/os' in 'ibm sterling connect:direct for z/os standard edition', version='6.3.x'"
FlashSystem 5000,8.5,FlashSystem 5000,blue,no_match,"No match found for product 'FlashSystem 5000' (mapped from 'FlashSystem 5000'), version '8.5'"
CICS Transaction Server,CICS TS 6.3,CICS Transaction Server for z/OS,blue,no_match,"No match found for product 'CICS Transaction Server for z/OS' (mapped from 'CICS Transaction Server'), version 'cics ts 6.3'"
Astra DB,nan,Astra DB,blue,no_match,Empty or null version
DevOps Code ClearCase,9.1.x,DevOps Code ClearCase,blue,no_match,"No match found for product 'DevOps Code ClearCase' (mapped from 'DevOps Code ClearCase'), version '9.1.x'"
Db2 Administration Foundation for z/OS,1.2,Db2 Administration Foundation for z/OS,green,substring,"Substring match: found 'db2 administration foundation for z/os' in 'ibm db2 administration foundation for z/os', version='1.2.0'"
DataStax Enterprise,6.8.16,DataStax Enterprise,green,wildcard,Wildcard match: version '6.8.16' matches pattern '6.x' in 'ibm datastax enterprise'
Reliable Scalable Cluster Technology (RSCT),RSCT v3.1.3,Reliable Scalable Cluster Technology (RSCT),blue,no_match,"No match found for product 'Reliable Scalable Cluster Technology (RSCT)' (mapped from 'Reliable Scalable Cluster Technology (RSCT)'), version 'rsct v3.1.3'"
Storage Scale,5.2.3,IBM Storage Scale Data Management Edition,green,exact,"Exact match: product='ibm storage scale data management edition', version='5.2.x'"
Enterprise Performance Management,nan,Enterprise Performance Management,blue,no_match,Empty or null version
watsonx Code Assistant for Z,2.x.x,watsonx Code Assistant for Z,green,substring,"Substring match: found 'watsonx code assistant for z' in 'ibm watsonx code assistant for z', version='2.x.x'"
SurePOS,nan,SurePOS,blue,no_match,Empty or null version
IBM i on PowerVS,7.2,IBM i on PowerVS,blue,no_match,"No match found for product 'IBM i on PowerVS' (mapped from 'IBM i on PowerVS'), version '7.2'"
Cognos Command Center,10.2.4,Cognos Command Center,green,exact,"Exact match: product='cognos command center', version='10.2.x'"
Financial Transaction Manager,3.2.11.1,Financial Transaction Manager,blue,no_match,"No match found for product 'Financial Transaction Manager' (mapped from 'Financial Transaction Manager'), version '3.2.11.1'"
SPSS Statistics,31.0.0.0,IBM SPSS Statistics,green,exact,"Exact match: product='ibm spss statistics', version='31.0.x'"
Storage Copy Data Management,2.2.28,Storage Copy Data Management,green,substring,"Substring match: found 'storage copy data management' in 'ibm storage copy data management', version='2.2.x'"
Premium Operations Vmware,nan,Premium Operations Vmware,blue,no_match,Empty or null version
Cognos Analytics,12.0.3,IBM Cognos Analytics,green,exact,"Exact match: product='ibm cognos analytics', version='12.0.x'"
Cognos Analytics,12.0.4,IBM Cognos Analytics,green,exact,"Exact match: product='ibm cognos analytics', version='12.0.x'"
webMethods API Management,11.1,webMethods API Management,green,substring,"Substring match: found 'webmethods api management' in 'ibm webmethods api management', version='11.1.x'"
Sterling Gentran Server,Gentran for z/OS - 6.6.0,Sterling Gentran Server,blue,no_match,"No match found for product 'Sterling Gentran Server' (mapped from 'Sterling Gentran Server'), version 'gentran for z/os - 6.6.0'"
Azure,nan,Azure,blue,no_match,Empty or null version
Security Series,nan,Security Series,blue,no_match,Empty or null version
Deskside & End User Support Project Services,nan,Deskside & End User Support Project Services,blue,no_match,Empty or null version
Db2 Administration Tool for z/OS,13.1,Db2 Administration Tool for z/OS,green,substring,"Substring match: found 'db2 administration tool for z/os' in 'ibm db2 administration tool for z/os', version='13.1.0'"
IBM i,7.3 [EOS 30 Sep 2023 Need Service Extension],IBM i,blue,no_match,"No match found for product 'IBM i' (mapped from 'IBM i'), version '7.3 [eos 30 sep 2023 need service extension]'"
FlashSystem V9000,nan,FlashSystem V9000,blue,no_match,Empty or null version
Operations Analytics (Log Analysis/Predictive Insights),1.3.8,Operations Analytics (Log Analysis/Predictive Insights),blue,no_match,"No match found for product 'Operations Analytics (Log Analysis/Predictive Insights)' (mapped from 'Operations Analytics (Log Analysis/Predictive Insights)'), version '1.3.8'"
Cash Recycler,nan,Cash Recycler,blue,no_match,Empty or null version
IBM i on PowerVS,7.6,IBM i on PowerVS,blue,no_match,"No match found for product 'IBM i on PowerVS' (mapped from 'IBM i on PowerVS'), version '7.6'"
FlashSystem 900,nan,FlashSystem 900,blue,no_match,Empty or null version
watsonx.ai as a Service,nan,watsonx.ai as a Service,blue,no_match,Empty or null version
Sterling Transformation Extender,11.0.0,IBM Sterling Transformation Extender,green,substring,"Substring match: found 'ibm sterling transformation extender' in 'ibm sterling transformation extender', version='11.0.x'"
Business Automation Workflow,21.0.x,Business Automation Workflow,red,substring,"Substring match: found 'business automation workflow' in 'ibm business automation workflow', version='21.0.x'"
"Db2 Linux, Unix and Windows",V11.5.9.0,"Db2 Linux, Unix and Windows",blue,no_match,"No match found for product 'Db2 Linux, Unix and Windows' (mapped from 'Db2 Linux, Unix and Windows'), version 'v11.5.9.0'"
Db2 AI for z/OS,1.6.0,Db2 AI for z/OS,green,substring,"Substring match: found 'db2 ai for z/os' in 'ibm db2 ai for z/os', version='1.6.0'"
Document Reader,nan,Document Reader,blue,no_match,Empty or null version
Sterling B2B Integration Value-Added Network,nan,Sterling B2B Integration Value-Added Network,blue,no_match,Empty or null version
Premium Operations Open Source,nan,Premium Operations Open Source,blue,no_match,Empty or null version
Data Set Commander,9.1.0,Data Set Commander,green,substring,"Substring match: found 'data set commander' in 'ibm data set commander for z/os', version='9.1.0'"
iPad,nan,iPad,blue,no_match,Empty or null version
Instana Observability,1.0.301,Instana Observability,green,substring,"Substring match: found 'instana observability' in 'ibm instana observability', version='1.0.x'"
Sterling Connect Direct,C:D Windows 6.4,IBM Sterling Connect:Direct for UNIX,blue,no_match,"No match found for product 'IBM Sterling Connect:Direct for UNIX' (mapped from 'Sterling Connect Direct'), version 'c:d windows 6.4'"
Verify Identity Access,V.11.0.1,Verify Identity Access,green,wildcard,Wildcard match: version 'v.11.0.1' matches pattern '11.0.x' in 'ibm verify identity access'
zTech,nan,zTech,blue,no_match,Empty or null version
Consul Self-Managed,1.21.11+ent,Consul Self-Managed,blue,no_match,"No match found for product 'Consul Self-Managed' (mapped from 'Consul Self-Managed'), version '1.21.11+ent'"
z16 AGZ,nan,z16 AGZ,blue,no_match,Empty or null version
Cognos Analytics on Cloud,12.0.4,Cognos Analytics on Cloud,blue,no_match,"No match found for product 'Cognos Analytics on Cloud' (mapped from 'Cognos Analytics on Cloud'), version '12.0.4'"
BACC Cognos On Cloud,nan,BACC Cognos On Cloud,blue,no_match,Empty or null version
DataStax Enterprise,6.8.43,DataStax Enterprise,green,wildcard,Wildcard match: version '6.8.43' matches pattern '6.x' in 'ibm datastax enterprise'
Netcool Operations Insights,1.6.14,Netcool Operations Insights,blue,no_match,"No match found for product 'Netcool Operations Insights' (mapped from 'Netcool Operations Insights'), version '1.6.14'"
Call Center on Cloud,nan,Call Center on Cloud,blue,no_match,Empty or null version
watsonx.governance,2.3,watsonx.governance,green,substring,"Substring match: found 'watsonx.governance' in 'ibm watsonx.governance', version='2.3.x'"
Kubecost Self Hosted,3.1.3,Kubecost Self Hosted,green,wildcard,Wildcard match: version '3.1.3' matches pattern '3.x.x' in 'ibm kubecost self hosted'
Business Process Manager on Cloud,nan,Business Process Manager on Cloud,blue,no_match,Empty or null version
MQ Appliance,9.4 LTS,MQ Appliance,blue,no_match,"No match found for product 'MQ Appliance' (mapped from 'MQ Appliance'), version '9.4 lts'"
Security Verify Privilege,11.4.2,Security Verify Privilege,red,substring,"Substring match: found 'security verify privilege' in 'ibm security verify privilege', version='11.4.2'"
ProLiant BL Series C-Class Server Blades,nan,ProLiant BL Series C-Class Server Blades,blue,no_match,Empty or null version
Maximo Asset Configuration Manager,7.6.7,Maximo Asset Configuration Manager,green,exact,"Exact match: product='maximo asset configuration manager', version='7.6.7'"
DevOps Test Workbench,11.0.7,DevOps Test Workbench,green,substring,"Substring match: found 'devops test workbench' in 'ibm devops test workbench', version='11.0.x'"
Tivoli Management Services for z/OS,nan,Tivoli Management Services for z/OS,blue,no_match,Empty or null version
TellerScan Series Check Scanners,nan,TellerScan Series Check Scanners,blue,no_match,Empty or null version
Monitors,nan,Monitors,blue,no_match,Empty or null version
Maximo EAM SaaS Flex,nan,Maximo EAM SaaS Flex,blue,no_match,Empty or null version
Guardium Data Protection,11.5,Guardium Data Protection,orange,substring,"Substring match: found 'guardium data protection' in 'ibm security guardium data protection for nas', version='11.5.x'"
Maximo Application Suite on Cloud,9.0.0,Maximo Application Suite on Cloud,blue,no_match,"No match found for product 'Maximo Application Suite on Cloud' (mapped from 'Maximo Application Suite on Cloud'), version '9.0.0'"
InfoSphere Information Server: Data Integration (DataStage),other,InfoSphere Information Server: Data Integration (DataStage),blue,no_match,"No match found for product 'InfoSphere Information Server: Data Integration (DataStage)' (mapped from 'InfoSphere Information Server: Data Integration (DataStage)'), version 'other'"
Sterling Call Center,nan,Sterling Call Center,blue,no_match,Empty or null version
GDPS (Geographically Dispersed Parallel Sysplex),V4R7,GDPS (Geographically Dispersed Parallel Sysplex),blue,no_match,"No match found for product 'GDPS (Geographically Dispersed Parallel Sysplex)' (mapped from 'GDPS (Geographically Dispersed Parallel Sysplex)'), version 'v4r7'"
Cognos Analytics,12.0.2,IBM Cognos Analytics,green,exact,"Exact match: product='ibm cognos analytics', version='12.0.x'"
SmartSource Elite Series Scanners,nan,SmartSource Elite Series Scanners,blue,no_match,Empty or null version
IBM i,7.6,IBM i,green,exact,"Exact match: product='ibm i', version='7.6.0'"
Content Manager,8.7,Content Manager,green,substring,"Substring match: found 'content manager' in 'content manager for z/os', version='8.7.x'"
M365 Platform,nan,M365 Platform,blue,no_match,Empty or null version
Sterling Connect Direct,C:D Web Services 6.3,IBM Sterling Connect:Direct for UNIX,blue,no_match,"No match found for product 'IBM Sterling Connect:Direct for UNIX' (mapped from 'Sterling Connect Direct'), version 'c:d web services 6.3'"
Terraform Self-Managed,1.1.4,Terraform Self-Managed,blue,no_match,"No match found for product 'Terraform Self-Managed' (mapped from 'Terraform Self-Managed'), version '1.1.4'"
Business Automation Workflow,25.0.1,Business Automation Workflow,green,substring,"Substring match: found 'business automation workflow' in 'ibm business automation workflow', version='25.0.x'"
FlashSystem 5200,Version Not Listed,FlashSystem 5200,blue,no_match,"No match found for product 'FlashSystem 5200' (mapped from 'FlashSystem 5200'), version 'version not listed'"
Security Verify Directory,10.0.1,IBM Security Verify Directory,green,exact,"Exact match: product='ibm security verify directory', version='10.0.x'"
Workload Automation on Cloud,nan,Workload Automation on Cloud,blue,no_match,Empty or null version
Instana Observability,1.0.303,Instana Observability,green,substring,"Substring match: found 'instana observability' in 'ibm instana observability', version='1.0.x'"
SAN Cisco MDS Collection,nan,SAN Cisco MDS Collection,blue,no_match,Empty or null version
CICS Configuration Manager,nan,CICS Configuration Manager,blue,no_match,Empty or null version
Vault Self-Managed,1.21.2,Vault Self-Managed,blue,no_match,"No match found for product 'Vault Self-Managed' (mapped from 'Vault Self-Managed'), version '1.21.2'"
webMethods Integration,10.5,webMethods Integration,blue,no_match,"No match found for product 'webMethods Integration' (mapped from 'webMethods Integration'), version '10.5'"
Storwize V7000,Unknown,Storwize V7000,blue,no_match,"No match found for product 'Storwize V7000' (mapped from 'Storwize V7000'), version 'unknown'"
webMethods B2B,10.15,webMethods B2B,blue,no_match,"No match found for product 'webMethods B2B' (mapped from 'webMethods B2B'), version '10.15'"
MQ Appliance,9.3 LTS,MQ Appliance,blue,no_match,"No match found for product 'MQ Appliance' (mapped from 'MQ Appliance'), version '9.3 lts'"
FileNet Content Manager,5.6.0,FileNet Content Manager,green,substring,"Substring match: found 'filenet content manager' in 'ibm filenet content manager', version='5.6.x'"
Key Lifecycle Manager,4.1.1.x,Key Lifecycle Manager,blue,no_match,"No match found for product 'Key Lifecycle Manager' (mapped from 'Key Lifecycle Manager'), version '4.1.1.x'"
Content Navigator and Content Navigator Mobile App,3.1.0,Content Navigator and Content Navigator Mobile App,blue,no_match,"No match found for product 'Content Navigator and Content Navigator Mobile App' (mapped from 'Content Navigator and Content Navigator Mobile App'), version '3.1.0'"
Vault,nan,Vault,blue,no_match,Empty or null version
Smart Uninterruptible Power Supply,nan,Smart Uninterruptible Power Supply,blue,no_match,Empty or null version
ThinkSystem SC Series Servers,nan,ThinkSystem SC Series Servers,blue,no_match,Empty or null version
LinuxONE III LT2,nan,LinuxONE III LT2,blue,no_match,Empty or null version
PowerVM / VIOS,4.1.1.10,PowerVM,green,major.minor,Major.minor match: '4.1.1.10' matches '4.1.0' in 'powervm'
App Connect Enterprise,12.0.12,App Connect Enterprise,green,substring,"Substring match: found 'app connect enterprise' in 'ibm app connect enterprise', version='12.0.x'"
Z System Automation,4.3.0,Z System Automation,green,substring,"Substring match: found 'z system automation' in 'ibm z system automation', version='4.3.x'"
TRIRIGA Platform,5.0.X,TRIRIGA Platform,green,substring,"Substring match: found 'tririga platform' in 'tririga platform', version='5.0.x'"
SevOne Network Performance Management,8.1.2,SevOne Network Performance Management,green,wildcard,Wildcard match: version '8.1.2' matches pattern '8.x' in 'ibm sevone network performance management'
Cloud Object Storage,3.17.5.100,Cloud Object Storage,green,substring,"Substring match: found 'cloud object storage' in 'ibm cloud object storage system', version='3.17.x'"
Cloud Object Storage,3.18.1.45,Cloud Object Storage,green,substring,"Substring match: found 'cloud object storage' in 'ibm cloud object storage system', version='3.18.x'"
Magnetic Stripe Device,nan,Magnetic Stripe Device,blue,no_match,Empty or null version
OpenPages on Cloud,9.1.1,OpenPages on Cloud,blue,no_match,"No match found for product 'OpenPages on Cloud' (mapped from 'OpenPages on Cloud'), version '9.1.1'"
Shopz,nan,Shopz,blue,no_match,Empty or null version
zSecure,V3.1.0,IBM Security zSecure Admin,green,wildcard,Wildcard match: version 'v3.1.0' matches pattern '3.1.x' in 'ibm security zsecure admin'
Spectrum Conductor,nan,Spectrum Conductor,blue,no_match,Empty or null version
DS8870,nan,DS8870,blue,no_match,Empty or null version
Maximo Application Suite,9.1-feature-channel-9.2,Maximo Application Suite,blue,no_match,"No match found for product 'Maximo Application Suite' (mapped from 'Maximo Application Suite'), version '9.1-feature-channel-9.2'"
Sparc,nan,Sparc,blue,no_match,Empty or null version
Oniqua Analytics Solution,nan,Oniqua Analytics Solution,blue,no_match,Empty or null version
Spectrum LSF,nan,Spectrum LSF,blue,no_match,Empty or null version
Banknote Counter,nan,Banknote Counter,blue,no_match,Empty or null version
VX Pin Pad,nan,VX Pin Pad,blue,no_match,Empty or null version
ThinkPad Series Laptops,nan,ThinkPad Series Laptops,blue,no_match,Empty or null version
CICS Transaction Server,CICS TS 6.1,CICS Transaction Server for z/OS,blue,no_match,"No match found for product 'CICS Transaction Server for z/OS' (mapped from 'CICS Transaction Server'), version 'cics ts 6.1'"
TRIRIGA Applications,11.6.X,TRIRIGA Applications,blue,no_match,"No match found for product 'TRIRIGA Applications' (mapped from 'TRIRIGA Applications'), version '11.6.x'"
App Connect Professional,7.5.5,App Connect Professional,green,exact,"Exact match: product='app connect professional', version='7.5.x'"
Maximo Asset Management,7.6.1.3,Maximo Asset Management,red,major.minor,Major.minor match: '7.6.1.3' matches '7.6.0.x' in 'ibm maximo asset management'
InfoSphere Information Server: Information Analyzer (IA),11.7.1,InfoSphere Information Server: Information Analyzer (IA),blue,no_match,"No match found for product 'InfoSphere Information Server: Information Analyzer (IA)' (mapped from 'InfoSphere Information Server: Information Analyzer (IA)'), version '11.7.1'"
Verify Identity Governance,V.10.0.1 - Identity Manager (ISIM - Appliance),Verify Identity Governance,blue,no_match,"No match found for product 'Verify Identity Governance' (mapped from 'Verify Identity Governance'), version 'v.10.0.1 - identity manager (isim - appliance)'"
Thermal Barcode Printer,nan,Thermal Barcode Printer,blue,no_match,Empty or null version
Sterling File Gateway,6.2.0,IBM Sterling File Gateway,green,substring,"Substring match: found 'ibm sterling file gateway' in 'ibm sterling file gateway', version='6.2.x'"
Storage Scale,5.2.1,IBM Storage Scale Data Management Edition,green,exact,"Exact match: product='ibm storage scale data management edition', version='5.2.x'"
watsonx.data as a Service,nan,watsonx.data as a Service,blue,no_match,Empty or null version
Sterling Secure Proxy,6.2.0,Sterling Secure Proxy,green,substring,"Substring match: found 'sterling secure proxy' in 'ibm sterling secure proxy', version='6.2.x'"
Key Lifecycle Manager,4.2.1.x,Key Lifecycle Manager,blue,no_match,"No match found for product 'Key Lifecycle Manager' (mapped from 'Key Lifecycle Manager'), version '4.2.1.x'"
TS2900 Tape Autoloader,nan,TS2900 Tape Autoloader,blue,no_match,Empty or null version
Tivoli Monitoring Agents,6.3.x,Tivoli Monitoring,green,exact,"Exact match: product='tivoli monitoring', version='6.3.x'"
Switch,nan,Switch,blue,no_match,Empty or null version
Datacap,9.1.9,Datacap,green,substring,"Substring match: found 'datacap' in 'ibm datacap', version='9.1.x'"
watsonx.data,2.3,watsonx.data,green,substring,"Substring match: found 'watsonx.data' in 'ibm watsonx.data', version='2.3.x'"
Cloud Pak for Data System,1.0.7.8,Cloud Pak for Data System,red,substring,"Substring match: found 'cloud pak for data system' in 'ibm cloud pak for data system for federal and finance', version='1.0.x'"
Vault Self-Managed,1.18.4,Vault Self-Managed,blue,no_match,"No match found for product 'Vault Self-Managed' (mapped from 'Vault Self-Managed'), version '1.18.4'"
FlashSystem 9200,8.6,FlashSystem 9200,blue,no_match,"No match found for product 'FlashSystem 9200' (mapped from 'FlashSystem 9200'), version '8.6'"
Operational Decision Manager,9.0.0,Operational Decision Manager,green,substring,"Substring match: found 'operational decision manager' in 'ibm operational decision manager', version='9.0.x'"
Cognos Analytics on Cloud,12.1.2,Cognos Analytics on Cloud,blue,no_match,"No match found for product 'Cognos Analytics on Cloud' (mapped from 'Cognos Analytics on Cloud'), version '12.1.2'"
ThinkCentre,nan,ThinkCentre,blue,no_match,Empty or null version
Cognos Analytics,11.2.4,IBM Cognos Analytics,green,exact,"Exact match: product='ibm cognos analytics', version='11.2.x'"
Safer Payments,6.9.0,Safer Payments,green,substring,"Substring match: found 'safer payments' in 'ibm safer payments', version='6.9.x'"
Storage Scale,6.0.0,IBM Storage Scale Data Management Edition,green,exact,"Exact match: product='ibm storage scale data management edition', version='6.0.0'"
Apollo 4200 Series Servers,nan,Apollo 4200 Series Servers,blue,no_match,Empty or null version
Optim Test Data Management,11.7,Optim Test Data Management,blue,no_match,"No match found for product 'Optim Test Data Management' (mapped from 'Optim Test Data Management'), version '11.7'"
BEETLE Series Point of Sale Systems,nan,BEETLE Series Point of Sale Systems,blue,no_match,Empty or null version
Premium Operations MVS,nan,Premium Operations MVS,blue,no_match,Empty or null version
Power System L1124 Server,nan,Power System L1124 Server,blue,no_match,Empty or null version
PowerVM / VIOS,Latest,PowerVM,blue,no_match,"No match found for product 'PowerVM' (mapped from 'PowerVM / VIOS'), version 'latest'"
Power System L1122 Server,nan,Power System L1122 Server,blue,no_match,Empty or null version
Teller Cash Dispenser,nan,Teller Cash Dispenser,blue,no_match,Empty or null version
Power System E1150 Server,nan,Power System E1150 Server,blue,no_match,Empty or null version
Storage Protect,8.1.26.0,Storage Protect,green,substring,"Substring match: found 'storage protect' in 'ibm storage protect', version='8.1.x'"
OpenPages on Cloud,9.1.3,OpenPages on Cloud,blue,no_match,"No match found for product 'OpenPages on Cloud' (mapped from 'OpenPages on Cloud'), version '9.1.3'"
FileNet Content Manager,5.5.12.0,FileNet Content Manager,green,substring,"Substring match: found 'filenet content manager' in 'ibm filenet content manager', version='5.5.x'"
Terraform Self-Managed,1.2.1,Terraform Self-Managed,blue,no_match,"No match found for product 'Terraform Self-Managed' (mapped from 'Terraform Self-Managed'), version '1.2.1'"
Tape Library,nan,Tape Library,blue,no_match,Empty or null version
Cloud Pak for Data,5.1.3,Cloud Pak for Data,green,wildcard,Wildcard match: version '5.1.3' matches pattern '5.x.x' in 'ibm cloud pak for data'
Spectrum Archive Enterprise and Library,nan,Spectrum Archive Enterprise and Library,blue,no_match,Empty or null version
Hardware Management Console Application,V10 R1 Physical Appliance Only,Hardware Management Console Application,blue,no_match,"No match found for product 'Hardware Management Console Application' (mapped from 'Hardware Management Console Application'), version 'v10 r1 physical appliance only'"
SPSS Statistics,29.0.1.0,IBM SPSS Statistics,green,exact,"Exact match: product='ibm spss statistics', version='29.0.x'"
PowerVM / VIOS,4.1.0.21,PowerVM,green,major.minor,Major.minor match: '4.1.0.21' matches '4.1.0' in 'powervm'
LinuxONE Rockhopper 4 LA2,nan,LinuxONE Rockhopper 4 LA2,blue,no_match,Empty or null version
Netcool/OMNIbus,8.1.0.36,Netcool/OMNIbus,red,exact,"Exact match: product='netcool/omnibus', version='8.1.x'"
Rational Licensing,other,Rational License Key Server,blue,no_match,"No match found for product 'Rational License Key Server' (mapped from 'Rational Licensing'), version 'other'"
Cloud Pak System,nan,Cloud Pak System,blue,no_match,Empty or null version
Cloud Pak for AIOps,4.13.0,Cloud Pak for AIOps,green,wildcard,Wildcard match: version '4.13.0' matches pattern '4.x' in 'ibm cloud pak for aiops'
SevOne Network Performance Management,8.1.3,SevOne Network Performance Management,green,wildcard,Wildcard match: version '8.1.3' matches pattern '8.x' in 'ibm sevone network performance management'
Consul Self-Managed,1.22.5+ent,Consul Self-Managed,blue,no_match,"No match found for product 'Consul Self-Managed' (mapped from 'Consul Self-Managed'), version '1.22.5+ent'"
Vault Self-Managed,1.18.14,Vault Self-Managed,blue,no_match,"No match found for product 'Vault Self-Managed' (mapped from 'Vault Self-Managed'), version '1.18.14'"
Power System L1024 Server,nan,Power System L1024 Server,blue,no_match,Empty or null version
Security Family,nan,Security Family,blue,no_match,Empty or null version
MQ for z/OS,9.3 LTS,MQ for z/OS,blue,no_match,"No match found for product 'MQ for z/OS' (mapped from 'MQ for z/OS'), version '9.3 lts'"
License Metric Tool,9.2.37,License Metric Tool,green,substring,"Substring match: found 'license metric tool' in 'ibm license metric tool', version='9.2.x'"
Hardware Management Console Application,V10 R3 M1060,Hardware Management Console Application,blue,no_match,"No match found for product 'Hardware Management Console Application' (mapped from 'Hardware Management Console Application'), version 'v10 r3 m1060'"
Spectrum LSF RTM,nan,Spectrum LSF RTM,blue,no_match,Empty or null version
Advanced VSAM Manager for z/OS,2.6.0 (Service Extension Only),Advanced VSAM Manager for z/OS,red,substring,"Substring match: found 'advanced vsam manager for z/os' in 'tivoli advanced vsam manager for z/os', version='2.6.x'"
TS2270 Tape Drive,nan,TS2270 Tape Drive,blue,no_match,Empty or null version
Guardium Data Protection,12.0,Guardium Data Protection,orange,substring,"Substring match: found 'guardium data protection' in 'ibm security guardium data protection for nas', version='12.0.x'"
Planning Analytics as a Service,nan,Planning Analytics as a Service,blue,no_match,Empty or null version
API Connect,10.0.6,API Connect,green,substring,"Substring match: found 'api connect' in 'ibm api connect', version='10.0.x'"
Verify Identity Governance,V.10.0.2 - Identity Manager (ISIM - Software),Verify Identity Governance,blue,no_match,"No match found for product 'Verify Identity Governance' (mapped from 'Verify Identity Governance'), version 'v.10.0.2 - identity manager (isim - software)'"
DS8880,nan,DS8880,blue,no_match,Empty or null version
Storage Scale Erasure Code Edition,5.2.3,Storage Scale Erasure Code Edition,green,substring,"Substring match: found 'storage scale erasure code edition' in 'ibm storage scale erasure code edition', version='5.2.x'"
"Db2 Linux, Unix and Windows",10.1,"Db2 Linux, Unix and Windows",blue,no_match,"No match found for product 'Db2 Linux, Unix and Windows' (mapped from 'Db2 Linux, Unix and Windows'), version '10.1'"
FileNet Content Manager,5.5.2.0,FileNet Content Manager,green,substring,"Substring match: found 'filenet content manager' in 'ibm filenet content manager', version='5.5.x'"
Hardware Management Console Application,V8 R8 Physical Appliance,Hardware Management Console Application,blue,no_match,"No match found for product 'Hardware Management Console Application' (mapped from 'Hardware Management Console Application'), version 'v8 r8 physical appliance'"
DP Series Printer,nan,DP Series Printer,blue,no_match,Empty or null version
Tivoli Network Manager,4.2.0.21 (Build 311),Tivoli Network Manager,red,substring,"Substring match: found 'tivoli network manager' in 'tivoli network manager ip edition', version='4.2.x'"
Storwize V5000,7.8,Storwize V5000,red,substring,"Substring match: found 'storwize v5000' in 'ibm spectrum virtualize software for storwize v5000', version='7.8.x'"
Sterling Transformation Extender,10.1.2,IBM Sterling Transformation Extender,green,exact,"Exact match: product='ibm sterling transformation extender', version='10.1.x'"
Content Navigator and Content Navigator Mobile App,3.2.0,Content Navigator and Content Navigator Mobile App,blue,no_match,"No match found for product 'Content Navigator and Content Navigator Mobile App' (mapped from 'Content Navigator and Content Navigator Mobile App'), version '3.2.0'"
SevOne Network Performance Management,7.2.12,SevOne Network Performance Management,green,major.minor,Major.minor match: '7.2.12' matches '7.2' in 'ibm sevone network performance management'
QRadar SOAR,51.0.4.1,QRadar SOAR,green,substring,"Substring match: found 'qradar soar' in 'ibm security qradar soar', version='51.0.x'"
Dynamics 365,nan,Dynamics 365,blue,no_match,Empty or null version
App Connect Enterprise,13.0.6,App Connect Enterprise,green,substring,"Substring match: found 'app connect enterprise' in 'ibm app connect enterprise', version='13.0.x'"
watsonx Orchestrate Cartridge for IBM Cloud Pak for Data,nan,watsonx Orchestrate Cartridge for IBM Cloud Pak for Data,blue,no_match,Empty or null version
Sterling Connect Direct for z/OS,6.4,IBM Sterling Connect:Direct for z/OS,green,substring,"Substring match: found 'ibm sterling connect:direct for z/os' in 'ibm sterling connect:direct for z/os standard edition', version='6.4.x'"
Netcool Operations Insights,1.6.15,Netcool Operations Insights,blue,no_match,"No match found for product 'Netcool Operations Insights' (mapped from 'Netcool Operations Insights'), version '1.6.15'"
DevOps Deploy,8.0.1.0,DevOps Deploy,green,substring,"Substring match: found 'devops deploy' in 'ibm devops deploy', version='8.0.x'"
Security Verify Directory Integrator,other,Security Verify Directory Integrator,blue,no_match,"No match found for product 'Security Verify Directory Integrator' (mapped from 'Security Verify Directory Integrator'), version 'other'"
Terraform Self-Managed,202406-1,Terraform Self-Managed,green,wildcard,Wildcard match: version '202406-1' matches pattern '2.x.x' in 'ibm terraform self-managed'
EDB Enterprise Postgres,PostgreSQL v13.x,EDB Enterprise Postgres,blue,no_match,"No match found for product 'EDB Enterprise Postgres' (mapped from 'EDB Enterprise Postgres'), version 'postgresql v13.x'"
Db2 Analytics Accelerator for z/OS,7.5.0,Db2 Analytics Accelerator for z/OS,green,exact,"Exact match: product='db2 analytics accelerator for z/os', version='7.5.x'"
watsonx.ai,2.3,watsonx.ai,green,substring,"Substring match: found 'watsonx.ai' in 'ibm watsonx.ai', version='2.3.x'"
FileNet Image Services (IS) Connector,nan,FileNet Image Services (IS) Connector,blue,no_match,Empty or null version
Z Software Asset Management,9.1,Z Software Asset Management,green,substring,"Substring match: found 'z software asset management' in 'ibm z software asset management', version='9.1.x'"
Host Access Client Package,v16.0,Host Access Client Package for Multiplatforms,blue,no_match,"No match found for product 'Host Access Client Package for Multiplatforms' (mapped from 'Host Access Client Package'), version 'v16.0'"
FileNet Image Services,4.2.0,FileNet Image Services,green,exact,"Exact match: product='filenet image services', version='4.2.x'"
API Connect,10.0.4,API Connect,green,substring,"Substring match: found 'api connect' in 'ibm api connect', version='10.0.x'"
Security Verify Directory,6.4,IBM Security Verify Directory,blue,no_match,"No match found for product 'IBM Security Verify Directory' (mapped from 'Security Verify Directory'), version '6.4'"
Terraform Self-Managed,202507-1,Terraform Self-Managed,green,wildcard,Wildcard match: version '202507-1' matches pattern '2.x.x' in 'ibm terraform self-managed'
Rational Developer for i,nan,Rational Developer for i,blue,no_match,Empty or null version
PowerVM / VIOS,4.1.1.0,PowerVM,green,major.minor,Major.minor match: '4.1.1.0' matches '4.1.0' in 'powervm'
DataStax Enterprise,6.9.15,DataStax Enterprise,green,wildcard,Wildcard match: version '6.9.15' matches pattern '6.x' in 'ibm datastax enterprise'
Symmetrix,nan,Symmetrix,blue,no_match,Empty or null version
Cloud Infrastructure Center,1.2.3 for IBM Z and LinuxONE,Cloud Infrastructure Center,green,substring,"Substring match: found 'cloud infrastructure center' in 'ibm cloud infrastructure center', version='1.2.x'"
DevOps Deploy,8.1.1.0,DevOps Deploy,green,substring,"Substring match: found 'devops deploy' in 'ibm devops deploy', version='8.1.x'"
API Connect,12.1.0,API Connect,green,substring,"Substring match: found 'api connect' in 'ibm api connect', version='12.1'"
TS1150 Tape Drive,nan,TS1150 Tape Drive,blue,no_match,Empty or null version
Content Navigator and Content Navigator Mobile App,3.0.13,Content Navigator and Content Navigator Mobile App,blue,no_match,"No match found for product 'Content Navigator and Content Navigator Mobile App' (mapped from 'Content Navigator and Content Navigator Mobile App'), version '3.0.13'"
Encoder,nan,Encoder,blue,no_match,Empty or null version
DevOps Deploy,7.3.0.1,DevOps Deploy,blue,no_match,"No match found for product 'DevOps Deploy' (mapped from 'DevOps Deploy'), version '7.3.0.1'"
Business Automation Workflow,24.0.1,Business Automation Workflow,green,substring,"Substring match: found 'business automation workflow' in 'ibm business automation workflow', version='24.0.x'"
"Db2 Linux, Unix and Windows",v11.5 GA,"Db2 Linux, Unix and Windows",blue,no_match,"No match found for product 'Db2 Linux, Unix and Windows' (mapped from 'Db2 Linux, Unix and Windows'), version 'v11.5 ga'"
Verify Identity Governance,V.10.0.2 - Identity Manager (ISIM - Appliance),Verify Identity Governance,blue,no_match,"No match found for product 'Verify Identity Governance' (mapped from 'Verify Identity Governance'), version 'v.10.0.2 - identity manager (isim - appliance)'"
Storage Scale,5.1.9,IBM Storage Scale Data Management Edition,blue,no_match,"No match found for product 'IBM Storage Scale Data Management Edition' (mapped from 'Storage Scale'), version '5.1.9'"
DevOps Deploy,7.3.2.0,DevOps Deploy,blue,no_match,"No match found for product 'DevOps Deploy' (mapped from 'DevOps Deploy'), version '7.3.2.0'"
NS1 Connect,nan,NS1 Connect,blue,no_match,Empty or null version
BACC Planning Analytics (PA),nan,BACC Planning Analytics (PA),blue,no_match,Empty or null version
TPF,z/TPF 1.1,TPF,blue,no_match,"No match found for product 'TPF' (mapped from 'TPF'), version 'z/tpf 1.1'"
App Connect Enterprise,12.0.7,App Connect Enterprise,green,substring,"Substring match: found 'app connect enterprise' in 'ibm app connect enterprise', version='12.0.x'"
Thermal Printer,nan,Thermal Printer,blue,no_match,Empty or null version
Z Software Asset Management,8.3,Z Software Asset Management,green,substring,"Substring match: found 'z software asset management' in 'ibm z software asset management', version='8.3.x'"
Uninterruptible Power Supply,nan,Uninterruptible Power Supply,blue,no_match,Empty or null version
Sterling Transformation Extender,11.0.1,IBM Sterling Transformation Extender,green,substring,"Substring match: found 'ibm sterling transformation extender' in 'ibm sterling transformation extender', version='11.0.x'"
zSingle Next,nan,zSingle Next,blue,no_match,Empty or null version
Cloud Pak for AIOps,4.11.1,Cloud Pak for AIOps,green,wildcard,Wildcard match: version '4.11.1' matches pattern '4.x' in 'ibm cloud pak for aiops'
Backup and Restore Manager z/VM,1.3.0,Backup and Restore Manager z/VM,blue,no_match,"No match found for product 'Backup and Restore Manager z/VM' (mapped from 'Backup and Restore Manager z/VM'), version '1.3.0'"
XL C/C++,"Open XL C/C++ for AIX, V17.1",XL C/C++,blue,no_match,"No match found for product 'XL C/C++' (mapped from 'XL C/C++'), version 'open xl c/c++ for aix, v17.1'"
XL Fortran,"Open XL Fortran for AIX, V17.1",XL Fortran,blue,no_match,"No match found for product 'XL Fortran' (mapped from 'XL Fortran'), version 'open xl fortran for aix, v17.1'"
Unknown Product,nan,Unknown Product,blue,no_match,Empty or null version
Sterling File Gateway,6.2.1,IBM Sterling File Gateway,green,substring,"Substring match: found 'ibm sterling file gateway' in 'ibm sterling file gateway', version='6.2.x'"
Storage Protect,8.1.25.0,Storage Protect,green,substring,"Substring match: found 'storage protect' in 'ibm storage protect', version='8.1.x'"
Content Navigator and Content Navigator Mobile App,3.0.14,Content Navigator and Content Navigator Mobile App,blue,no_match,"No match found for product 'Content Navigator and Content Navigator Mobile App' (mapped from 'Content Navigator and Content Navigator Mobile App'), version '3.0.14'"
webMethods Integration,11.1,webMethods Integration,green,substring,"Substring match: found 'webmethods integration' in 'ibm webmethods integration', version='11.1.x'"
Cognos Analytics,12.0.1,IBM Cognos Analytics,green,exact,"Exact match: product='ibm cognos analytics', version='12.0.x'"
SAN Volume Controller,8.6,SAN Volume Controller,blue,no_match,"No match found for product 'SAN Volume Controller' (mapped from 'SAN Volume Controller'), version '8.6'"
Unity EdgeConnect Appliances,nan,Unity EdgeConnect Appliances,blue,no_match,Empty or null version
Storage Protect,8.2.1,Storage Protect,green,major.minor,Major.minor match: '8.2.1' matches '8.2.0' in 'ibm storage protect'
Storage Protect,8.1.21.0,Storage Protect,green,substring,"Substring match: found 'storage protect' in 'ibm storage protect', version='8.1.x'"
Safer Payments,6.8.0,Safer Payments,green,substring,"Substring match: found 'safer payments' in 'ibm safer payments', version='6.8.x'"
Sterling Gentran Server,Gentran Server for Windows - 5.3.1,Sterling Gentran Server,blue,no_match,"No match found for product 'Sterling Gentran Server' (mapped from 'Sterling Gentran Server'), version 'gentran server for windows - 5.3.1'"
Debug for z/OS,17.0.x,Debug for z/OS,green,substring,"Substring match: found 'debug for z/os' in 'ibm debug for z/os', version='17.0.x'"
Cognos Controller,11.0.0,Cognos Controller,green,substring,"Substring match: found 'cognos controller' in 'ibm cognos controller', version='11.0.x'"
Integrated Analytics Systems,1.0.28.2,Integrated Analytics Systems,blue,no_match,"No match found for product 'Integrated Analytics Systems' (mapped from 'Integrated Analytics Systems'), version '1.0.28.2'"
Cloud Object Storage,3.19.0.49,Cloud Object Storage,blue,no_match,"No match found for product 'Cloud Object Storage' (mapped from 'Cloud Object Storage'), version '3.19.0.49'"
FileNet Content Manager,5.7.0,FileNet Content Manager,green,substring,"Substring match: found 'filenet content manager' in 'ibm filenet content manager', version='5.7.x'"
Planning Analytics Local,2.1.18,Planning Analytics Local,green,substring,"Substring match: found 'planning analytics local' in 'ibm planning analytics local', version='2.1.x'"
QRadar SIEM SaaS,7.5.0.15,QRadar SIEM SaaS,blue,no_match,"No match found for product 'QRadar SIEM SaaS' (mapped from 'QRadar SIEM SaaS'), version '7.5.0.15'"
Storage Protect,8.1.23.0,Storage Protect,green,substring,"Substring match: found 'storage protect' in 'ibm storage protect', version='8.1.x'"
VM Lifecycle Manager,nan,VM Lifecycle Manager,blue,no_match,Empty or null version
US Postal Service Kiosk,nan,US Postal Service Kiosk,blue,no_match,Empty or null version
Sterling B2B Integration SaaS Essentials and Standard,nan,Sterling B2B Integration SaaS Essentials and Standard,blue,no_match,Empty or null version
StreamSets,5.3,StreamSets,blue,no_match,"No match found for product 'StreamSets' (mapped from 'StreamSets'), version '5.3'"
Cognos Analytics,nan,IBM Cognos Analytics,blue,no_match,Empty or null version
IMS,15.4 (EOS 31 August 2027),IMS,blue,no_match,"No match found for product 'IMS' (mapped from 'IMS'), version '15.4'"
Content Navigator and Content Navigator Mobile App,3.0.11,Content Navigator and Content Navigator Mobile App,blue,no_match,"No match found for product 'Content Navigator and Content Navigator Mobile App' (mapped from 'Content Navigator and Content Navigator Mobile App'), version '3.0.11'"
Terraform Self-Managed,1.2.0,Terraform Self-Managed,blue,no_match,"No match found for product 'Terraform Self-Managed' (mapped from 'Terraform Self-Managed'), version '1.2.0'"
z/VM,7.3.0,z/VM,green,exact,"Exact match: product='z/vm', version='7.3.x'"
System Storage Device Enclosure,nan,System Storage Device Enclosure,blue,no_match,Empty or null version
Spectrum Virtualize for FlashSystem 7000 ,8.5,Spectrum Virtualize for FlashSystem 7000 ,blue,no_match,"No match found for product 'Spectrum Virtualize for FlashSystem 7000 ' (mapped from 'Spectrum Virtualize for FlashSystem 7000 '), version '8.5'"
Copy Services Manager,6.3.15.0,Copy Services Manager,green,substring,"Substring match: found 'copy services manager' in 'ibm copy services manager', version='6.3.x'"
Netezza as a Service,nan,Netezza as a Service,blue,no_match,Empty or null version
Business Automation Manager Open Editions,9.4.0,Business Automation Manager Open Editions,green,wildcard,Wildcard match: version '9.4.0' matches pattern '9.x' in 'ibm business automation manager open editions'
FlashSystem 5100,8.5,FlashSystem 5100,green,substring,"Substring match: found 'flashsystem 5100' in 'ibm spectrum virtualize software for flashsystem 5100', version='8.5.0'"
Cloud Pak for Security,1.11.6.0,Cloud Pak for Security,green,substring,"Substring match: found 'cloud pak for security' in 'ibm cloud pak for security', version='1.11.x'"
Data Virtualization Manager,2.1,Data Virtualization Manager,green,substring,"Substring match: found 'data virtualization manager' in 'ibm data virtualization manager for z/os', version='2.1'"
"Db2 Linux, Unix and Windows",11.1,"Db2 Linux, Unix and Windows",blue,no_match,"No match found for product 'Db2 Linux, Unix and Windows' (mapped from 'Db2 Linux, Unix and Windows'), version '11.1'"
DataStax Enterprise,6.8.22,DataStax Enterprise,green,wildcard,Wildcard match: version '6.8.22' matches pattern '6.x' in 'ibm datastax enterprise'
WebSphere Liberty,24.0,WebSphere Liberty,blue,no_match,"No match found for product 'WebSphere Liberty' (mapped from 'WebSphere Liberty'), version '24.0'"
ThinkSystem SR V2 Series Server,nan,ThinkSystem SR V2 Series Server,blue,no_match,Empty or null version
Aspera,2.3.0,Aspera,blue,no_match,"No match found for product 'Aspera' (mapped from 'Aspera'), version '2.3.0'"
Wyse Thin Client,nan,Wyse Thin Client,blue,no_match,Empty or null version
Watson Discovery,nan,Watson Discovery,blue,no_match,Empty or null version
Workload Automation,10.2 on-prem,Workload Automation,blue,no_match,"No match found for product 'Workload Automation' (mapped from 'Workload Automation'), version '10.2 on-prem'"
Integrated Analytics Systems,1.0.31.0,Integrated Analytics Systems,blue,no_match,"No match found for product 'Integrated Analytics Systems' (mapped from 'Integrated Analytics Systems'), version '1.0.31.0'"
TS3200 Tape Library,nan,TS3200 Tape Library,blue,no_match,Empty or null version
FileNet Content Manager,5.5.8.0,FileNet Content Manager,green,substring,"Substring match: found 'filenet content manager' in 'ibm filenet content manager', version='5.5.x'"
Cloud Pak for Data System,1.0.9.1,Cloud Pak for Data System,red,substring,"Substring match: found 'cloud pak for data system' in 'ibm cloud pak for data system for federal and finance', version='1.0.x'"
Cloud Pak for Data System,1.0.8.4,Cloud Pak for Data System,red,substring,"Substring match: found 'cloud pak for data system' in 'ibm cloud pak for data system for federal and finance', version='1.0.x'"
Power System L1022 Server,nan,Power System L1022 Server,blue,no_match,Empty or null version
Planning Analytics Local,2.0.9,Planning Analytics Local,red,major.minor,Major.minor match: '2.0.9' matches '2.0.0 - 2.0.7' in 'ibm planning analytics local'
Enterprise Data Platform,nan,Enterprise Data Platform,blue,no_match,Empty or null version
Spectrum Control,5.4.12.1,Spectrum Control,green,substring,"Substring match: found 'spectrum control' in 'ibm spectrum control', version='5.4.x'"
Database,nan,Database,blue,no_match,Empty or null version
Power System E850C Server,nan,Power System E850C Server,blue,no_match,Empty or null version
Rational Licensing,9.0.x,Rational License Key Server,blue,no_match,"No match found for product 'Rational License Key Server' (mapped from 'Rational Licensing'), version '9.0.x'"
Cloud Object Storage,3.19.0.40,Cloud Object Storage,blue,no_match,"No match found for product 'Cloud Object Storage' (mapped from 'Cloud Object Storage'), version '3.19.0.40'"
Storwize V5000,8.2,Storwize V5000,blue,no_match,"No match found for product 'Storwize V5000' (mapped from 'Storwize V5000'), version '8.2'"
Business Automation Manager Open Editions,9.3.1,Business Automation Manager Open Editions,green,wildcard,Wildcard match: version '9.3.1' matches pattern '9.x' in 'ibm business automation manager open editions'
SevOne Network Performance Management,7.2.7,SevOne Network Performance Management,green,major.minor,Major.minor match: '7.2.7' matches '7.2' in 'ibm sevone network performance management'
Storwize V5000e,nan,Storwize V5000e,blue,no_match,Empty or null version
eCare: MyIBM,nan,eCare: MyIBM,blue,no_match,Empty or null version
FileNet Content Manager,5.5.4.0,FileNet Content Manager,green,substring,"Substring match: found 'filenet content manager' in 'ibm filenet content manager', version='5.5.x'"
RCW Series Coin Recyclers,nan,RCW Series Coin Recyclers,blue,no_match,Empty or null version
Concert,2.3.1,Concert,blue,no_match,"No match found for product 'Concert' (mapped from 'Concert'), version '2.3.1'"
MQ,9.2,IBM MQ,green,exact,"Exact match: product='ibm mq', version='9.2.x'"
Self Checkout Kiosk,nan,Self Checkout Kiosk,blue,no_match,Empty or null version
API Connect Cloud Service,nan,API Connect Cloud Service,blue,no_match,Empty or null version
Z NetView,6.4.0,Z NetView,green,substring,"Substring match: found 'z netview' in 'ibm z netview', version='6.4.x'"
Tape Drives Collection,nan,Tape Drives Collection,blue,no_match,Empty or null version
LinuxONE III,nan,LinuxONE III,blue,no_match,Empty or null version
Handheld Scanner,nan,Handheld Scanner,blue,no_match,Empty or null version
Db2 for z/OS,11 (EOS),Db2 for z/OS,blue,no_match,"No match found for product 'Db2 for z/OS' (mapped from 'Db2 for z/OS'), version '11'"
SAGA Series Point of Sale Displays,nan,SAGA Series Point of Sale Displays,blue,no_match,Empty or null version
Pinpad Point of Sale Terminals,nan,Pinpad Point of Sale Terminals,blue,no_match,Empty or null version
z/VM,7.4.0,z/VM,green,exact,"Exact match: product='z/vm', version='7.4.x'"
PowerVM / VIOS,4.1.0.0,PowerVM,green,exact,"Exact match: product='powervm', version='4.1.0'"
Engineering Lifecycle Management Base SaaS,7.1.0,Engineering Lifecycle Management Base SaaS,blue,no_match,"No match found for product 'Engineering Lifecycle Management Base SaaS' (mapped from 'Engineering Lifecycle Management Base SaaS'), version '7.1.0'"
UCS Series,nan,UCS Series,blue,no_match,Empty or null version
Storage Protect,8.1.24.0,Storage Protect,green,substring,"Substring match: found 'storage protect' in 'ibm storage protect', version='8.1.x'"
Storwize V5000,8.3,Storwize V5000,blue,no_match,"No match found for product 'Storwize V5000' (mapped from 'Storwize V5000'), version '8.3'"
Cloud Pak for Applications,5.3.x,Cloud Pak for Applications,green,substring,"Substring match: found 'cloud pak for applications' in 'ibm cloud pak for applications', version='5.3.x'"
PowerVM / VIOS,4.1.0.10,PowerVM,green,major.minor,Major.minor match: '4.1.0.10' matches '4.1.0' in 'powervm'
Guardium Data Encryption,5.0,Guardium Data Encryption,orange,substring,"Substring match: found 'guardium data encryption' in 'ibm guardium data encryption', version='5.0.x'"
Discovery SG Series Scanners,nan,Discovery SG Series Scanners,blue,no_match,Empty or null version
Lenovo Server,nan,Lenovo Server,blue,no_match,Empty or null version
QRadar SIEM,7.5.0.4,IBM Security QRadar SIEM,green,exact,"Exact match: product='ibm security qradar siem', version='7.5.x'"
Spectrum Control,5.4.10.1,Spectrum Control,green,substring,"Substring match: found 'spectrum control' in 'ibm spectrum control', version='5.4.x'"
BIG-IP,nan,BIG-IP,blue,no_match,Empty or null version
HashiCorp Boundary Self-Managed,0.21.1,HashiCorp Boundary Self-Managed,blue,no_match,"No match found for product 'HashiCorp Boundary Self-Managed' (mapped from 'HashiCorp Boundary Self-Managed'), version '0.21.1'"
PowerHA SystemMirror,7.2.5,PowerHA SystemMirror Standard Edition for AIX,green,exact,"Exact match: product='powerha systemmirror standard edition for aix', version='7.2.x'"
Synergy Series Compute Modules,nan,Synergy Series Compute Modules,blue,no_match,Empty or null version
Point of Sale Receipt Printers,nan,Point of Sale Receipt Printers,blue,no_match,Empty or null version
FlashSystem 9200,Unknown,FlashSystem 9200,blue,no_match,"No match found for product 'FlashSystem 9200' (mapped from 'FlashSystem 9200'), version 'unknown'"
FlashSystem 9200,8.4,FlashSystem 9200,blue,no_match,"No match found for product 'FlashSystem 9200' (mapped from 'FlashSystem 9200'), version '8.4'"
Point of Sale Machine,nan,Point of Sale Machine,blue,no_match,Empty or null version
Cloud Pak for Data System,1.0.8.5-IF1,Cloud Pak for Data System,red,substring,"Substring match: found 'cloud pak for data system' in 'ibm cloud pak for data system for federal and finance', version='1.0.x'"
Netcool/Impact,7.1.0.36,Netcool/Impact,red,exact,"Exact match: product='netcool/impact', version='7.1.x'"
Z NetView,6.3.0,Z NetView,green,substring,"Substring match: found 'z netview' in 'ibm z netview', version='6.3.x'"
Turbonomic On-Premises,8.18,Turbonomic On-Premises,blue,no_match,"No match found for product 'Turbonomic On-Premises' (mapped from 'Turbonomic On-Premises'), version '8.18'"
WCE Provisioning,nan,WCE Provisioning,blue,no_match,Empty or null version
DataStax Enterprise,6.8.41,DataStax Enterprise,green,wildcard,Wildcard match: version '6.8.41' matches pattern '6.x' in 'ibm datastax enterprise'
SevOne Network Performance Management,7.1.0,SevOne Network Performance Management,green,substring,"Substring match: found 'sevone network performance management' in 'ibm sevone network performance management', version='7.1'"
PowerHA SystemMirror,7.2.6,PowerHA SystemMirror Standard Edition for AIX,green,exact,"Exact match: product='powerha systemmirror standard edition for aix', version='7.2.x'"
Planning Analytics Local,2.1.17,Planning Analytics Local,green,substring,"Substring match: found 'planning analytics local' in 'ibm planning analytics local', version='2.1.x'"
FlashSystem A9000,nan,FlashSystem A9000,blue,no_match,Empty or null version
Mobile Computers,nan,Mobile Computers,blue,no_match,Empty or null version
Cloud Pak for Data,5.2.0,Cloud Pak for Data,green,wildcard,Wildcard match: version '5.2.0' matches pattern '5.x.x' in 'ibm cloud pak for data'
Spectrum Virtualize for Storwize V7000,8.5,Spectrum Virtualize for Storwize V7000,blue,no_match,"No match found for product 'Spectrum Virtualize for Storwize V7000' (mapped from 'Spectrum Virtualize for Storwize V7000'), version '8.5'"
Order Management On Cloud,26.1,Order Management On Cloud,green,saas,SaaS product in green dict
Cloud Pak for Integration,2022.2.1,Cloud Pak for Integration,orange,substring,"Substring match: found 'cloud pak for integration' in 'ibm cloud pak for integration', version='2022.2.1'"
Storwize V7000,Version Not Listed,Storwize V7000,blue,no_match,"No match found for product 'Storwize V7000' (mapped from 'Storwize V7000'), version 'version not listed'"
Cloud Pak for Data System,1.0.8.5,Cloud Pak for Data System,red,substring,"Substring match: found 'cloud pak for data system' in 'ibm cloud pak for data system for federal and finance', version='1.0.x'"
webMethods Business Process Management,10.15,webMethods Business Process Management,blue,no_match,"No match found for product 'webMethods Business Process Management' (mapped from 'webMethods Business Process Management'), version '10.15'"
SevOne Network Performance Management,8.0,SevOne Network Performance Management,green,wildcard,Wildcard match: version '8.0' matches pattern '8.x' in 'ibm sevone network performance management'
Netcool/Impact,7.1.0.24,Netcool/Impact,red,exact,"Exact match: product='netcool/impact', version='7.1.x'"
Cloud Pak for Data System,1.0.8.1,Cloud Pak for Data System,red,substring,"Substring match: found 'cloud pak for data system' in 'ibm cloud pak for data system for federal and finance', version='1.0.x'"
zCX Foundation for Red Hat OpenShift,1.1.0,zCX Foundation for Red Hat OpenShift,green,substring,"Substring match: found 'zcx foundation for red hat openshift' in 'ibm zcx foundation for red hat openshift', version='1.1'"
Engineering Lifecycle Management Suite,7.1.0,Engineering Lifecycle Management Suite,green,substring,"Substring match: found 'engineering lifecycle management suite' in 'ibm engineering lifecycle management suite', version='7.1.0'"
Power System S1124 Server,nan,Power System S1124 Server,blue,no_match,Empty or null version
Z OMEGAMON AI for Networks,610,Z OMEGAMON AI for Networks,blue,no_match,"No match found for product 'Z OMEGAMON AI for Networks' (mapped from 'Z OMEGAMON AI for Networks'), version '610'"
Power System S1012 Server,nan,Power System S1012 Server,blue,no_match,Empty or null version
X6 Series SAN Directors,nan,X6 Series SAN Directors,blue,no_match,Empty or null version
Business Automation Content Services on Cloud,Other,Business Automation Content Services on Cloud,blue,no_match,"No match found for product 'Business Automation Content Services on Cloud' (mapped from 'Business Automation Content Services on Cloud'), version 'other'"
IBM i on PowerVS,7.5,IBM i on PowerVS,blue,no_match,"No match found for product 'IBM i on PowerVS' (mapped from 'IBM i on PowerVS'), version '7.5'"
Storwize V5000,8.5,Storwize V5000,blue,no_match,"No match found for product 'Storwize V5000' (mapped from 'Storwize V5000'), version '8.5'"
Z OMEGAMON AI for CICS,6.1.0,Z OMEGAMON AI for CICS,green,substring,"Substring match: found 'z omegamon ai for cics' in 'ibm z omegamon ai for cics', version='6.1.x'"
FlashSystem 9100,8.7,FlashSystem 9100,blue,no_match,"No match found for product 'FlashSystem 9100' (mapped from 'FlashSystem 9100'), version '8.7'"
PowerVM / VIOS,3.1.4,PowerVM,blue,no_match,"No match found for product 'PowerVM' (mapped from 'PowerVM / VIOS'), version '3.1.4'"
Watson Machine Learning Server,nan,Watson Machine Learning Server,blue,no_match,Empty or null version
Cloud Pak for Data,5.2.1,Cloud Pak for Data,green,wildcard,Wildcard match: version '5.2.1' matches pattern '5.x.x' in 'ibm cloud pak for data'
Connectrix,nan,Connectrix,blue,no_match,Empty or null version
QRadar SOAR,51.0.5.0,QRadar SOAR,green,substring,"Substring match: found 'qradar soar' in 'ibm security qradar soar', version='51.0.x'"
Sterling Connect Direct for z/OS,6.2,IBM Sterling Connect:Direct for z/OS,green,substring,"Substring match: found 'ibm sterling connect:direct for z/os' in 'ibm sterling connect:direct for z/os standard edition', version='6.2.x'"
DataStax Enterprise,5.1.31,DataStax Enterprise,green,major.minor,Major.minor match: '5.1.31' matches '5.1' in 'ibm datastax enterprise'
TS1140 Tape Drive,nan,TS1140 Tape Drive,blue,no_match,Empty or null version
Power System 780 Server,nan,Power System 780 Server,blue,no_match,Empty or null version
Spectrum Symphony,nan,Spectrum Symphony,blue,no_match,Empty or null version
FlashSystem 5000,Version Not Listed,FlashSystem 5000,blue,no_match,"No match found for product 'FlashSystem 5000' (mapped from 'FlashSystem 5000'), version 'version not listed'"
Storage Protect Plus,10.1.17,Storage Protect Plus,green,substring,"Substring match: found 'storage protect plus' in 'ibm storage protect plus', version='10.1.x'"
PowerVM / VIOS,4.1.0.30,PowerVM,green,major.minor,Major.minor match: '4.1.0.30' matches '4.1.0' in 'powervm'
VM Recovery Manager,1.9.0,VM Recovery Manager,green,substring,"Substring match: found 'vm recovery manager' in 'ibm vm recovery manager dr for power systems', version='1.9.x'"
Laser Printers,nan,Laser Printers,blue,no_match,Empty or null version
SAN Volume Controller,Unknown,SAN Volume Controller,blue,no_match,"No match found for product 'SAN Volume Controller' (mapped from 'SAN Volume Controller'), version 'unknown'"
Terraform Self-Managed,1.2.2,Terraform Self-Managed,blue,no_match,"No match found for product 'Terraform Self-Managed' (mapped from 'Terraform Self-Managed'), version '1.2.2'"
Cloud Object Storage,3.19.3.69,Cloud Object Storage,blue,no_match,"No match found for product 'Cloud Object Storage' (mapped from 'Cloud Object Storage'), version '3.19.3.69'"
Robotic Process Automation,30.0.1,IBM Robotic Process Automation,green,exact,"Exact match: product='ibm robotic process automation', version='30.0.x'"
Operational Decision Manager on Cloud,nan,Operational Decision Manager on Cloud,blue,no_match,Empty or null version
QRadar SOAR,51.0.9.1,QRadar SOAR,green,substring,"Substring match: found 'qradar soar' in 'ibm security qradar soar', version='51.0.x'"
QRadar SOAR,51.0.8.0,QRadar SOAR,green,substring,"Substring match: found 'qradar soar' in 'ibm security qradar soar', version='51.0.x'"
Cloud Pak for Business Automation,25.0.1,Cloud Pak for Business Automation,green,substring,"Substring match: found 'cloud pak for business automation' in 'ibm cloud pak for business automation', version='25.0.x'"
Integrated Analytics Systems,1.0.30.0,Integrated Analytics Systems,blue,no_match,"No match found for product 'Integrated Analytics Systems' (mapped from 'Integrated Analytics Systems'), version '1.0.30.0'"
SAN Volume Controller,8.3,SAN Volume Controller,blue,no_match,"No match found for product 'SAN Volume Controller' (mapped from 'SAN Volume Controller'), version '8.3'"
DevOps Deploy,8.1.2.3,DevOps Deploy,green,substring,"Substring match: found 'devops deploy' in 'ibm devops deploy', version='8.1.x'"
Control Desk,7.6.1.5,Control Desk,orange,major.minor,Major.minor match: '7.6.1.5' matches '7.6.1' in 'ibm control desk'
Cloud Pak for Data,5.0.3,Cloud Pak for Data,green,wildcard,Wildcard match: version '5.0.3' matches pattern '5.x.x' in 'ibm cloud pak for data'
FlashSystem 7200,8.4,FlashSystem 7200,blue,no_match,"No match found for product 'FlashSystem 7200' (mapped from 'FlashSystem 7200'), version '8.4'"
Verify Identity Access,V.10.0.3,Verify Identity Access,blue,no_match,"No match found for product 'Verify Identity Access' (mapped from 'Verify Identity Access'), version 'v.10.0.3'"
AIX,7.1 (EOS 4/30/2023),AIX,orange,exact,"Exact match: product='aix', version='7.1.0'"
watsonx Assistant for Cloud,nan,watsonx Assistant for Cloud,blue,no_match,Empty or null version
Content Navigator and Content Navigator Mobile App,3.0.15,Content Navigator and Content Navigator Mobile App,blue,no_match,"No match found for product 'Content Navigator and Content Navigator Mobile App' (mapped from 'Content Navigator and Content Navigator Mobile App'), version '3.0.15'"
Power System E1180 Server,nan,Power System E1180 Server,blue,no_match,Empty or null version
Storage Sentinel,1.1.11,Storage Sentinel,green,major.minor,Major.minor match: '1.1.11' matches '1.1.4' in 'ibm storage sentinel'
DataStax Enterprise,6.9.14,DataStax Enterprise,green,wildcard,Wildcard match: version '6.9.14' matches pattern '6.x' in 'ibm datastax enterprise'
Cloud Pak for Business Automation,24.0.0,Cloud Pak for Business Automation,green,substring,"Substring match: found 'cloud pak for business automation' in 'ibm cloud pak for business automation', version='24.0.x'"
Cognos Controller,11.1.2,Cognos Controller,blue,no_match,"No match found for product 'Cognos Controller' (mapped from 'Cognos Controller'), version '11.1.2'"
Instana Observability,1.0.293,Instana Observability,green,substring,"Substring match: found 'instana observability' in 'ibm instana observability', version='1.0.x'"
Sterling Order Management,10,Sterling Order Management,blue,no_match,"No match found for product 'Sterling Order Management' (mapped from 'Sterling Order Management'), version '10'"
watsonx.governance as a Service,nan,watsonx.governance as a Service,blue,no_match,Empty or null version
Cloud Pak for Data System,1.0.7.5,Cloud Pak for Data System,red,substring,"Substring match: found 'cloud pak for data system' in 'ibm cloud pak for data system for federal and finance', version='1.0.x'"
DataStax Enterprise,5.1.46,DataStax Enterprise,green,major.minor,Major.minor match: '5.1.46' matches '5.1' in 'ibm datastax enterprise'
MX Series Routers,nan,MX Series Routers,blue,no_match,Empty or null version
IMS,15.5,IMS,blue,no_match,"No match found for product 'IMS' (mapped from 'IMS'), version '15.5'"
FileNet Content Manager,5.2.x,FileNet Content Manager,blue,no_match,"No match found for product 'FileNet Content Manager' (mapped from 'FileNet Content Manager'), version '5.2.x'"
Storage Sentinel,1.1.7,Storage Sentinel,green,major.minor,Major.minor match: '1.1.7' matches '1.1.4' in 'ibm storage sentinel'
EX Series Ethernet Switches,nan,EX Series Ethernet Switches,blue,no_match,Empty or null version
Storage Fusion HCI Physical Appliance,2.11.0,Storage Fusion HCI Physical Appliance,blue,no_match,"No match found for product 'Storage Fusion HCI Physical Appliance' (mapped from 'Storage Fusion HCI Physical Appliance'), version '2.11.0'"
Storwize V5000e,8.4,Storwize V5000e,blue,no_match,"No match found for product 'Storwize V5000e' (mapped from 'Storwize V5000e'), version '8.4'"
SAN Volume Controller,9.1,SAN Volume Controller,green,major.minor,Major.minor match: '9.1' matches '9.1.1' in 'ibm storage virtualize for san volume controller'
Informix Dynamic Server,IDS 14.10.xC10W2,IBM Informix Advanced Enterprise Edition,blue,no_match,"No match found for product 'IBM Informix Advanced Enterprise Edition' (mapped from 'Informix Dynamic Server'), version 'ids 14.10.xc10w2'"
zSecure,V3.2.0,IBM Security zSecure Admin,blue,no_match,"No match found for product 'IBM Security zSecure Admin' (mapped from 'zSecure'), version 'v3.2.0'"
Sterling Secure Proxy,6.1.0,Sterling Secure Proxy,green,substring,"Substring match: found 'sterling secure proxy' in 'ibm sterling secure proxy', version='6.1.x'"
IBM Verify on Cloud,nan,IBM Verify on Cloud,blue,no_match,Empty or null version
Informix Dynamic Server,IDS 12.10.xC14,IBM Informix Advanced Enterprise Edition,blue,no_match,"No match found for product 'IBM Informix Advanced Enterprise Edition' (mapped from 'Informix Dynamic Server'), version 'ids 12.10.xc14'"
Cloud Object Storage,3.19.5.53fips,Cloud Object Storage,blue,no_match,"No match found for product 'Cloud Object Storage' (mapped from 'Cloud Object Storage'), version '3.19.5.53fips'"
FlashSystem 5000,8.2,FlashSystem 5000,blue,no_match,"No match found for product 'FlashSystem 5000' (mapped from 'FlashSystem 5000'), version '8.2'"
Informix Dynamic Server,IDS 14.10.xC1,IBM Informix Advanced Enterprise Edition,blue,no_match,"No match found for product 'IBM Informix Advanced Enterprise Edition' (mapped from 'Informix Dynamic Server'), version 'ids 14.10.xc1'"
Cloud Object Storage,3.18.0.65,Cloud Object Storage,green,substring,"Substring match: found 'cloud object storage' in 'ibm cloud object storage system', version='3.18.x'"
Engineering Lifecycle Management Extended SaaS,7.0.3,Engineering Lifecycle Management Extended SaaS,blue,no_match,"No match found for product 'Engineering Lifecycle Management Extended SaaS' (mapped from 'Engineering Lifecycle Management Extended SaaS'), version '7.0.3'"
Cognos Controller on Cloud,11.1.1,Cognos Controller on Cloud,blue,no_match,"No match found for product 'Cognos Controller on Cloud' (mapped from 'Cognos Controller on Cloud'), version '11.1.1'"
Power System 710 Server,nan,Power System 710 Server,blue,no_match,Empty or null version
DS8000 Legacy Systems,nan,DS8000 Legacy Systems,blue,no_match,Empty or null version
Verify Identity Governance,V.10.0.2 - Identity Governance (IGI),Verify Identity Governance,blue,no_match,"No match found for product 'Verify Identity Governance' (mapped from 'Verify Identity Governance'), version 'v.10.0.2 - identity governance (igi)'"
Storwize V3700,Unknown,Storwize V3700,blue,no_match,"No match found for product 'Storwize V3700' (mapped from 'Storwize V3700'), version 'unknown'"
Power System Flat Panel Console,nan,Power System Flat Panel Console,blue,no_match,Empty or null version
Manta Standalone Data Lineage,nan,Manta Standalone Data Lineage,blue,no_match,Empty or null version
QRadar Cloud-Native SIEM,nan,QRadar Cloud-Native SIEM,blue,no_match,Empty or null version
Vault Self-Managed,1.19.9,Vault Self-Managed,green,substring,"Substring match: found 'vault self-managed' in 'ibm vault self-managed', version='1.19.x'"
Verify Identity Access,11.0.1,Verify Identity Access,green,substring,"Substring match: found 'verify identity access' in 'ibm verify identity access', version='11.0.x'"
Sterling B2B Integrator,6.1.1,IBM Sterling B2B Integrator,green,substring,"Substring match: found 'ibm sterling b2b integrator' in 'ibm sterling b2b integrator', version='6.1.x'"
BladeSystem c7000 Series Enclosures,nan,BladeSystem c7000 Series Enclosures,blue,no_match,Empty or null version
Comprehend,nan,Comprehend,blue,no_match,Empty or null version
QRadar SIEM,7.5.0.10,IBM Security QRadar SIEM,green,exact,"Exact match: product='ibm security qradar siem', version='7.5.x'"
Vault Self-Managed,1.20.5,Vault Self-Managed,blue,no_match,"No match found for product 'Vault Self-Managed' (mapped from 'Vault Self-Managed'), version '1.20.5'"
Mac Studio,nan,Mac Studio,blue,no_match,Empty or null version
Cognos Analytics on Cloud,nan,Cognos Analytics on Cloud,blue,no_match,Empty or null version
webMethods Managed File Transfer,11.1,webMethods Managed File Transfer,green,substring,"Substring match: found 'webmethods managed file transfer' in 'ibm webmethods managed file transfer', version='11.1.x'"
Power System 750 Server,nan,Power System 750 Server,blue,no_match,Empty or null version
Verify Identity Governance,11.0.1,Verify Identity Governance,green,substring,"Substring match: found 'verify identity governance' in 'ibm verify identity governance', version='11.0.x'"
webMethods API Management SaaS,nan,webMethods API Management SaaS,blue,no_match,Empty or null version
System i 520 Server,nan,System i 520 Server,blue,no_match,Empty or null version
Data Studio,4.1.4,Data Studio,green,major.minor,Major.minor match: '4.1.4' matches '4.1.0' in 'ibm data studio'
Integrated Analytics Systems,1.0.20.x,Integrated Analytics Systems,blue,no_match,"No match found for product 'Integrated Analytics Systems' (mapped from 'Integrated Analytics Systems'), version '1.0.20.x'"
webMethods Integration,10.7,webMethods Integration,blue,no_match,"No match found for product 'webMethods Integration' (mapped from 'webMethods Integration'), version '10.7'"
LinuxONE Rockhopper 4 AGL,nan,LinuxONE Rockhopper 4 AGL,blue,no_match,Empty or null version
webMethods API Management,10.5,webMethods API Management,blue,no_match,"No match found for product 'webMethods API Management' (mapped from 'webMethods API Management'), version '10.5'"
Fusion Middleware,nan,Fusion Middleware,blue,no_match,Empty or null version
Storage Protect,8.1.20.0,Storage Protect,green,substring,"Substring match: found 'storage protect' in 'ibm storage protect', version='8.1.x'"
Blueworks Live,nan,Blueworks Live,blue,no_match,Empty or null version
Copy Services Manager,6.3.8.0,Copy Services Manager,green,substring,"Substring match: found 'copy services manager' in 'ibm copy services manager', version='6.3.x'"
webMethods Managed File Transfer,10.15,webMethods Managed File Transfer,blue,no_match,"No match found for product 'webMethods Managed File Transfer' (mapped from 'webMethods Managed File Transfer'), version '10.15'"
Security Verify Privilege,10.9,Security Verify Privilege,red,substring,"Substring match: found 'security verify privilege' in 'ibm security verify privilege', version='10.9'"
Jazz for Service Management DASH / TIP,3.1.3.22,Jazz for Service Management DASH / TIP,blue,no_match,"No match found for product 'Jazz for Service Management DASH / TIP' (mapped from 'Jazz for Service Management DASH / TIP'), version '3.1.3.22'"
Cloud Pak for Business Automation,21.0.x,Cloud Pak for Business Automation,red,substring,"Substring match: found 'cloud pak for business automation' in 'ibm cloud pak for business automation', version='21.0.x'"
DataStax Enterprise,6.8.33,DataStax Enterprise,green,wildcard,Wildcard match: version '6.8.33' matches pattern '6.x' in 'ibm datastax enterprise'
Flash Array,nan,Flash Array,blue,no_match,Empty or null version
Gluster & GlusterFS,nan,Gluster & GlusterFS,blue,no_match,Empty or null version
Spectrum Virtualize for SAN Volume Controller,8.5,Spectrum Virtualize for SAN Volume Controller,green,substring,"Substring match: found 'spectrum virtualize for san volume controller' in 'ibm spectrum virtualize for san volume controller utility license', version='8.5.0'"
Business Automation Manager Open Editions,8.0.0,Business Automation Manager Open Editions,green,wildcard,Wildcard match: version '8.0.0' matches pattern '8.x' in 'ibm business automation manager open editions'
QRadar SIEM SaaS,7.5.0.11,QRadar SIEM SaaS,blue,no_match,"No match found for product 'QRadar SIEM SaaS' (mapped from 'QRadar SIEM SaaS'), version '7.5.0.11'"
Db2 Data Management Console,v3.1.12,Db2 Data Management Console,green,wildcard,Wildcard match: version 'v3.1.12' matches pattern '3.1.x' in 'ibm db2 data management console'
Sterling File Gateway,6.1.2,IBM Sterling File Gateway,green,substring,"Substring match: found 'ibm sterling file gateway' in 'ibm sterling file gateway', version='6.1.x'"
App Connect Enterprise,13.0.7,App Connect Enterprise,green,substring,"Substring match: found 'app connect enterprise' in 'ibm app connect enterprise', version='13.0.x'"
Cloud Pak for Data,5.1.0,Cloud Pak for Data,green,wildcard,Wildcard match: version '5.1.0' matches pattern '5.x.x' in 'ibm cloud pak for data'
Power System E880 Server,nan,Power System E880 Server,blue,no_match,Empty or null version
Sterling Intelligent Promising,nan,Sterling Intelligent Promising,blue,no_match,Empty or null version
Storage Copy Data Management,2.3.0,Storage Copy Data Management,blue,no_match,"No match found for product 'Storage Copy Data Management' (mapped from 'Storage Copy Data Management'), version '2.3.0'"
DevOps Code ClearCase,10.0.x,DevOps Code ClearCase,blue,no_match,"No match found for product 'DevOps Code ClearCase' (mapped from 'DevOps Code ClearCase'), version '10.0.x'"
Engineering Lifecycle Management Base,7.2.0,Engineering Lifecycle Management Base,green,substring,"Substring match: found 'engineering lifecycle management base' in 'ibm engineering lifecycle management base', version='7.2.0'"
InfoSphere Information Server: Data Integration (DataStage),11.7,InfoSphere Information Server: Data Integration (DataStage),blue,no_match,"No match found for product 'InfoSphere Information Server: Data Integration (DataStage)' (mapped from 'InfoSphere Information Server: Data Integration (DataStage)'), version '11.7'"
Storage Fusion HCI Physical Appliance,2.7.1,Storage Fusion HCI Physical Appliance,blue,no_match,"No match found for product 'Storage Fusion HCI Physical Appliance' (mapped from 'Storage Fusion HCI Physical Appliance'), version '2.7.1'"
ThinkSystem ST Series Server,nan,ThinkSystem ST Series Server,blue,no_match,Empty or null version
Instana Observability,1.0.305,Instana Observability,green,substring,"Substring match: found 'instana observability' in 'ibm instana observability', version='1.0.x'"
Key Lifecycle Manager,4.1.0.x,Key Lifecycle Manager,blue,no_match,"No match found for product 'Key Lifecycle Manager' (mapped from 'Key Lifecycle Manager'), version '4.1.0.x'"
Informix Dynamic Server,IDS 14.10.xC13W3,IBM Informix Advanced Enterprise Edition,blue,no_match,"No match found for product 'IBM Informix Advanced Enterprise Edition' (mapped from 'Informix Dynamic Server'), version 'ids 14.10.xc13w3'"
Instana Observability,1.0.297,Instana Observability,green,substring,"Substring match: found 'instana observability' in 'ibm instana observability', version='1.0.x'"
Power System 520 Server,nan,Power System 520 Server,blue,no_match,Empty or null version
OpenPages as a Service,nan,OpenPages as a Service,blue,no_match,Empty or null version
Onsite Standby Project Services,nan,Onsite Standby Project Services,blue,no_match,Empty or null version
z Workload Scheduler,10.1,z Workload Scheduler,green,substring,"Substring match: found 'z workload scheduler' in 'ibm z workload scheduler', version='10.1.x'"
Spectrum Control,5.4.13.2,Spectrum Control,green,substring,"Substring match: found 'spectrum control' in 'ibm spectrum control', version='5.4.x'"
DataStax Enterprise,6.9.9,DataStax Enterprise,green,wildcard,Wildcard match: version '6.9.9' matches pattern '6.x' in 'ibm datastax enterprise'
Engineering Workflow Management,7.1.0,Engineering Workflow Management,green,substring,"Substring match: found 'engineering workflow management' in 'ibm engineering workflow management', version='7.1.0'"
Business Automation Workflow,23.0.1,Business Automation Workflow,green,substring,"Substring match: found 'business automation workflow' in 'ibm business automation workflow', version='23.0.x'"
PSS 5000 Forecourt Controller,nan,PSS 5000 Forecourt Controller,blue,no_match,Empty or null version
Maximo Asset Management,7.6.1,Maximo Asset Management,red,major.minor,Major.minor match: '7.6.1' matches '7.6.0.x' in 'ibm maximo asset management'
Security Verify Directory,10.0.4,IBM Security Verify Directory,green,exact,"Exact match: product='ibm security verify directory', version='10.0.x'"
DataStax Enterprise,6.8.55,DataStax Enterprise,green,wildcard,Wildcard match: version '6.8.55' matches pattern '6.x' in 'ibm datastax enterprise'
Client Vantage,nan,Client Vantage,blue,no_match,Empty or null version
Cloud Object Storage,3.18.5.48,Cloud Object Storage,green,substring,"Substring match: found 'cloud object storage' in 'ibm cloud object storage system', version='3.18.x'"
EDB Enterprise Postgres,EDB Postgres Advanced Server (EPAS) v15.x,EDB Enterprise Postgres,blue,no_match,"No match found for product 'EDB Enterprise Postgres' (mapped from 'EDB Enterprise Postgres'), version 'edb postgres advanced server (epas) v15.x'"
US Secure Support,nan,US Secure Support,blue,no_match,Empty or null version
Storage Protect for Databases,8.1,Storage Protect for Databases,green,substring,"Substring match: found 'storage protect for databases' in 'ibm storage protect for databases', version='8.1.x'"
Vault Self-Managed,1.20.2,Vault Self-Managed,blue,no_match,"No match found for product 'Vault Self-Managed' (mapped from 'Vault Self-Managed'), version '1.20.2'"
Vault Self-Managed,1.13.2,Vault Self-Managed,blue,no_match,"No match found for product 'Vault Self-Managed' (mapped from 'Vault Self-Managed'), version '1.13.2'"
TCx Wave,nan,TCx Wave,blue,no_match,Empty or null version
Point of Sale,nan,Point of Sale,blue,no_match,Empty or null version
Netezza Appliance,nan,Netezza Appliance,blue,no_match,Empty or null version
Vault Self-Managed,1.17.3,Vault Self-Managed,blue,no_match,"No match found for product 'Vault Self-Managed' (mapped from 'Vault Self-Managed'), version '1.17.3'"
FlashSystem 7200,8.3,FlashSystem 7200,blue,no_match,"No match found for product 'FlashSystem 7200' (mapped from 'FlashSystem 7200'), version '8.3'"
QRadar Applications,7.5.0.11,QRadar Applications,blue,no_match,"No match found for product 'QRadar Applications' (mapped from 'QRadar Applications'), version '7.5.0.11'"
Midrange Storage,nan,Midrange Storage,blue,no_match,Empty or null version
Datacap,9.1.1,Datacap,green,substring,"Substring match: found 'datacap' in 'ibm datacap', version='9.1.x'"
GDPS (Geographically Dispersed Parallel Sysplex),V4R8,GDPS (Geographically Dispersed Parallel Sysplex),blue,no_match,"No match found for product 'GDPS (Geographically Dispersed Parallel Sysplex)' (mapped from 'GDPS (Geographically Dispersed Parallel Sysplex)'), version 'v4r8'"
AirEngine Series Access Points,nan,AirEngine Series Access Points,blue,no_match,Empty or null version
Security Verify Directory,10.0.2,IBM Security Verify Directory,green,exact,"Exact match: product='ibm security verify directory', version='10.0.x'"
VM Lifecycle Manager,7.2,VM Lifecycle Manager,blue,no_match,"No match found for product 'VM Lifecycle Manager' (mapped from 'VM Lifecycle Manager'), version '7.2'"
Dekra SYSTEMKOFFER Case,nan,Dekra SYSTEMKOFFER Case,blue,no_match,Empty or null version
CICS Transaction Server,CPSM 6.3,CICS Transaction Server for z/OS,blue,no_match,"No match found for product 'CICS Transaction Server for z/OS' (mapped from 'CICS Transaction Server'), version 'cpsm 6.3'"
ThinkSystem SD Series Server,nan,ThinkSystem SD Series Server,blue,no_match,Empty or null version
License Metric Tool,9.2.38,License Metric Tool,green,substring,"Substring match: found 'license metric tool' in 'ibm license metric tool', version='9.2.x'"
QRadar SOAR,51.0.8.1,QRadar SOAR,green,substring,"Substring match: found 'qradar soar' in 'ibm security qradar soar', version='51.0.x'"
Point of Sale Printer,nan,Point of Sale Printer,blue,no_match,Empty or null version
DataStax Enterprise,5.1.48,DataStax Enterprise,green,major.minor,Major.minor match: '5.1.48' matches '5.1' in 'ibm datastax enterprise'
Verify Identity Governance,11.0.2,Verify Identity Governance,green,substring,"Substring match: found 'verify identity governance' in 'ibm verify identity governance', version='11.0.x'"
Disk Storage Array,nan,Disk Storage Array,blue,no_match,Empty or null version
CICS Transaction Server,CICS TS 5.6,CICS Transaction Server for z/OS,blue,no_match,"No match found for product 'CICS Transaction Server for z/OS' (mapped from 'CICS Transaction Server'), version 'cics ts 5.6'"
Storage,nan,Storage,blue,no_match,Empty or null version
PureTouch Point of Sale,nan,PureTouch Point of Sale,blue,no_match,Empty or null version
HashiCorp Boundary Self-Managed,0.21.0,HashiCorp Boundary Self-Managed,blue,no_match,"No match found for product 'HashiCorp Boundary Self-Managed' (mapped from 'HashiCorp Boundary Self-Managed'), version '0.21.0'"
WebSphere Application Server for z/OS,22.x Liberty,WebSphere Application Server for z/OS,blue,no_match,"No match found for product 'WebSphere Application Server for z/OS' (mapped from 'WebSphere Application Server for z/OS'), version '22.x liberty'"
Alienware,nan,Alienware,blue,no_match,Empty or null version
PowerHA SystemMirror,7.2.0,PowerHA SystemMirror Standard Edition for AIX,green,exact,"Exact match: product='powerha systemmirror standard edition for aix', version='7.2.x'"
MQ for z/OS,9.4 LTS,MQ for z/OS,blue,no_match,"No match found for product 'MQ for z/OS' (mapped from 'MQ for z/OS'), version '9.4 lts'"
OMEGAMON for z/OS,5.5.0,OMEGAMON for z/OS,green,substring,"Substring match: found 'omegamon for z/os' in 'ibm omegamon for z/os', version='5.5.0'"
Z System Automation,4.4.0,Z System Automation,green,substring,"Substring match: found 'z system automation' in 'ibm z system automation', version='4.4.x'"
Maximo EAM Anywhere SaaS Flex,nan,Maximo EAM Anywhere SaaS Flex,blue,no_match,Empty or null version
DataStax Enterprise,6.8.51,DataStax Enterprise,green,wildcard,Wildcard match: version '6.8.51' matches pattern '6.x' in 'ibm datastax enterprise'
SevOne Network Performance Management,6.8.11,SevOne Network Performance Management,orange,major.minor,Major.minor match: '6.8.11' matches '6.8' in 'ibm sevone network performance management'
TS1170 Tape Drive,nan,TS1170 Tape Drive,blue,no_match,Empty or null version
QRadar SIEM,7.5.0.2,IBM Security QRadar SIEM,green,exact,"Exact match: product='ibm security qradar siem', version='7.5.x'"
Cognos Controller,11.1.0,Cognos Controller,blue,no_match,"No match found for product 'Cognos Controller' (mapped from 'Cognos Controller'), version '11.1.0'"
CICS Transaction Server,CICS TS 5.5 - EOS 30 Sept 2025,CICS Transaction Server for z/OS,blue,no_match,"No match found for product 'CICS Transaction Server for z/OS' (mapped from 'CICS Transaction Server'), version 'cics ts 5.5 - eos 30 sept 2025'"
Power System 550 Server,nan,Power System 550 Server,blue,no_match,Empty or null version
Application Discovery and Delivery Intelligence,6.1.4,Application Discovery and Delivery Intelligence,green,substring,"Substring match: found 'application discovery and delivery intelligence' in 'ibm application discovery and delivery intelligence for ibm z', version='6.1.x'"
Event Streams,10.0,Event Streams,green,substring,"Substring match: found 'event streams' in 'ibm event streams', version='10.0'"
Z Multi-Factor Authentication,V.2.4.0,Z Multi-Factor Authentication,blue,no_match,"No match found for product 'Z Multi-Factor Authentication' (mapped from 'Z Multi-Factor Authentication'), version 'v.2.4.0'"
Db2 Connect,V11.5.8.0,DB2 Connect Enterprise Edition,blue,no_match,"No match found for product 'DB2 Connect Enterprise Edition' (mapped from 'Db2 Connect'), version 'v11.5.8.0'"
Z IntelliMagic Vision,1.2.0.4,Z IntelliMagic Vision,green,major.minor,Major.minor match: '1.2.0.4' matches '1.2.0.0' in 'ibm z intellimagic vision'
watsonx.ai,2.2,watsonx.ai,green,substring,"Substring match: found 'watsonx.ai' in 'ibm watsonx.ai', version='2.2.x'"
Power System 730 Server,nan,Power System 730 Server,blue,no_match,Empty or null version
Cloud Object Storage,3.20.0.43,Cloud Object Storage,blue,no_match,"No match found for product 'Cloud Object Storage' (mapped from 'Cloud Object Storage'), version '3.20.0.43'"
Debug for z/OS,"16.0.x (EOS, 2026-04-30)",Debug for z/OS,orange,substring,"Substring match: found 'debug for z/os' in 'ibm debug for z/os', version='16.0.x'"
Reliable Scalable Cluster Technology (RSCT),7.3,Reliable Scalable Cluster Technology (RSCT),blue,no_match,"No match found for product 'Reliable Scalable Cluster Technology (RSCT)' (mapped from 'Reliable Scalable Cluster Technology (RSCT)'), version '7.3'"
TS1130 Tape Drive,nan,TS1130 Tape Drive,blue,no_match,Empty or null version
Cognos Controller on Cloud,nan,Cognos Controller on Cloud,blue,no_match,Empty or null version
Hardware Management Console Application,V10 R3 M1061,Hardware Management Console Application,blue,no_match,"No match found for product 'Hardware Management Console Application' (mapped from 'Hardware Management Console Application'), version 'v10 r3 m1061'"
Storwize V7000,7.8,Storwize V7000,blue,no_match,"No match found for product 'Storwize V7000' (mapped from 'Storwize V7000'), version '7.8'"
DataPower,10.6.4,DataPower,green,substring,"Substring match: found 'datapower' in 'ibm datapower gateway x2', version='10.6.x'"
Aspera,5.0.1,Aspera,blue,no_match,"No match found for product 'Aspera' (mapped from 'Aspera'), version '5.0.1'"
Combo Point of Sale Box,nan,Combo Point of Sale Box,blue,no_match,Empty or null version
Power System E850 Server,nan,Power System E850 Server,blue,no_match,Empty or null version
PhantomJS,nan,PhantomJS,blue,no_match,Empty or null version
Security Verify Directory,11.0.0,IBM Security Verify Directory,blue,no_match,"No match found for product 'IBM Security Verify Directory' (mapped from 'Security Verify Directory'), version '11.0.0'"
AMS,nan,AMS,blue,no_match,Empty or null version
Rational Programming Patterns,9.8.x,Rational Programming Patterns,green,exact,"Exact match: product='rational programming patterns', version='9.8.x'"
Developer for z/OS,16.0.x,Developer for z/OS,orange,substring,"Substring match: found 'developer for z/os' in 'ibm developer for z/os enterprise edition', version='16.0.x'"
MDS,nan,MDS,blue,no_match,Empty or null version
Jazz for Service Management DASH / TIP,3.1.3,Jazz for Service Management DASH / TIP,blue,no_match,"No match found for product 'Jazz for Service Management DASH / TIP' (mapped from 'Jazz for Service Management DASH / TIP'), version '3.1.3'"
OfficeJet Series Printers,nan,OfficeJet Series Printers,blue,no_match,Empty or null version
Sterling Connect Direct,C:D HP NonStop 3.6,IBM Sterling Connect:Direct for UNIX,blue,no_match,"No match found for product 'IBM Sterling Connect:Direct for UNIX' (mapped from 'Sterling Connect Direct'), version 'c:d hp nonstop 3.6'"
Storage Protect for Cloud,nan,Storage Protect for Cloud,blue,no_match,Empty or null version
Optim Archive,11.7,Optim Archive,blue,no_match,"No match found for product 'Optim Archive' (mapped from 'Optim Archive'), version '11.7'"
Db2 Connect,12.1,DB2 Connect Enterprise Edition,green,exact,"Exact match: product='db2 connect enterprise edition', version='12.1.x'"
Vault Self-Managed,1.17.0,Vault Self-Managed,blue,no_match,"No match found for product 'Vault Self-Managed' (mapped from 'Vault Self-Managed'), version '1.17.0'"
Terraform Self-Managed,202310-1,Terraform Self-Managed,green,wildcard,Wildcard match: version '202310-1' matches pattern '2.x.x' in 'ibm terraform self-managed'
App Connect Enterprise,12.0.10,App Connect Enterprise,green,substring,"Substring match: found 'app connect enterprise' in 'ibm app connect enterprise', version='12.0.x'"
Planning Analytics Local,2.1.14,Planning Analytics Local,green,substring,"Substring match: found 'planning analytics local' in 'ibm planning analytics local', version='2.1.x'"
Power System Series Rack,nan,Power System Series Rack,blue,no_match,Empty or null version
Cloud Pak for Data,5.3.0,Cloud Pak for Data,green,wildcard,Wildcard match: version '5.3.0' matches pattern '5.x.x' in 'ibm cloud pak for data'
Engineering Requirements Management DOORS Next,7.0.3,Engineering Requirements Management DOORS Next,red,major.minor,Major.minor match: '7.0.3' matches '7.0.0' in 'ibm engineering requirements management doors next'
Premium Operations Oracle,nan,Premium Operations Oracle,blue,no_match,Empty or null version
z Workload Scheduler,9.2,z Workload Scheduler,blue,no_match,"No match found for product 'z Workload Scheduler' (mapped from 'z Workload Scheduler'), version '9.2'"
Flat Panel Series Monitors,nan,Flat Panel Series Monitors,blue,no_match,Empty or null version
Key Lifecycle Manager,5.0.0.X,Key Lifecycle Manager,green,major.minor,Major.minor match: '5.0.0.x' matches '5.0.x' in 'ibm guardium key lifecycle manager'
OneData,10.11,OneData,green,substring,"Substring match: found 'onedata' in 'ibm onedata', version='10.11.x'"
TS3310 Tape Library,nan,TS3310 Tape Library,blue,no_match,Empty or null version
Ansible,nan,Ansible,blue,no_match,Empty or null version
Red Hat Enterprise Linux Server,9.x,Red Hat Enterprise Linux Server,blue,no_match,"No match found for product 'Red Hat Enterprise Linux Server' (mapped from 'Red Hat Enterprise Linux Server'), version '9.x'"
webMethods Managed File Transfer,10.11,webMethods Managed File Transfer,blue,no_match,"No match found for product 'webMethods Managed File Transfer' (mapped from 'webMethods Managed File Transfer'), version '10.11'"
Netcool/OMNIbus,8.1.0,Netcool/OMNIbus,red,exact,"Exact match: product='netcool/omnibus', version='8.1.x'"
OpenPages,9.1.3,OpenPages,green,substring,"Substring match: found 'openpages' in 'ibm openpages', version='9.1.x'"
OpenPages on Cloud,9.0.0.2,OpenPages on Cloud,blue,no_match,"No match found for product 'OpenPages on Cloud' (mapped from 'OpenPages on Cloud'), version '9.0.0.2'"
Rhapsody,10.0.2,Rhapsody,green,substring,"Substring match: found 'rhapsody' in 'ibm engineering rhapsody', version='10.0.x'"
Storwize V5000,Version Not Listed,Storwize V5000,blue,no_match,"No match found for product 'Storwize V5000' (mapped from 'Storwize V5000'), version 'version not listed'"
Physical Inventory Inspections Project Services,nan,Physical Inventory Inspections Project Services,blue,no_match,Empty or null version
Master Data Management CE,14.0,Master Data Management CE,blue,no_match,"No match found for product 'Master Data Management CE' (mapped from 'Master Data Management CE'), version '14.0'"
Hardware Management Console Application,V10 R3 M1051,Hardware Management Console Application,blue,no_match,"No match found for product 'Hardware Management Console Application' (mapped from 'Hardware Management Console Application'), version 'v10 r3 m1051'"
MQ,9.1 LTS,IBM MQ,blue,no_match,"No match found for product 'IBM MQ' (mapped from 'MQ'), version '9.1 lts'"
Event Streams,10.1,Event Streams,blue,no_match,"No match found for product 'Event Streams' (mapped from 'Event Streams'), version '10.1'"
SANnav,nan,SANnav,blue,no_match,Empty or null version
OpenPages,9.1.2,OpenPages,green,substring,"Substring match: found 'openpages' in 'ibm openpages', version='9.1.x'"
SPSS Modeler,18.5.0.0,IBM SPSS Modeler,green,substring,"Substring match: found 'ibm spss modeler' in 'ibm spss modeler', version='18.5.x'"
App Connect Enterprise,13.0.5,App Connect Enterprise,green,substring,"Substring match: found 'app connect enterprise' in 'ibm app connect enterprise', version='13.0.x'"
Business Automation Manager Open Editions,8.0.9,Business Automation Manager Open Editions,green,wildcard,Wildcard match: version '8.0.9' matches pattern '8.x' in 'ibm business automation manager open editions'
Engineering Test Management,7.1.0,Engineering Test Management,green,substring,"Substring match: found 'engineering test management' in 'ibm engineering test management', version='7.1.0'"
UCS Server,nan,UCS Server,blue,no_match,Empty or null version
Cloud Pak for Data System,2.0.2.1.IF2,Cloud Pak for Data System,red,substring,"Substring match: found 'cloud pak for data system' in 'ibm cloud pak for data system for federal and finance', version='2.0.x'"
FlashSystem 5600,nan,FlashSystem 5600,blue,no_match,Empty or null version
BOB@IBM,nan,BOB@IBM,blue,no_match,Empty or null version
Netcool/Impact,7.1.0.33,Netcool/Impact,red,exact,"Exact match: product='netcool/impact', version='7.1.x'"
Rational Application Developer for WebSphere Software,9.7,Rational Application Developer for WebSphere Software,green,exact,"Exact match: product='rational application developer for websphere software', version='9.7.x'"
Spectrum Control,5.4.13,Spectrum Control,green,substring,"Substring match: found 'spectrum control' in 'ibm spectrum control', version='5.4.x'"
Cognos Analytics on Cloud,12.1.1,Cognos Analytics on Cloud,blue,no_match,"No match found for product 'Cognos Analytics on Cloud' (mapped from 'Cognos Analytics on Cloud'), version '12.1.1'"
Runtimes for Business,nan,Runtimes for Business,blue,no_match,Empty or null version
z/VM,7.1.0 (EOS),z/VM,orange,exact,"Exact match: product='z/vm', version='7.1.x'"
DevOps Deploy,8.1.2.2,DevOps Deploy,green,substring,"Substring match: found 'devops deploy' in 'ibm devops deploy', version='8.1.x'"
DataStax Enterprise,6.8.40,DataStax Enterprise,green,wildcard,Wildcard match: version '6.8.40' matches pattern '6.x' in 'ibm datastax enterprise'
MobileFirst Platform Foundation,8.0,MobileFirst Platform Foundation,red,substring,"Substring match: found 'mobilefirst platform foundation' in 'ibm mobilefirst platform foundation', version='8.0.x'"
LinuxONE Rockhopper II,nan,LinuxONE Rockhopper II,blue,no_match,Empty or null version
Product Master,14.0,Product Master,green,substring,"Substring match: found 'product master' in 'ibm product master', version='14.0.x'"
Windows,nan,Windows,blue,no_match,Empty or null version
IMS Tools Base for z/OS,1.7.0,IMS Tools Base for z/OS,green,exact,"Exact match: product='ims tools base for z/os', version='1.7.0'"
QFX Series Switches,nan,QFX Series Switches,blue,no_match,Empty or null version
DataPower,7.7.1,DataPower,red,major.minor,Major.minor match: '7.7.1' matches '7.7.0' in 'ibm datapower gateway'
Integrated Analytics Systems,1.0.25.x,Integrated Analytics Systems,blue,no_match,"No match found for product 'Integrated Analytics Systems' (mapped from 'Integrated Analytics Systems'), version '1.0.25.x'"
OpenPages on Cloud,9.1.0,OpenPages on Cloud,blue,no_match,"No match found for product 'OpenPages on Cloud' (mapped from 'OpenPages on Cloud'), version '9.1.0'"
Vault Self-Managed,1.18.6,Vault Self-Managed,blue,no_match,"No match found for product 'Vault Self-Managed' (mapped from 'Vault Self-Managed'), version '1.18.6'"
Cloud Pak for Integration,16.1.2,Cloud Pak for Integration,green,substring,"Substring match: found 'cloud pak for integration' in 'ibm cloud pak for integration', version='16.1.2'"
Integrated Analytics Systems,1.0.27.3,Integrated Analytics Systems,blue,no_match,"No match found for product 'Integrated Analytics Systems' (mapped from 'Integrated Analytics Systems'), version '1.0.27.3'"
Rhapsody,9.0.1,Rhapsody,orange,substring,"Substring match: found 'rhapsody' in 'ibm engineering systems design rhapsody', version='9.0.1'"
Workload Automation,9.5 - on prem,Workload Automation,blue,no_match,"No match found for product 'Workload Automation' (mapped from 'Workload Automation'), version '9.5 - on prem'"
oncallmanager,nan,oncallmanager,blue,no_match,Empty or null version
Cloud Pak for Data System,2.0.2.1,Cloud Pak for Data System,red,substring,"Substring match: found 'cloud pak for data system' in 'ibm cloud pak for data system for federal and finance', version='2.0.x'"
Cognos Analytics,12.0.0,IBM Cognos Analytics,green,exact,"Exact match: product='ibm cognos analytics', version='12.0.x'"
Disk Storage,nan,Disk Storage,blue,no_match,Empty or null version
DevOps Code ClearCase,11.0.x,DevOps Code ClearCase,green,substring,"Substring match: found 'devops code clearcase' in 'ibm devops code clearcase', version='11.0.x'"
Watson Explorer,12.3.0.16,Watson Explorer,blue,no_match,"No match found for product 'Watson Explorer' (mapped from 'Watson Explorer'), version '12.3.0.16'"
Storage Defender,nan,Storage Defender,blue,no_match,Empty or null version
InfoSphere Information Server: Information Governance Catalog (IGC),11.7.1,InfoSphere Information Server: Information Governance Catalog (IGC),blue,no_match,"No match found for product 'InfoSphere Information Server: Information Governance Catalog (IGC)' (mapped from 'InfoSphere Information Server: Information Governance Catalog (IGC)'), version '11.7.1'"
Tivoli Network Manager,4.2.0.18 (Build 207),Tivoli Network Manager,red,substring,"Substring match: found 'tivoli network manager' in 'tivoli network manager ip edition', version='4.2.x'"
FlexNetwork MSR Series Routers,nan,FlexNetwork MSR Series Routers,blue,no_match,Empty or null version
Open Enterprise SDK for Apache Kafka,3.2.0,Open Enterprise SDK for Apache Kafka,blue,no_match,"No match found for product 'Open Enterprise SDK for Apache Kafka' (mapped from 'Open Enterprise SDK for Apache Kafka'), version '3.2.0'"
Security Verify Directory Integrator,V.7.2,Security Verify Directory Integrator,blue,no_match,"No match found for product 'Security Verify Directory Integrator' (mapped from 'Security Verify Directory Integrator'), version 'v.7.2'"
FlashSystem 9200,9.1,FlashSystem 9200,blue,no_match,"No match found for product 'FlashSystem 9200' (mapped from 'FlashSystem 9200'), version '9.1'"
Planning Analytics Local,2.1.1,Planning Analytics Local,green,substring,"Substring match: found 'planning analytics local' in 'ibm planning analytics local', version='2.1.x'"
Rational Synergy,"7.2.x [EOS, 30-Sept-2024]",Rational Synergy,red,exact,"Exact match: product='rational synergy', version='7.2.x'"
Vault Self-Managed,2.0,Vault Self-Managed,green,wildcard,Wildcard match: major version '2' matches '2.x.x' in 'ibm vault self-managed'
DevOps Deploy,8.2.0.1,DevOps Deploy,green,substring,"Substring match: found 'devops deploy' in 'ibm devops deploy', version='8.2.x'"
FileNet Content Manager,5.5.3.0,FileNet Content Manager,green,substring,"Substring match: found 'filenet content manager' in 'ibm filenet content manager', version='5.5.x'"
Guardium Data Encryption,5.1,Guardium Data Encryption,green,substring,"Substring match: found 'guardium data encryption' in 'ibm guardium data encryption', version='5.1.x'"
Nomad Self-Managed,1.6.3,Nomad Self-Managed,blue,no_match,"No match found for product 'Nomad Self-Managed' (mapped from 'Nomad Self-Managed'), version '1.6.3'"
Proliant DX Series Servers,nan,Proliant DX Series Servers,blue,no_match,Empty or null version
Z Operational Log and Data Analytics,5.1.0,Z Operational Log and Data Analytics,green,substring,"Substring match: found 'z operational log and data analytics' in 'ibm z operational log and data analytics', version='5.1.x'"
Sterling B2B Integrator,6.0.2 (not supported),IBM Sterling B2B Integrator,red,exact,"Exact match: product='ibm sterling b2b integrator', version='6.0.x'"
Aspera,4.0.0,Aspera,red,substring,"Substring match: found 'aspera' in 'aspera', version='4.0.x'"
Integrated Analytics Systems,1.0.24.x,Integrated Analytics Systems,blue,no_match,"No match found for product 'Integrated Analytics Systems' (mapped from 'Integrated Analytics Systems'), version '1.0.24.x'"
Security Verify Directory,10.0.3,IBM Security Verify Directory,green,exact,"Exact match: product='ibm security verify directory', version='10.0.x'"
Z NetView,6.5.0,Z NetView,green,substring,"Substring match: found 'z netview' in 'ibm z netview', version='6.5.x'"
Spectrum Control,5.4.12,Spectrum Control,green,substring,"Substring match: found 'spectrum control' in 'ibm spectrum control', version='5.4.x'"
watsonx.data intelligence as a Service,nan,watsonx.data intelligence as a Service,blue,no_match,Empty or null version
Security QRadar Suite,1.11.0.0,Security QRadar Suite,blue,no_match,"No match found for product 'Security QRadar Suite' (mapped from 'Security QRadar Suite'), version '1.11.0.0'"
Financial Transaction Manager,4.0.8,Financial Transaction Manager,green,substring,"Substring match: found 'financial transaction manager' in 'ibm financial transaction manager', version='4.0.x'"
TRIRIGA Applications,11.1.0,TRIRIGA Applications,blue,no_match,"No match found for product 'TRIRIGA Applications' (mapped from 'TRIRIGA Applications'), version '11.1.0'"
Financial Transaction Manager,4.0.9,Financial Transaction Manager,green,substring,"Substring match: found 'financial transaction manager' in 'ibm financial transaction manager', version='4.0.x'"
Fusion HCI for watsonx,nan,Fusion HCI for watsonx,blue,no_match,Empty or null version
eCare: SQO,nan,eCare: SQO,blue,no_match,Empty or null version
Lenovo EveryScale Solution,nan,Lenovo EveryScale Solution,blue,no_match,Empty or null version
Rational ClearQuest,10.0.x,Rational ClearQuest,green,substring,"Substring match: found 'rational clearquest' in 'ibm rational clearquest', version='10.0.x'"
Nomad Self-Managed,1.10.8,Nomad Self-Managed,blue,no_match,"No match found for product 'Nomad Self-Managed' (mapped from 'Nomad Self-Managed'), version '1.10.8'"
FileNet Content Manager,5.5.7.0,FileNet Content Manager,green,substring,"Substring match: found 'filenet content manager' in 'ibm filenet content manager', version='5.5.x'"
Query Management Facility,nan,Query Management Facility,blue,no_match,Empty or null version
Cognos PowerPlay,12.1.1,Cognos PowerPlay,green,substring,"Substring match: found 'cognos powerplay' in 'ibm cognos powerplay', version='12.1.x'"
FlashSystem 5200,8.5,FlashSystem 5200,blue,no_match,"No match found for product 'FlashSystem 5200' (mapped from 'FlashSystem 5200'), version '8.5'"
QRadar Appliance Hardware,7.5.0.12,QRadar Appliance Hardware,blue,no_match,"No match found for product 'QRadar Appliance Hardware' (mapped from 'QRadar Appliance Hardware'), version '7.5.0.12'"
OpenPages on Cloud,9.0.0.3,OpenPages on Cloud,blue,no_match,"No match found for product 'OpenPages on Cloud' (mapped from 'OpenPages on Cloud'), version '9.0.0.3'"
DevOps Deploy,8.0.1.6,DevOps Deploy,green,substring,"Substring match: found 'devops deploy' in 'ibm devops deploy', version='8.0.x'"
Hardware Management Console Application,V11 R1 M1110,Hardware Management Console Application,blue,no_match,"No match found for product 'Hardware Management Console Application' (mapped from 'Hardware Management Console Application'), version 'v11 r1 m1110'"
Z Software Asset Management,8.2,Z Software Asset Management,orange,substring,"Substring match: found 'z software asset management' in 'ibm z software asset management', version='8.2.x'"
Db2 Data Management Console,v3.1.13,Db2 Data Management Console,green,wildcard,Wildcard match: version 'v3.1.13' matches pattern '3.1.x' in 'ibm db2 data management console'
Copy Services Manager,6.3.10.0,Copy Services Manager,green,substring,"Substring match: found 'copy services manager' in 'ibm copy services manager', version='6.3.x'"
SPSS Collaboration & Deployment Services,9.0.0.0,SPSS Collaboration & Deployment Services,blue,no_match,"No match found for product 'SPSS Collaboration & Deployment Services' (mapped from 'SPSS Collaboration & Deployment Services'), version '9.0.0.0'"
Sterling Connect Direct,C:D Windows 6.3,IBM Sterling Connect:Direct for UNIX,blue,no_match,"No match found for product 'IBM Sterling Connect:Direct for UNIX' (mapped from 'Sterling Connect Direct'), version 'c:d windows 6.3'"
Instana Observability,1.0.309,Instana Observability,green,substring,"Substring match: found 'instana observability' in 'ibm instana observability', version='1.0.x'"
DevOps Velocity,nan,DevOps Velocity,blue,no_match,Empty or null version
Tivoli OMEGAMON XE for Db2 Performance Expert,5.5,Tivoli OMEGAMON XE for Db2 Performance Expert,blue,no_match,"No match found for product 'Tivoli OMEGAMON XE for Db2 Performance Expert' (mapped from 'Tivoli OMEGAMON XE for Db2 Performance Expert'), version '5.5'"
CL/SuperSession,3.1.0,CL/SuperSession,green,substring,"Substring match: found 'cl/supersession' in 'ibm cl/supersession for z/os', version='3.1.0'"
File Manager,16.1,File Manager,green,substring,"Substring match: found 'file manager' in 'file manager for z/os', version='16.1.x'"
Fault Analyzer,16.1,Fault Analyzer for z/OS,green,substring,"Substring match: found 'fault analyzer for z/os' in 'fault analyzer for z/os', version='16.1.x'"
DataPower,10.5.4,DataPower,orange,substring,"Substring match: found 'datapower' in 'ibm datapower gateway x2', version='10.5.x'"
OpenPages,9.1.1,OpenPages,green,substring,"Substring match: found 'openpages' in 'ibm openpages', version='9.1.x'"
Network Enclosures,nan,Network Enclosures,blue,no_match,Empty or null version
Uninterruptable Power Supply,nan,Uninterruptable Power Supply,blue,no_match,Empty or null version
Cloud Pak for Data,5.0.2,Cloud Pak for Data,green,wildcard,Wildcard match: version '5.0.2' matches pattern '5.x.x' in 'ibm cloud pak for data'
Cognos Analytics on Cloud,12.1.0,Cognos Analytics on Cloud,blue,no_match,"No match found for product 'Cognos Analytics on Cloud' (mapped from 'Cognos Analytics on Cloud'), version '12.1.0'"
Z OMEGAMON AI for z/OS,610,Z OMEGAMON AI for z/OS,blue,no_match,"No match found for product 'Z OMEGAMON AI for z/OS' (mapped from 'Z OMEGAMON AI for z/OS'), version '610'"
QRadar Applications SaaS,nan,QRadar Applications SaaS,blue,no_match,Empty or null version
Verify Identity Governance,V.10.0.1 - Identity Governance (IGI),Verify Identity Governance,blue,no_match,"No match found for product 'Verify Identity Governance' (mapped from 'Verify Identity Governance'), version 'v.10.0.1 - identity governance (igi)'"
Datacap on Cloud,nan,Datacap on Cloud,blue,no_match,Empty or null version
Data Center Management,nan,Data Center Management,blue,no_match,Empty or null version
Business Automation Workflow,23.0.2,Business Automation Workflow,green,substring,"Substring match: found 'business automation workflow' in 'ibm business automation workflow', version='23.0.x'"
Hardware Management Console Application,7.1 (EOS 4/30/2023),Hardware Management Console Application,blue,no_match,"No match found for product 'Hardware Management Console Application' (mapped from 'Hardware Management Console Application'), version '7.1'"
Aspera,4.4.2,Aspera,green,substring,"Substring match: found 'aspera' in 'aspera', version='4.4.x'"
Sterling Secure Proxy,6.0.3,Sterling Secure Proxy,orange,substring,"Substring match: found 'sterling secure proxy' in 'ibm sterling secure proxy', version='6.0.x'"
QRadar SIEM SaaS,7.5.0.9,QRadar SIEM SaaS,blue,no_match,"No match found for product 'QRadar SIEM SaaS' (mapped from 'QRadar SIEM SaaS'), version '7.5.0.9'"
Workstation Personal Computer,nan,Workstation Personal Computer,blue,no_match,Empty or null version
Db2 for z/OS,12,Db2 for z/OS,blue,no_match,"No match found for product 'Db2 for z/OS' (mapped from 'Db2 for z/OS'), version '12'"
Unity Hybrid Storage,nan,Unity Hybrid Storage,blue,no_match,Empty or null version
PowerSC,v2.3.0.0,PowerSC,green,wildcard,Wildcard match: version 'v2.3.0.0' matches pattern '2.3.x' in 'ibm powersc'
Vault Self-Managed,1.21.3,Vault Self-Managed,blue,no_match,"No match found for product 'Vault Self-Managed' (mapped from 'Vault Self-Managed'), version '1.21.3'"
SevOne Network Performance Management,7.2.3,SevOne Network Performance Management,green,major.minor,Major.minor match: '7.2.3' matches '7.2' in 'ibm sevone network performance management'
Jazz for Service Management DASH / TIP,3.1.3.18,Jazz for Service Management DASH / TIP,blue,no_match,"No match found for product 'Jazz for Service Management DASH / TIP' (mapped from 'Jazz for Service Management DASH / TIP'), version '3.1.3.18'"
Equallogic,nan,Equallogic,blue,no_match,Empty or null version
Kubecost Self Hosted,3.1.0,Kubecost Self Hosted,green,wildcard,Wildcard match: version '3.1.0' matches pattern '3.x.x' in 'ibm kubecost self hosted'
Notebooks,nan,Notebooks,blue,no_match,Empty or null version
DevOps Deploy,7.1,DevOps Deploy,blue,no_match,"No match found for product 'DevOps Deploy' (mapped from 'DevOps Deploy'), version '7.1'"
OptiPlex,nan,OptiPlex,blue,no_match,Empty or null version
Video Conference,nan,Video Conference,blue,no_match,Empty or null version
Kubecost Self Hosted,2.6.5,Kubecost Self Hosted,green,wildcard,Wildcard match: version '2.6.5' matches pattern '2.x.x' in 'ibm kubecost self hosted'
Cloud Pak for AIOps,4.8.1,Cloud Pak for AIOps,green,wildcard,Wildcard match: version '4.8.1' matches pattern '4.x' in 'ibm cloud pak for aiops'
Hardware customization/shipping & handling,nan,Hardware customization/shipping & handling,blue,no_match,Empty or null version
IBM i,7.1 and earlier [best effort- need special bid contract],IBM i,blue,no_match,"No match found for product 'IBM i' (mapped from 'IBM i'), version '7.1 and earlier [best effort- need special bid contract]'"
Informix Dynamic Server,IDS 12.10.xC9,IBM Informix Advanced Enterprise Edition,blue,no_match,"No match found for product 'IBM Informix Advanced Enterprise Edition' (mapped from 'Informix Dynamic Server'), version 'ids 12.10.xc9'"
FlashSystem 5200,9.1,FlashSystem 5200,blue,no_match,"No match found for product 'FlashSystem 5200' (mapped from 'FlashSystem 5200'), version '9.1'"
Optim Data Growth,11.7,Optim Data Growth,green,substring,"Substring match: found 'optim data growth' in 'ibm infosphere optim data growth solution', version='11.7.0'"
COBOL,"Enterprise COBOL for z/OS, V6.5",COBOL,blue,no_match,"No match found for product 'COBOL' (mapped from 'COBOL'), version 'enterprise cobol for z/os, v6.5'"
Guardium Discover and Classify,4.1.1,Guardium Discover and Classify,green,wildcard,Wildcard match: version '4.1.1' matches pattern '4.x' in 'ibm guardium discover and classify'
Ideapad,nan,Ideapad,blue,no_match,Empty or null version
Storwize V5000e,8.3,Storwize V5000e,blue,no_match,"No match found for product 'Storwize V5000e' (mapped from 'Storwize V5000e'), version '8.3'"
Scanner,nan,Scanner,blue,no_match,Empty or null version
Consul Self-Managed,1.21.11+ent.fips1402,Consul Self-Managed,blue,no_match,"No match found for product 'Consul Self-Managed' (mapped from 'Consul Self-Managed'), version '1.21.11+ent.fips1402'"
z Workload Scheduler,10.2,z Workload Scheduler,green,substring,"Substring match: found 'z workload scheduler' in 'ibm z workload scheduler', version='10.2.x'"
Db2 Analytics Accelerator for z/OS,8.1.0,Db2 Analytics Accelerator for z/OS,green,exact,"Exact match: product='db2 analytics accelerator for z/os', version='8.1.0'"
SevOne Network Performance Management,8.0.10,SevOne Network Performance Management,green,wildcard,Wildcard match: version '8.0.10' matches pattern '8.x' in 'ibm sevone network performance management'
Engineering Requirements Management DOORS,9.7.1,Engineering Requirements Management DOORS,green,substring,"Substring match: found 'engineering requirements management doors' in 'ibm engineering requirements management doors', version='9.7.x'"
SPSS Collaboration & Deployment Services,8.5.0.0,SPSS Collaboration & Deployment Services,blue,no_match,"No match found for product 'SPSS Collaboration & Deployment Services' (mapped from 'SPSS Collaboration & Deployment Services'), version '8.5.0.0'"
Daeja ViewONE,5.0.15.005,Daeja ViewONE,green,substring,"Substring match: found 'daeja viewone' in 'ibm daeja viewone virtual', version='5.0.x'"
Cloud Pak for Data,5.1.1,Cloud Pak for Data,green,wildcard,Wildcard match: version '5.1.1' matches pattern '5.x.x' in 'ibm cloud pak for data'
StreamSets,5.1,StreamSets,blue,no_match,"No match found for product 'StreamSets' (mapped from 'StreamSets'), version '5.1'"
DevOps Deploy,8.2.1.0,DevOps Deploy,green,substring,"Substring match: found 'devops deploy' in 'ibm devops deploy', version='8.2.x'"
PowerVM / VIOS,4.1.0.40,PowerVM,green,major.minor,Major.minor match: '4.1.0.40' matches '4.1.0' in 'powervm'
SAN Volume Controller,8.4,SAN Volume Controller,blue,no_match,"No match found for product 'SAN Volume Controller' (mapped from 'SAN Volume Controller'), version '8.4'"
Master Data Management CE,nan,Master Data Management CE,blue,no_match,Empty or null version
FlashSystem 5100,8.3,FlashSystem 5100,red,substring,"Substring match: found 'flashsystem 5100' in 'ibm spectrum virtualize software for flashsystem 5100', version='8.3.0'"
webMethods AgileApps SaaS,10.16,webMethods AgileApps SaaS,blue,no_match,"No match found for product 'webMethods AgileApps SaaS' (mapped from 'webMethods AgileApps SaaS'), version '10.16'"
Spectrum Protect for ERP,8.1,Spectrum Protect for ERP,blue,no_match,"No match found for product 'Spectrum Protect for ERP' (mapped from 'Spectrum Protect for ERP'), version '8.1'"
Financial Crimes Insight,nan,Financial Crimes Insight,blue,no_match,Empty or null version
Spectrum Virtualize for FlashSystem 7000 ,8.3,Spectrum Virtualize for FlashSystem 7000 ,blue,no_match,"No match found for product 'Spectrum Virtualize for FlashSystem 7000 ' (mapped from 'Spectrum Virtualize for FlashSystem 7000 '), version '8.3'"
Guardium Insights,3.3.0,Guardium Insights,green,substring,"Substring match: found 'guardium insights' in 'ibm security guardium insights', version='3.3.x'"
Db2 Analytics Accelerator Loader for z/OS,3.1,Db2 Analytics Accelerator Loader for z/OS,green,substring,"Substring match: found 'db2 analytics accelerator loader for z/os' in 'ibm db2 analytics accelerator loader for z/os', version='3.1.0'"
Luna DB,4.1.10,Luna DB,blue,no_match,"No match found for product 'Luna DB' (mapped from 'Luna DB'), version '4.1.10'"
Cognos Planning,10.2.1,Cognos Planning,orange,exact,"Exact match: product='cognos planning', version='10.2.x'"
ThinkSystem SR V3 Series Server,nan,ThinkSystem SR V3 Series Server,blue,no_match,Empty or null version
Decision Runtime for z/OS,9.5.0,Decision Runtime for z/OS,green,substring,"Substring match: found 'decision runtime for z/os' in 'ibm decision runtime for z/os', version='9.5.x'"
PowerHA SystemMirror,7.2.4,PowerHA SystemMirror Standard Edition for AIX,green,exact,"Exact match: product='powerha systemmirror standard edition for aix', version='7.2.x'"
Storage Scale Erasure Code Edition,6.0.0,Storage Scale Erasure Code Edition,green,substring,"Substring match: found 'storage scale erasure code edition' in 'ibm storage scale erasure code edition', version='6.0.0'"
Maximo Application Suite,8.11.0,Maximo Application Suite,blue,no_match,"No match found for product 'Maximo Application Suite' (mapped from 'Maximo Application Suite'), version '8.11.0'"
Turbonomic On-Premises,8.17,Turbonomic On-Premises,blue,no_match,"No match found for product 'Turbonomic On-Premises' (mapped from 'Turbonomic On-Premises'), version '8.17'"
Vault Self-Managed,1.16.31,Vault Self-Managed,blue,no_match,"No match found for product 'Vault Self-Managed' (mapped from 'Vault Self-Managed'), version '1.16.31'"
SevOne Network Performance Management,7.2.8,SevOne Network Performance Management,green,major.minor,Major.minor match: '7.2.8' matches '7.2' in 'ibm sevone network performance management'
Power System S822L Server,nan,Power System S822L Server,blue,no_match,Empty or null version
WebSphere Application Server for z/OS,9.0.x,WebSphere Application Server for z/OS,green,exact,"Exact match: product='websphere application server for z/os', version='9.0.x'"
"Db2 Linux, Unix and Windows w/ Performance Optimization",10.5,"Db2 Linux, Unix and Windows w/ Performance Optimization",blue,no_match,"No match found for product 'Db2 Linux, Unix and Windows w/ Performance Optimization' (mapped from 'Db2 Linux, Unix and Windows w/ Performance Optimization'), version '10.5'"
Hardware Management Console Application,V10 R3 M1062,Hardware Management Console Application,blue,no_match,"No match found for product 'Hardware Management Console Application' (mapped from 'Hardware Management Console Application'), version 'v10 r3 m1062'"
OpenPages,9.0.0.4,OpenPages,green,substring,"Substring match: found 'openpages' in 'ibm openpages', version='9.0.x'"
Storage Ceph,7.1.0,Storage Ceph,blue,no_match,"No match found for product 'Storage Ceph' (mapped from 'Storage Ceph'), version '7.1.0'"
InfoSphere Information Server: Generic,other,InfoSphere Information Server: Generic,blue,no_match,"No match found for product 'InfoSphere Information Server: Generic' (mapped from 'InfoSphere Information Server: Generic'), version 'other'"
SevOne Network Performance Management,8.1.1,SevOne Network Performance Management,green,wildcard,Wildcard match: version '8.1.1' matches pattern '8.x' in 'ibm sevone network performance management'
Vault Self-Managed,1.16.9,Vault Self-Managed,blue,no_match,"No match found for product 'Vault Self-Managed' (mapped from 'Vault Self-Managed'), version '1.16.9'"
Explorer for z/OS,3.4.x,Explorer for z/OS,green,substring,"Substring match: found 'explorer for z/os' in 'ibm explorer for z/os', version='3.4.x'"
Storage Protect,8.1.2.0,Storage Protect,green,substring,"Substring match: found 'storage protect' in 'ibm storage protect', version='8.1.x'"
Z Multi-Factor Authentication,V.2.3.0,Z Multi-Factor Authentication,green,wildcard,Wildcard match: version 'v.2.3.0' matches pattern '2.3.x' in 'ibm z multi-factor authentication'
Dependency Based Build,3.0.x,Dependency Based Build,green,substring,"Substring match: found 'dependency based build' in 'ibm dependency based build', version='3.0.x'"
Storage Scale,5.2.0,IBM Storage Scale Data Management Edition,green,exact,"Exact match: product='ibm storage scale data management edition', version='5.2.x'"
Netcool/Impact,7.1.0.37,Netcool/Impact,red,exact,"Exact match: product='netcool/impact', version='7.1.x'"
IMS Database Solution Pack for z/OS,2.2.0,IMS Database Solution Pack for z/OS,green,exact,"Exact match: product='ims database solution pack for z/os', version='2.2.0'"
Sterling Transformation Extender,11.0.2,IBM Sterling Transformation Extender,green,substring,"Substring match: found 'ibm sterling transformation extender' in 'ibm sterling transformation extender', version='11.0.x'"
z13s,nan,z13s,blue,no_match,Empty or null version
WebSphere Liberty Core,24.x Liberty,WebSphere Application Server Liberty Core,blue,no_match,"No match found for product 'WebSphere Application Server Liberty Core' (mapped from 'WebSphere Liberty Core'), version '24.x liberty'"
Cognos Controller on Cloud,11.0.1,Cognos Controller on Cloud,blue,no_match,"No match found for product 'Cognos Controller on Cloud' (mapped from 'Cognos Controller on Cloud'), version '11.0.1'"
WebSphere Automation,1.12,WebSphere Automation,green,wildcard,Wildcard match: major version '1' matches '1.x.x' in 'ibm websphere automation'
Planning Analytics Local,2.1.12,Planning Analytics Local,green,substring,"Substring match: found 'planning analytics local' in 'ibm planning analytics local', version='2.1.x'"
QRadar Applications,7.5.0.9,QRadar Applications,blue,no_match,"No match found for product 'QRadar Applications' (mapped from 'QRadar Applications'), version '7.5.0.9'"
Terraform Self-Managed,2.0.0,Terraform Self-Managed,green,wildcard,Wildcard match: version '2.0.0' matches pattern '2.x.x' in 'ibm terraform self-managed'
Kubecost Self Hosted,3.0.6,Kubecost Self Hosted,green,wildcard,Wildcard match: version '3.0.6' matches pattern '3.x.x' in 'ibm kubecost self hosted'
InfoSphere Information Server: QualityStage (QS),11.7,InfoSphere Information Server: QualityStage (QS),blue,no_match,"No match found for product 'InfoSphere Information Server: QualityStage (QS)' (mapped from 'InfoSphere Information Server: QualityStage (QS)'), version '11.7'"
File Manager,15.1,File Manager,orange,substring,"Substring match: found 'file manager' in 'file manager for z/os', version='15.1.x'"
Cloud Pak for Data,4,Cloud Pak for Data,green,wildcard,Wildcard match: version '4' matches '4.x.x' (without .x) in 'ibm cloud pak for data'
Key Lifecycle Manager,5.1.0.x,Key Lifecycle Manager,green,major.minor,Major.minor match: '5.1.0.x' matches '5.1.x' in 'ibm guardium key lifecycle manager'
Cloud Pak for Data as a Service,nan,Cloud Pak for Data as a Service,blue,no_match,Empty or null version
SPSS Statistics,29.0.0.0,IBM SPSS Statistics,green,exact,"Exact match: product='ibm spss statistics', version='29.0.x'"
Concert for Z,nan,Concert for Z,blue,no_match,Empty or null version
E-Business Suite,nan,E-Business Suite,blue,no_match,Empty or null version
IBMid Support,nan,IBMid Support,blue,no_match,Empty or null version
FlashSystem 9200,8.3,FlashSystem 9200,blue,no_match,"No match found for product 'FlashSystem 9200' (mapped from 'FlashSystem 9200'), version '8.3'"
Rational Application Developer for WebSphere Software,11.0,Rational Application Developer for WebSphere Software,green,exact,"Exact match: product='rational application developer for websphere software', version='11.0.x'"
QRadar Applications,7.5.0.0,QRadar Applications,blue,no_match,"No match found for product 'QRadar Applications' (mapped from 'QRadar Applications'), version '7.5.0.0'"
Thermal Printers,nan,Thermal Printers,blue,no_match,Empty or null version
App Connect Enterprise,10.1.0,App Connect Enterprise,blue,no_match,"No match found for product 'App Connect Enterprise' (mapped from 'App Connect Enterprise'), version '10.1.0'"
Storage Protect,8.1.14.0,Storage Protect,green,substring,"Substring match: found 'storage protect' in 'ibm storage protect', version='8.1.x'"
COBOL,"Enterprise COBOL for z/OS, V6.3 (EOS, 9/30/2025)",COBOL,blue,no_match,"No match found for product 'COBOL' (mapped from 'COBOL'), version 'enterprise cobol for z/os, v6.3'"
Vault Self-Managed,1.19.0,Vault Self-Managed,green,substring,"Substring match: found 'vault self-managed' in 'ibm vault self-managed', version='1.19.x'"
Storage Protect for Virtual Environments,8.2.1,Storage Protect for Virtual Environments,green,major.minor,Major.minor match: '8.2.1' matches '8.2.0' in 'ibm storage protect for virtual environments'
EntireX,11.1,EntireX,green,substring,"Substring match: found 'entirex' in 'ibm entirex', version='11.1.x'"
DataStax Enterprise,6.9.18,DataStax Enterprise,green,wildcard,Wildcard match: version '6.9.18' matches pattern '6.x' in 'ibm datastax enterprise'
Hardware Management Console Application,V9 R2 Physical Appliance Only,Hardware Management Console Application,blue,no_match,"No match found for product 'Hardware Management Console Application' (mapped from 'Hardware Management Console Application'), version 'v9 r2 physical appliance only'"
DevOps Deploy,8.2.0.0,DevOps Deploy,green,substring,"Substring match: found 'devops deploy' in 'ibm devops deploy', version='8.2.x'"
Financial Transaction Manager,4.0.6.0,Financial Transaction Manager,green,substring,"Substring match: found 'financial transaction manager' in 'ibm financial transaction manager', version='4.0.x'"
IBM Java for z/OS,Java 8 64-bit,"IBM 64-bit SDK for z/OS, Java 2 Technology Edition",blue,no_match,"No match found for product 'IBM 64-bit SDK for z/OS, Java 2 Technology Edition' (mapped from 'IBM Java for z/OS'), version 'java 8 64-bit'"
DevOps Deploy,8.1.2.4,DevOps Deploy,green,substring,"Substring match: found 'devops deploy' in 'ibm devops deploy', version='8.1.x'"
FlashSystem 7200,8.6,FlashSystem 7200,blue,no_match,"No match found for product 'FlashSystem 7200' (mapped from 'FlashSystem 7200'), version '8.6'"
TETRA Radio Terminals,nan,TETRA Radio Terminals,blue,no_match,Empty or null version
Integrated Analytics Systems,nan,Integrated Analytics Systems,blue,no_match,Empty or null version
DataStax Enterprise,6.8.35,DataStax Enterprise,green,wildcard,Wildcard match: version '6.8.35' matches pattern '6.x' in 'ibm datastax enterprise'
Sterling File Gateway,6.2.2,IBM Sterling File Gateway,green,substring,"Substring match: found 'ibm sterling file gateway' in 'ibm sterling file gateway', version='6.2.x'"
Vault Self-Managed,1.19.11,Vault Self-Managed,green,substring,"Substring match: found 'vault self-managed' in 'ibm vault self-managed', version='1.19.x'"
MQ,9.3 CD,IBM MQ,blue,no_match,"No match found for product 'IBM MQ' (mapped from 'MQ'), version '9.3 cd'"
Storwize V7000,8.3,Storwize V7000,blue,no_match,"No match found for product 'Storwize V7000' (mapped from 'Storwize V7000'), version '8.3'"
UrbanCode Release,6.2.5.11,UrbanCode Release,red,substring,"Substring match: found 'urbancode release' in 'ibm urbancode release', version='6.2.x'"
Integrated Analytics Systems,1.0.32.0,Integrated Analytics Systems,blue,no_match,"No match found for product 'Integrated Analytics Systems' (mapped from 'Integrated Analytics Systems'), version '1.0.32.0'"
iMac,nan,iMac,blue,no_match,Empty or null version
EDB Enterprise Postgres,EDB Postgres Advanced Server (EPAS) v16.x,EDB Enterprise Postgres,blue,no_match,"No match found for product 'EDB Enterprise Postgres' (mapped from 'EDB Enterprise Postgres'), version 'edb postgres advanced server (epas) v16.x'"
IBM Java for z/OS,Java 8 31-bit,"IBM 64-bit SDK for z/OS, Java 2 Technology Edition",blue,no_match,"No match found for product 'IBM 64-bit SDK for z/OS, Java 2 Technology Edition' (mapped from 'IBM Java for z/OS'), version 'java 8 31-bit'"
API Connect,10.0.1,API Connect,green,substring,"Substring match: found 'api connect' in 'ibm api connect', version='10.0.x'"
Power System E870C Server,nan,Power System E870C Server,blue,no_match,Empty or null version
Developer for z/OS Enterprise Edition,nan,Developer for z/OS Enterprise Edition,blue,no_match,Empty or null version
PowerHA SystemMirror,7.2.8,PowerHA SystemMirror Standard Edition for AIX,green,exact,"Exact match: product='powerha systemmirror standard edition for aix', version='7.2.x'"
Engineering Test Management,7.0.3,Engineering Test Management,red,major.minor,Major.minor match: '7.0.3' matches '7.0.0' in 'ibm engineering test management'
QRadar Log Manager,7.5.0.15,QRadar Log Manager,green,substring,"Substring match: found 'qradar log manager' in 'ibm security qradar log manager', version='7.5.x'"
Rack Server,nan,Rack Server,blue,no_match,Empty or null version
Quick System Check Project Services,nan,Quick System Check Project Services,blue,no_match,Empty or null version
Terracotta,10.11,Terracotta,blue,no_match,"No match found for product 'Terracotta' (mapped from 'Terracotta'), version '10.11'"
Z Anomaly Analytics,5.1.0,Z Anomaly Analytics,green,substring,"Substring match: found 'z anomaly analytics' in 'ibm z anomaly analytics', version='5.1.x'"
Rational Software Architect Designer for WebSphere Software,11.0,Rational Software Architect Designer for WebSphere Software,green,exact,"Exact match: product='rational software architect designer for websphere software', version='11.0.x'"
Vault Self-Managed,1.19.12,Vault Self-Managed,green,substring,"Substring match: found 'vault self-managed' in 'ibm vault self-managed', version='1.19.x'"
FlashSystem 9200,Version Not Listed,FlashSystem 9200,blue,no_match,"No match found for product 'FlashSystem 9200' (mapped from 'FlashSystem 9200'), version 'version not listed'"
PowerVM / VIOS,4.1.0.20,PowerVM,green,major.minor,Major.minor match: '4.1.0.20' matches '4.1.0' in 'powervm'
Z Open Automation Utilities,1.4.0,Z Open Automation Utilities,green,substring,"Substring match: found 'z open automation utilities' in 'ibm z open automation utilities', version='1.4.x'"
App Connect Enterprise,12.0.6,App Connect Enterprise,green,substring,"Substring match: found 'app connect enterprise' in 'ibm app connect enterprise', version='12.0.x'"
SRX Series Service Gateways,nan,SRX Series Service Gateways,blue,no_match,Empty or null version
Vault Self-Managed,1.19.13,Vault Self-Managed,green,substring,"Substring match: found 'vault self-managed' in 'ibm vault self-managed', version='1.19.x'"
Decision Runtime for z/OS,9.5.0.1,Decision Runtime for z/OS,green,substring,"Substring match: found 'decision runtime for z/os' in 'ibm decision runtime for z/os', version='9.5.x'"
QRadar SIEM SaaS,7.5.0.14,QRadar SIEM SaaS,blue,no_match,"No match found for product 'QRadar SIEM SaaS' (mapped from 'QRadar SIEM SaaS'), version '7.5.0.14'"
SevOne Network Performance Management,6.8.7,SevOne Network Performance Management,orange,major.minor,Major.minor match: '6.8.7' matches '6.8' in 'ibm sevone network performance management'
Terraform Self-Managed,202504-1,Terraform Self-Managed,green,wildcard,Wildcard match: version '202504-1' matches pattern '2.x.x' in 'ibm terraform self-managed'
Storage Protect,8.1.8.0,Storage Protect,green,substring,"Substring match: found 'storage protect' in 'ibm storage protect', version='8.1.x'"
Key Lifecycle Manager,4.2.0.x,Key Lifecycle Manager,blue,no_match,"No match found for product 'Key Lifecycle Manager' (mapped from 'Key Lifecycle Manager'), version '4.2.0.x'"
Sterling Store Engagement,nan,Sterling Store Engagement,blue,no_match,Empty or null version
Verify Identity Access,V.10.0.1,Verify Identity Access,blue,no_match,"No match found for product 'Verify Identity Access' (mapped from 'Verify Identity Access'), version 'v.10.0.1'"
Tivoli Network Manager,4.2.0.23 (Build 361),Tivoli Network Manager,red,substring,"Substring match: found 'tivoli network manager' in 'tivoli network manager ip edition', version='4.2.x'"
FileNet Content Manager,5.5.1.0,FileNet Content Manager,green,substring,"Substring match: found 'filenet content manager' in 'ibm filenet content manager', version='5.5.x'"
Integrated Analytics Systems,1.0.27.1,Integrated Analytics Systems,blue,no_match,"No match found for product 'Integrated Analytics Systems' (mapped from 'Integrated Analytics Systems'), version '1.0.27.1'"
Spectrum Control,5.4.10,Spectrum Control,green,substring,"Substring match: found 'spectrum control' in 'ibm spectrum control', version='5.4.x'"
Netcool/Impact,7.1.0.28,Netcool/Impact,red,exact,"Exact match: product='netcool/impact', version='7.1.x'"
Cognos Controller,11.1.1,Cognos Controller,blue,no_match,"No match found for product 'Cognos Controller' (mapped from 'Cognos Controller'), version '11.1.1'"
Workload Automation,10.1 on-prem,Workload Automation,blue,no_match,"No match found for product 'Workload Automation' (mapped from 'Workload Automation'), version '10.1 on-prem'"
Wireless Access Point,nan,Wireless Access Point,blue,no_match,Empty or null version
Assets@IBM,nan,Assets@IBM,blue,no_match,Empty or null version
Db2 Warehouse on Power CloudRack,nan,Db2 Warehouse on Power CloudRack,blue,no_match,Empty or null version
Storage Protect Plus,v10.1.18,Storage Protect Plus,green,wildcard,Wildcard match: version 'v10.1.18' matches pattern '10.1.x' in 'ibm storage protect plus'
QRadar SOAR,51.0.0.0,QRadar SOAR,green,substring,"Substring match: found 'qradar soar' in 'ibm security qradar soar', version='51.0.x'"
FileNet Content Manager,5.5.11.0,FileNet Content Manager,green,substring,"Substring match: found 'filenet content manager' in 'ibm filenet content manager', version='5.5.x'"
Think Client,nan,Think Client,blue,no_match,Empty or null version
Airline Control System,2.4.1,Airline Control System,green,substring,"Substring match: found 'airline control system' in 'airline control system (alcs)', version='2.4.x'"
z/OS Connect Enterprise Edition,nan,z/OS Connect Enterprise Edition,blue,no_match,Empty or null version
Storage Fusion HCI Physical Appliance,nan,Storage Fusion HCI Physical Appliance,blue,no_match,Empty or null version
Power System S812 Server,nan,Power System S812 Server,blue,no_match,Empty or null version
AI Value Navigator,nan,AI Value Navigator,blue,no_match,Empty or null version
Engineering Lifecycle Optimization Publishing,7.1.0,Engineering Lifecycle Optimization Publishing,blue,no_match,"No match found for product 'Engineering Lifecycle Optimization Publishing' (mapped from 'Engineering Lifecycle Optimization Publishing'), version '7.1.0'"
Developer for z/OS,17.0.x,Developer for z/OS,green,substring,"Substring match: found 'developer for z/os' in 'ibm developer for z/os', version='17.0.x'"
MQ Appliance,9.4 CD,MQ Appliance,blue,no_match,"No match found for product 'MQ Appliance' (mapped from 'MQ Appliance'), version '9.4 cd'"
Storage Scale,5.2.2,IBM Storage Scale Data Management Edition,green,exact,"Exact match: product='ibm storage scale data management edition', version='5.2.x'"
SevOne Network Performance Management,7.2.0,SevOne Network Performance Management,green,substring,"Substring match: found 'sevone network performance management' in 'ibm sevone network performance management', version='7.2'"
Premium Operations AIX,nan,Premium Operations AIX,blue,no_match,Empty or null version
Tivoli Netcool Configuration Manager,6.4.2.22,Tivoli Netcool Configuration Manager,red,exact,"Exact match: product='tivoli netcool configuration manager', version='6.4.x'"
Engineering Requirements Management DOORS,9.7.0,Engineering Requirements Management DOORS,green,substring,"Substring match: found 'engineering requirements management doors' in 'ibm engineering requirements management doors', version='9.7.x'"
PowerHA SystemMirror,7.2.9,PowerHA SystemMirror Standard Edition for AIX,green,exact,"Exact match: product='powerha systemmirror standard edition for aix', version='7.2.x'"
Cloudera Data Platform Private Cloud,7.1.3,Cloudera Data Platform Private Cloud,red,substring,"Substring match: found 'cloudera data platform private cloud' in 'cloudera data platform private cloud base with ibm', version='7.1.3'"
Storage Protect,8.1.5.0,Storage Protect,green,substring,"Substring match: found 'storage protect' in 'ibm storage protect', version='8.1.x'"
Safer Payments,6.7.0,Safer Payments,green,substring,"Substring match: found 'safer payments' in 'ibm safer payments', version='6.7.x'"
Netcool/OMNIbus,8.1.0.35,Netcool/OMNIbus,red,exact,"Exact match: product='netcool/omnibus', version='8.1.x'"
Operational Decision Manager,8.11.1,Operational Decision Manager,green,substring,"Substring match: found 'operational decision manager' in 'ibm operational decision manager', version='8.11.x'"
webMethods Managed File Transfer SaaS,nan,webMethods Managed File Transfer SaaS,blue,no_match,Empty or null version
FlashSystem 9100,Unknown,FlashSystem 9100,blue,no_match,"No match found for product 'FlashSystem 9100' (mapped from 'FlashSystem 9100'), version 'unknown'"
QRadar SOAR,nan,QRadar SOAR,blue,no_match,Empty or null version
Storage Ready Node Defender,nan,Storage Ready Node Defender,blue,no_match,Empty or null version
Data Erasure Project Services,nan,Data Erasure Project Services,blue,no_match,Empty or null version
SUSE Linux Enterprise Server,12.x,SUSE Linux Enterprise Server,blue,no_match,"No match found for product 'SUSE Linux Enterprise Server' (mapped from 'SUSE Linux Enterprise Server'), version '12.x'"
FlashSystem 5100,8.4,FlashSystem 5100,blue,no_match,"No match found for product 'FlashSystem 5100' (mapped from 'FlashSystem 5100'), version '8.4'"
Rational Synergy and Change Suite,7.2.x,Rational Synergy and Change Suite,green,exact,"Exact match: product='rational synergy and change suite', version='7.2.x'"
LaserJet Series Printers,nan,LaserJet Series Printers,blue,no_match,Empty or null version
Signature Pad,nan,Signature Pad,blue,no_match,Empty or null version
Storage Copy Data Management,2.2.8,Storage Copy Data Management,green,substring,"Substring match: found 'storage copy data management' in 'ibm storage copy data management', version='2.2.x'"
Engineering Requirements Management DOORS Next,7.2.0,Engineering Requirements Management DOORS Next,green,substring,"Substring match: found 'engineering requirements management doors next' in 'ibm engineering requirements management doors next', version='7.2.0'"
Cloud Pak for Data System,1.0.8.3,Cloud Pak for Data System,red,substring,"Substring match: found 'cloud pak for data system' in 'ibm cloud pak for data system for federal and finance', version='1.0.x'"
Content Collector for SAP,nan,Content Collector for SAP,blue,no_match,Empty or null version
Verify Identity Access,V.10.0.5,Verify Identity Access,blue,no_match,"No match found for product 'Verify Identity Access' (mapped from 'Verify Identity Access'), version 'v.10.0.5'"
SevOne Network Performance Management,6.8.18,SevOne Network Performance Management,orange,major.minor,Major.minor match: '6.8.18' matches '6.8' in 'ibm sevone network performance management'
Instana Observability,1.0.307,Instana Observability,green,substring,"Substring match: found 'instana observability' in 'ibm instana observability', version='1.0.x'"
Invoices and Orders,nan,Invoices and Orders,blue,no_match,Empty or null version
License Metric Tool,Other,License Metric Tool,blue,no_match,"No match found for product 'License Metric Tool' (mapped from 'License Metric Tool'), version 'other'"
PowerVC for Private Cloud,2.3.1,PowerVC for Private Cloud,green,substring,"Substring match: found 'powervc for private cloud' in 'ibm powervc for private cloud', version='2.3.x'"
TS3100 Tape Library,nan,TS3100 Tape Library,blue,no_match,Empty or null version
Engineering Workflow Management,7.0.3,Engineering Workflow Management,red,major.minor,Major.minor match: '7.0.3' matches '7.0.0' in 'ibm engineering workflow management'
MQ,8.0,IBM MQ,red,major.minor,Major.minor match: '8.0' matches '8.0.0' in 'ibm mq'
Tivoli Network Manager,4.2.0.20 (Build 284),Tivoli Network Manager,red,substring,"Substring match: found 'tivoli network manager' in 'tivoli network manager ip edition', version='4.2.x'"
Environmental Intelligence Suite,nan,Environmental Intelligence Suite,blue,no_match,Empty or null version
Control Desk,7.6.1.4,Control Desk,orange,major.minor,Major.minor match: '7.6.1.4' matches '7.6.1' in 'ibm control desk'
Datacap,9.1.8,Datacap,green,substring,"Substring match: found 'datacap' in 'ibm datacap', version='9.1.x'"
Storage Fusion,2.11.0,Storage Fusion,blue,no_match,"No match found for product 'Storage Fusion' (mapped from 'Storage Fusion'), version '2.11.0'"
M Series Routers,nan,M Series Routers,blue,no_match,Empty or null version
AIX,6.1 (EOS 4/30/2017),AIX,red,exact,"Exact match: product='aix', version='6.1.0'"
Recovery Expert,V5.5,Recovery Expert,blue,no_match,"No match found for product 'Recovery Expert' (mapped from 'Recovery Expert'), version 'v5.5'"
Vault Self-Managed,1.16.28,Vault Self-Managed,blue,no_match,"No match found for product 'Vault Self-Managed' (mapped from 'Vault Self-Managed'), version '1.16.28'"
Cloud Pak for Security,1.11.8.0,Cloud Pak for Security,red,wildcard,Wildcard match: version '1.11.8.0' matches pattern '1.8.x' in 'ibm cloud pak for security'
Business Automation Manager Open Editions,9.4.1,Business Automation Manager Open Editions,green,wildcard,Wildcard match: version '9.4.1' matches pattern '9.x' in 'ibm business automation manager open editions'
DevOps Test Embedded,8.3.2,DevOps Test Embedded,blue,no_match,"No match found for product 'DevOps Test Embedded' (mapped from 'DevOps Test Embedded'), version '8.3.2'"
Sterling Connect Direct,C:D i5/OS 3.8,IBM Sterling Connect:Direct for UNIX,blue,no_match,"No match found for product 'IBM Sterling Connect:Direct for UNIX' (mapped from 'Sterling Connect Direct'), version 'c:d i5/os 3.8'"
Verify Identity Governance,V.10.0.0 - Identity Manager (ISIM - Software),Verify Identity Governance,blue,no_match,"No match found for product 'Verify Identity Governance' (mapped from 'Verify Identity Governance'), version 'v.10.0.0 - identity manager (isim - software)'"
Terraform Self-Managed,202506-1,Terraform Self-Managed,green,wildcard,Wildcard match: version '202506-1' matches pattern '2.x.x' in 'ibm terraform self-managed'
DataStax Enterprise,5.1.40,DataStax Enterprise,green,major.minor,Major.minor match: '5.1.40' matches '5.1' in 'ibm datastax enterprise'
Spectrum Virtualize for Storwize V5000,8.2,Spectrum Virtualize for Storwize V5000,blue,no_match,"No match found for product 'Spectrum Virtualize for Storwize V5000' (mapped from 'Spectrum Virtualize for Storwize V5000'), version '8.2'"
Db2 Connect,V11.5.9.0,DB2 Connect Enterprise Edition,blue,no_match,"No match found for product 'DB2 Connect Enterprise Edition' (mapped from 'Db2 Connect'), version 'v11.5.9.0'"
EDB Enterprise Postgres,15,EDB Enterprise Postgres,blue,no_match,"No match found for product 'EDB Enterprise Postgres' (mapped from 'EDB Enterprise Postgres'), version '15'"
Data Virtualization Manager,1.2,Data Virtualization Manager,green,substring,"Substring match: found 'data virtualization manager' in 'ibm data virtualization manager for z/os', version='1.2.x'"
WebSphere Application Server for z/OS,25.x Liberty,WebSphere Application Server for z/OS,blue,no_match,"No match found for product 'WebSphere Application Server for z/OS' (mapped from 'WebSphere Application Server for z/OS'), version '25.x liberty'"
Planning Analytics Local,2.1.4,Planning Analytics Local,green,substring,"Substring match: found 'planning analytics local' in 'ibm planning analytics local', version='2.1.x'"
Db2 Warehouse Private (dashDB local),nan,Db2 Warehouse Private (dashDB local),blue,no_match,Empty or null version
Financial Transaction Manager,4.0.5.1,Financial Transaction Manager,green,substring,"Substring match: found 'financial transaction manager' in 'ibm financial transaction manager', version='4.0.x'"
Cloudera Data Platform Private Cloud,7.1.7 SP1,Cloudera Data Platform Private Cloud,red,major.minor,Major.minor match: '7.1.7 sp1' matches '7.1.1' in 'cloudera data platform private cloud base with ibm'
DevOps Test UI,10.2.0,DevOps Test UI,blue,no_match,"No match found for product 'DevOps Test UI' (mapped from 'DevOps Test UI'), version '10.2.0'"
DevOps Test Embedded,9.0.0.2,DevOps Test Embedded,green,substring,"Substring match: found 'devops test embedded' in 'ibm devops test embedded', version='9.0.x'"
DataStax Enterprise,6.8.60,DataStax Enterprise,green,wildcard,Wildcard match: version '6.8.60' matches pattern '6.x' in 'ibm datastax enterprise'
SPSS Modeler,18.4.0.0,IBM SPSS Modeler,green,exact,"Exact match: product='ibm spss modeler', version='18.4.x'"
Automation Decision Services,25.0.1,Automation Decision Services,green,substring,"Substring match: found 'automation decision services' in 'ibm automation decision services', version='25.0.x'"
Storage Fusion Data Foundation,nan,Storage Fusion Data Foundation,blue,no_match,Empty or null version
ThinkSystem Series Enclosure,nan,ThinkSystem Series Enclosure,blue,no_match,Empty or null version
SevOne Network Performance Management,6.8.0,SevOne Network Performance Management,orange,substring,"Substring match: found 'sevone network performance management' in 'ibm sevone network performance management', version='6.8'"
Enterprise Tablets,nan,Enterprise Tablets,blue,no_match,Empty or null version
StorageWorks MSA Series Disk Arrays,nan,StorageWorks MSA Series Disk Arrays,blue,no_match,Empty or null version
Sterling Store,nan,Sterling Store,blue,no_match,Empty or null version
DataStax Enterprise,6.9.16,DataStax Enterprise,green,wildcard,Wildcard match: version '6.9.16' matches pattern '6.x' in 'ibm datastax enterprise'
Rational ClearQuest,9.0.2.x,Rational ClearQuest,orange,major.minor,Major.minor match: '9.0.2.x' matches '9.0.x' in 'rational clearquest'
QRadar Appliance Hardware,7.5.0.15,QRadar Appliance Hardware,blue,no_match,"No match found for product 'QRadar Appliance Hardware' (mapped from 'QRadar Appliance Hardware'), version '7.5.0.15'"
OpenPages on Cloud,9.2.0,OpenPages on Cloud,blue,no_match,"No match found for product 'OpenPages on Cloud' (mapped from 'OpenPages on Cloud'), version '9.2.0'"
Spectrum LSF Process Manager,nan,Spectrum LSF Process Manager,blue,no_match,Empty or null version
Automatic Data Lineage,nan,Automatic Data Lineage,blue,no_match,Empty or null version
Tivoli System Automation for MultiPlatforms,4.1.1.1,Tivoli System Automation for MultiPlatforms,green,exact,"Exact match: product='tivoli system automation for multiplatforms', version='4.1.x'"
Security Verify Directory Integrator,11.0.0,Security Verify Directory Integrator,blue,no_match,"No match found for product 'Security Verify Directory Integrator' (mapped from 'Security Verify Directory Integrator'), version '11.0.0'"
CICS Transaction Gateway,9.3,CICS Transaction Gateway,green,substring,"Substring match: found 'cics transaction gateway' in 'cics transaction gateway for z/os', version='9.3.0'"
Fiber Service Platform FSP 3000,nan,Fiber Service Platform FSP 3000,blue,no_match,Empty or null version
Cloud Pak for Data System,1.0.8.0-IF2,Cloud Pak for Data System,red,substring,"Substring match: found 'cloud pak for data system' in 'ibm cloud pak for data system for federal and finance', version='1.0.x'"
CICS Interdependency Analyzer,nan,CICS Interdependency Analyzer,blue,no_match,Empty or null version
ThinkVision,nan,ThinkVision,blue,no_match,Empty or null version
Terracotta,10.15,Terracotta,blue,no_match,"No match found for product 'Terracotta' (mapped from 'Terracotta'), version '10.15'"
IMS,15.6,IMS,blue,no_match,"No match found for product 'IMS' (mapped from 'IMS'), version '15.6'"
MQ HPE NonStop,8.1.X,MQ HPE NonStop,blue,no_match,"No match found for product 'MQ HPE NonStop' (mapped from 'MQ HPE NonStop'), version '8.1.x'"
Engineering Lifecycle Management Base,7.0.3,Engineering Lifecycle Management Base,red,major.minor,Major.minor match: '7.0.3' matches '7.0.0' in 'ibm engineering lifecycle management base'
Power Platform Family,nan,Power Platform Family,blue,no_match,Empty or null version
DNS Appliance,nan,DNS Appliance,blue,no_match,Empty or null version
Planning Analytics Local,3.1.5,Planning Analytics Local,blue,no_match,"No match found for product 'Planning Analytics Local' (mapped from 'Planning Analytics Local'), version '3.1.5'"
Storage Protect Plus,10.1.1.6,Storage Protect Plus,green,substring,"Substring match: found 'storage protect plus' in 'ibm storage protect plus', version='10.1.x'"
Cognos Analytics,11.0.9,IBM Cognos Analytics,red,exact,"Exact match: product='ibm cognos analytics', version='11.0.x'"
SingleStore with IBM,nan,SingleStore with IBM,blue,no_match,Empty or null version
Sterling Connect Direct,C:D UNIX 6.2,IBM Sterling Connect:Direct for UNIX,blue,no_match,"No match found for product 'IBM Sterling Connect:Direct for UNIX' (mapped from 'Sterling Connect Direct'), version 'c:d unix 6.2'"
License Metric Tool,9.2.39,License Metric Tool,green,substring,"Substring match: found 'license metric tool' in 'ibm license metric tool', version='9.2.x'"
QRadar Applications,7.5.0.15,QRadar Applications,blue,no_match,"No match found for product 'QRadar Applications' (mapped from 'QRadar Applications'), version '7.5.0.15'"
Red Hat OpenShift Container Platform,4.x,Red Hat OpenShift Container Platform,blue,no_match,"No match found for product 'Red Hat OpenShift Container Platform' (mapped from 'Red Hat OpenShift Container Platform'), version '4.x'"
DataAI Upgrade SWAT,nan,DataAI Upgrade SWAT,blue,no_match,Empty or null version
Noname Advanced API Security,nan,Noname Advanced API Security,blue,no_match,Empty or null version
TS2250 Tape Drive,nan,TS2250 Tape Drive,blue,no_match,Empty or null version
Rational Licensing,8.0.0.22,Rational License Key Server,blue,no_match,"No match found for product 'Rational License Key Server' (mapped from 'Rational Licensing'), version '8.0.0.22'"
webMethods B2B,11.1,webMethods B2B,green,substring,"Substring match: found 'webmethods b2b' in 'ibm webmethods b2b', version='11.1.x'"
FlashSystem 7200,9.1,FlashSystem 7200,blue,no_match,"No match found for product 'FlashSystem 7200' (mapped from 'FlashSystem 7200'), version '9.1'"
TRIRIGA Applications,11.2.0,TRIRIGA Applications,blue,no_match,"No match found for product 'TRIRIGA Applications' (mapped from 'TRIRIGA Applications'), version '11.2.0'"
Semeru Runtimes for z/OS,Semeru Java 25 64-bit,Semeru Runtimes for z/OS,blue,no_match,"No match found for product 'Semeru Runtimes for z/OS' (mapped from 'Semeru Runtimes for z/OS'), version 'semeru java 25 64-bit'"
License Metric Tool,9.2.2,License Metric Tool,green,substring,"Substring match: found 'license metric tool' in 'ibm license metric tool', version='9.2.x'"
QRadar Applications,7.5.0.10,QRadar Applications,blue,no_match,"No match found for product 'QRadar Applications' (mapped from 'QRadar Applications'), version '7.5.0.10'"
Content Assistant,nan,Content Assistant,blue,no_match,Empty or null version
SevOne Network Performance Management,8.0.3,SevOne Network Performance Management,green,wildcard,Wildcard match: version '8.0.3' matches pattern '8.x' in 'ibm sevone network performance management'
Storage Protect Plus,v10.1.17-1,Storage Protect Plus,green,wildcard,Wildcard match: version 'v10.1.17-1' matches pattern '10.1.x' in 'ibm storage protect plus'
Informix Dynamic Server,IDS 12.10.xC7,IBM Informix Advanced Enterprise Edition,blue,no_match,"No match found for product 'IBM Informix Advanced Enterprise Edition' (mapped from 'Informix Dynamic Server'), version 'ids 12.10.xc7'"
SPSS Statistics,29.0.2.0,IBM SPSS Statistics,green,exact,"Exact match: product='ibm spss statistics', version='29.0.x'"
Informix Tools and Connectivity,CSDK/JDBC 4.50.xC13,IBM Informix Advanced Enterprise Edition,blue,no_match,"No match found for product 'IBM Informix Advanced Enterprise Edition' (mapped from 'Informix Tools and Connectivity'), version 'csdk/jdbc 4.50.xc13'"
TRIRIGA Applications,11.5.X,TRIRIGA Applications,blue,no_match,"No match found for product 'TRIRIGA Applications' (mapped from 'TRIRIGA Applications'), version '11.5.x'"
DataStax Enterprise,6.8.23,DataStax Enterprise,green,wildcard,Wildcard match: version '6.8.23' matches pattern '6.x' in 'ibm datastax enterprise'
DataStax Enterprise,5.1.2,DataStax Enterprise,green,major.minor,Major.minor match: '5.1.2' matches '5.1' in 'ibm datastax enterprise'
Text to Speech for Cloud,nan,Text to Speech for Cloud,blue,no_match,Empty or null version
SevOne Network Performance Management,7.2.6,SevOne Network Performance Management,green,major.minor,Major.minor match: '7.2.6' matches '7.2' in 'ibm sevone network performance management'
Storage Defender as a Service,nan,Storage Defender as a Service,blue,no_match,Empty or null version
Cloud Pak for Security,1.10.30.0,Cloud Pak for Security,red,substring,"Substring match: found 'cloud pak for security' in 'ibm cloud pak for security', version='1.10.x'"
SevOne Network Performance Management,8.0.4,SevOne Network Performance Management,green,wildcard,Wildcard match: version '8.0.4' matches pattern '8.x' in 'ibm sevone network performance management'
Big SQL,7.1.0.0,IBM Db2 Big SQL,green,exact,"Exact match: product='ibm db2 big sql', version='7.1.x'"
Sterling Gentran Director,5.5.0,Sterling Gentran Director,blue,no_match,"No match found for product 'Sterling Gentran Director' (mapped from 'Sterling Gentran Director'), version '5.5.0'"
License Metric Tool,9.2.31,License Metric Tool,green,substring,"Substring match: found 'license metric tool' in 'ibm license metric tool', version='9.2.x'"
Informix Dynamic Server,IDS 14.10.xC11W1,IBM Informix Advanced Enterprise Edition,blue,no_match,"No match found for product 'IBM Informix Advanced Enterprise Edition' (mapped from 'Informix Dynamic Server'), version 'ids 14.10.xc11w1'"
Operations Analytics (Log Analysis/Predictive Insights),1.3.7,Operations Analytics (Log Analysis/Predictive Insights),blue,no_match,"No match found for product 'Operations Analytics (Log Analysis/Predictive Insights)' (mapped from 'Operations Analytics (Log Analysis/Predictive Insights)'), version '1.3.7'"
Verify Identity Access,V.10.0.6,Verify Identity Access,blue,no_match,"No match found for product 'Verify Identity Access' (mapped from 'Verify Identity Access'), version 'v.10.0.6'"
DevOps Test Performance,11.0.8,DevOps Test Performance,green,substring,"Substring match: found 'devops test performance' in 'ibm devops test performance', version='11.0.x'"
Turbonomic On-Premises,8.16.x,Turbonomic On-Premises,blue,no_match,"No match found for product 'Turbonomic On-Premises' (mapped from 'Turbonomic On-Premises'), version '8.16.x'"
Content Manager OnDemand on Cloud,nan,Content Manager OnDemand on Cloud,blue,no_match,Empty or null version
Cloud Pak for Data,5.1.2,Cloud Pak for Data,green,wildcard,Wildcard match: version '5.1.2' matches pattern '5.x.x' in 'ibm cloud pak for data'
Vault Self-Managed,1.21.1,Vault Self-Managed,blue,no_match,"No match found for product 'Vault Self-Managed' (mapped from 'Vault Self-Managed'), version '1.21.1'"
QRadar SOAR,51.0.8.2,QRadar SOAR,green,substring,"Substring match: found 'qradar soar' in 'ibm security qradar soar', version='51.0.x'"
Informix Dynamic Server,IDS 12.10.xC10,IBM Informix Advanced Enterprise Edition,blue,no_match,"No match found for product 'IBM Informix Advanced Enterprise Edition' (mapped from 'Informix Dynamic Server'), version 'ids 12.10.xc10'"
EDB Enterprise Postgres,16,EDB Enterprise Postgres,blue,no_match,"No match found for product 'EDB Enterprise Postgres' (mapped from 'EDB Enterprise Postgres'), version '16'"
z15 GT2,nan,z15 GT2,blue,no_match,Empty or null version
Cloud Pak for Integration,2023.4.1,Cloud Pak for Integration,green,substring,"Substring match: found 'cloud pak for integration' in 'ibm cloud pak for integration', version='2023.4.1'"
Sterling Control Center,6.3.1.0,Sterling Control Center,green,substring,"Substring match: found 'sterling control center' in 'ibm sterling control center monitor', version='6.3.1'"
FileNet Content Manager,5.5.10.0,FileNet Content Manager,green,substring,"Substring match: found 'filenet content manager' in 'ibm filenet content manager', version='5.5.x'"
Sterling Connect Direct,C:D Windows 6.2,IBM Sterling Connect:Direct for UNIX,blue,no_match,"No match found for product 'IBM Sterling Connect:Direct for UNIX' (mapped from 'Sterling Connect Direct'), version 'c:d windows 6.2'"
Content Navigator and Content Navigator Mobile App,3.0.7,Content Navigator and Content Navigator Mobile App,blue,no_match,"No match found for product 'Content Navigator and Content Navigator Mobile App' (mapped from 'Content Navigator and Content Navigator Mobile App'), version '3.0.7'"
SevOne Network Performance Management,6.8.3,SevOne Network Performance Management,orange,major.minor,Major.minor match: '6.8.3' matches '6.8' in 'ibm sevone network performance management'
QRadar SIEM SaaS,7.5.0.7,QRadar SIEM SaaS,blue,no_match,"No match found for product 'QRadar SIEM SaaS' (mapped from 'QRadar SIEM SaaS'), version '7.5.0.7'"
Infoprint Transforms,nan,Infoprint Transforms,blue,no_match,Empty or null version
Advanced Catalog Management for z/OS,2.6.0,Advanced Catalog Management for z/OS,green,substring,"Substring match: found 'advanced catalog management for z/os' in 'tivoli advanced catalog management for z/os', version='2.6.x'"
Cognos Command Center,10.2.5,Cognos Command Center,green,exact,"Exact match: product='cognos command center', version='10.2.x'"
Copy Services Manager,6.3.11.0,Copy Services Manager,green,substring,"Substring match: found 'copy services manager' in 'ibm copy services manager', version='6.3.x'"
Spectrum LSF License Scheduler,nan,Spectrum LSF License Scheduler,blue,no_match,Empty or null version
Sterling Business Transaction Intelligence,nan,Sterling Business Transaction Intelligence,blue,no_match,Empty or null version
Test King Friday Product,2.0,Test King Friday Product,blue,no_match,"No match found for product 'Test King Friday Product' (mapped from 'Test King Friday Product'), version '2.0'"
Cloud Object Storage,3.19.0.57,Cloud Object Storage,blue,no_match,"No match found for product 'Cloud Object Storage' (mapped from 'Cloud Object Storage'), version '3.19.0.57'"
OpenPages,9.1.0,OpenPages,green,substring,"Substring match: found 'openpages' in 'ibm openpages', version='9.1.x'"
MQ,7.5,IBM MQ,blue,no_match,"No match found for product 'IBM MQ' (mapped from 'MQ'), version '7.5'"
Professional Services - Software Defined Networking,nan,Professional Services - Software Defined Networking,blue,no_match,Empty or null version
Simatic Controller,nan,Simatic Controller,blue,no_match,Empty or null version
DataStax Enterprise,5.1.17,DataStax Enterprise,green,major.minor,Major.minor match: '5.1.17' matches '5.1' in 'ibm datastax enterprise'
App Connect Enterprise,13.0.3,App Connect Enterprise,green,substring,"Substring match: found 'app connect enterprise' in 'ibm app connect enterprise', version='13.0.x'"
WiS TEST Product SPSS,nan,WiS TEST Product SPSS,blue,no_match,Empty or null version
Db2 High Performance Unload for z/OS,6.1,Db2 High Performance Unload for z/OS,green,substring,"Substring match: found 'db2 high performance unload for z/os' in 'ibm db2 high performance unload for z/os', version='6.1.0'"
Vault Self-Managed,1.10.5,Vault Self-Managed,blue,no_match,"No match found for product 'Vault Self-Managed' (mapped from 'Vault Self-Managed'), version '1.10.5'"
Vault Self-Managed,1.17.7,Vault Self-Managed,blue,no_match,"No match found for product 'Vault Self-Managed' (mapped from 'Vault Self-Managed'), version '1.17.7'"
Salesforce External Support,nan,Salesforce External Support,blue,no_match,Empty or null version
Power USB HUB,nan,Power USB HUB,blue,no_match,Empty or null version
Vault Self-Managed,1.19.2,Vault Self-Managed,green,substring,"Substring match: found 'vault self-managed' in 'ibm vault self-managed', version='1.19.x'"
Storage Protect,8.1.15.0,Storage Protect,green,substring,"Substring match: found 'storage protect' in 'ibm storage protect', version='8.1.x'"
Vault Self-Managed,1.12.1,Vault Self-Managed,blue,no_match,"No match found for product 'Vault Self-Managed' (mapped from 'Vault Self-Managed'), version '1.12.1'"
Cloud Pak for AIOps,4.13.1,Cloud Pak for AIOps,green,wildcard,Wildcard match: version '4.13.1' matches pattern '4.x' in 'ibm cloud pak for aiops'
Netcool Operations Insights,1.6.11,Netcool Operations Insights,blue,no_match,"No match found for product 'Netcool Operations Insights' (mapped from 'Netcool Operations Insights'), version '1.6.11'"
Maximo Application Suite,8.10.0,Maximo Application Suite,blue,no_match,"No match found for product 'Maximo Application Suite' (mapped from 'Maximo Application Suite'), version '8.10.0'"
Sterling Inventory Visibility,nan,Sterling Inventory Visibility,blue,no_match,Empty or null version
COBOL,"Enterprise COBOL for z/OS, V6.4",COBOL,blue,no_match,"No match found for product 'COBOL' (mapped from 'COBOL'), version 'enterprise cobol for z/os, v6.4'"
Z Performance and Capacity Analytics,3.1.0,Z Performance and Capacity Analytics,green,substring,"Substring match: found 'z performance and capacity analytics' in 'ibm z performance and capacity analytics', version='3.1.x'"
CICS Transaction Gateway,10.1,CICS Transaction Gateway,green,substring,"Substring match: found 'cics transaction gateway' in 'cics transaction gateway for z/os', version='10.1.0'"
Hardware Management Console Application,V9 R1 Physical Appliance Only,Hardware Management Console Application,blue,no_match,"No match found for product 'Hardware Management Console Application' (mapped from 'Hardware Management Console Application'), version 'v9 r1 physical appliance only'"
Maximo Spatial Asset Management,7.6.1,Maximo Spatial Asset Management,green,exact,"Exact match: product='maximo spatial asset management', version='7.6.1'"
HWD2-Test-Product-PROD1,2.134,HWD2-Test-Product-PROD1,blue,no_match,"No match found for product 'HWD2-Test-Product-PROD1' (mapped from 'HWD2-Test-Product-PROD1'), version '2.134'"
QRadar Appliance Hardware,7.5.0.10,QRadar Appliance Hardware,blue,no_match,"No match found for product 'QRadar Appliance Hardware' (mapped from 'QRadar Appliance Hardware'), version '7.5.0.10'"
Storage Protect,8.2.1.0,Storage Protect,green,major.minor,Major.minor match: '8.2.1.0' matches '8.2.0' in 'ibm storage protect'
Terraform Self-Managed,202503-1,Terraform Self-Managed,green,wildcard,Wildcard match: version '202503-1' matches pattern '2.x.x' in 'ibm terraform self-managed'
WebSphere Service Registry and Repository,WSRR 8.5,WebSphere Service Registry and Repository,blue,no_match,"No match found for product 'WebSphere Service Registry and Repository' (mapped from 'WebSphere Service Registry and Repository'), version 'wsrr 8.5'"
PowerVM for NovaLink,4.1.1.0,PowerVM for NovaLink,blue,no_match,"No match found for product 'PowerVM for NovaLink' (mapped from 'PowerVM for NovaLink'), version '4.1.1.0'"
Storage Protect,8.2.1.000,Storage Protect,green,major.minor,Major.minor match: '8.2.1.000' matches '8.2.0' in 'ibm storage protect'
IBM i,7.2 [EOS 30 April 2021 Need Service Extension],IBM i,blue,no_match,"No match found for product 'IBM i' (mapped from 'IBM i'), version '7.2 [eos 30 april 2021 need service extension]'"
Cloud Object Storage,3.19.3.87fips,Cloud Object Storage,blue,no_match,"No match found for product 'Cloud Object Storage' (mapped from 'Cloud Object Storage'), version '3.19.3.87fips'"
QRadar SOAR,51.0.3.2,QRadar SOAR,green,substring,"Substring match: found 'qradar soar' in 'ibm security qradar soar', version='51.0.x'"
Cognos Analytics,11.1.7,IBM Cognos Analytics,green,exact,"Exact match: product='ibm cognos analytics', version='11.1.x'"
WebSphere Application Server,9.0.5 Solaris [EOS 30-Sep-2022],WebSphere Application Server,green,exact,"Exact match: product='websphere application server', version='9.0.x'"
VM Recovery Manager,1.8.0,VM Recovery Manager,green,substring,"Substring match: found 'vm recovery manager' in 'ibm vm recovery manager dr for power systems', version='1.8.0'"
Engineering Lifecycle Management Suite,7.0.2,Engineering Lifecycle Management Suite,green,substring,"Substring match: found 'engineering lifecycle management suite' in 'ibm engineering lifecycle management suite', version='7.0.2'"
Z Crypto Discovery and Inventory,1.1.0,Z Crypto Discovery and Inventory,green,substring,"Substring match: found 'z crypto discovery and inventory' in 'ibm z crypto discovery and inventory', version='1.1.0'"
Output Manager for z/OS,3.1.0,Output Manager for z/OS,green,substring,"Substring match: found 'output manager for z/os' in 'ibm tivoli output manager for z/os', version='3.1'"
License Metric Tool,9.2.29,License Metric Tool,green,substring,"Substring match: found 'license metric tool' in 'ibm license metric tool', version='9.2.x'"
DataStax Enterprise,6.8.15,DataStax Enterprise,green,wildcard,Wildcard match: version '6.8.15' matches pattern '6.x' in 'ibm datastax enterprise'
Sterling Webforms,nan,Sterling Webforms,blue,no_match,Empty or null version
IBM Support for Box,nan,IBM Support for Box,blue,no_match,Empty or null version
WebSphere Extreme Scale,8.6.1,WebSphere Extreme Scale,green,exact,"Exact match: product='websphere extreme scale', version='8.6.x'"
FileNet Image Services,4.1.2,FileNet Image Services,green,exact,"Exact match: product='filenet image services', version='4.1.x'"
Aspera,3.4.1,Aspera,blue,no_match,"No match found for product 'Aspera' (mapped from 'Aspera'), version '3.4.1'"
Classic Data Replication,nan,Classic Data Replication,blue,no_match,Empty or null version
On Demand Consulting for Analytics,nan,On Demand Consulting for Analytics,blue,no_match,Empty or null version
QRadar Appliance Hardware,7.5.0.14,QRadar Appliance Hardware,blue,no_match,"No match found for product 'QRadar Appliance Hardware' (mapped from 'QRadar Appliance Hardware'), version '7.5.0.14'"
Safer Payments,6.5.0,Safer Payments,green,substring,"Substring match: found 'safer payments' in 'ibm safer payments', version='6.5.x'"
Consul Self-Managed,1.21.6+ent,Consul Self-Managed,blue,no_match,"No match found for product 'Consul Self-Managed' (mapped from 'Consul Self-Managed'), version '1.21.6+ent'"
Content Navigator and Content Navigator Mobile App,3.0.10,Content Navigator and Content Navigator Mobile App,blue,no_match,"No match found for product 'Content Navigator and Content Navigator Mobile App' (mapped from 'Content Navigator and Content Navigator Mobile App'), version '3.0.10'"
WebSphere Application Server for z/OS,8.5.x,WebSphere Application Server for z/OS,green,exact,"Exact match: product='websphere application server for z/os', version='8.5.x'"
Watson Explorer,12.0.3.21,Watson Explorer,red,major.minor,Major.minor match: '12.0.3.21' matches '12.0.0 - 12.0.2' in 'ibm watson explorer'
Implementation & Migrations Project Services,nan,Implementation & Migrations Project Services,blue,no_match,Empty or null version
Aspera,4.2.1,Aspera,red,substring,"Substring match: found 'aspera' in 'aspera', version='4.2.x'"
Apache Cassandra,4.1.4,Apache Cassandra,blue,no_match,"No match found for product 'Apache Cassandra' (mapped from 'Apache Cassandra'), version '4.1.4'"
Cloud Pak for Data System,1.0.7.8-IF2,Cloud Pak for Data System,red,substring,"Substring match: found 'cloud pak for data system' in 'ibm cloud pak for data system for federal and finance', version='1.0.x'"
Storage Scale System Software,6.0.0,Storage Scale System Software,green,substring,"Substring match: found 'storage scale system software' in 'ibm storage scale system software data access edition', version='6.0.0'"
Site Relocation Project Services,nan,Site Relocation Project Services,blue,no_match,Empty or null version
Engineering Lifecycle Management Extended SaaS,7.1.0,Engineering Lifecycle Management Extended SaaS,blue,no_match,"No match found for product 'Engineering Lifecycle Management Extended SaaS' (mapped from 'Engineering Lifecycle Management Extended SaaS'), version '7.1.0'"
Planning Analytics Local,2.1.7,Planning Analytics Local,green,substring,"Substring match: found 'planning analytics local' in 'ibm planning analytics local', version='2.1.x'"
Aspera,3.4.2,Aspera,blue,no_match,"No match found for product 'Aspera' (mapped from 'Aspera'), version '3.4.2'"
IBM Migration Utility,5.1.0,IBM Migration Utility,green,substring,"Substring match: found 'ibm migration utility' in 'ibm migration utility for z/os', version='5.1.x'"
App Connect Enterprise,10.0.0,App Connect Enterprise,blue,no_match,"No match found for product 'App Connect Enterprise' (mapped from 'App Connect Enterprise'), version '10.0.0'"
Appliance Control Center for IBM Z & IBM LinuxONE,1.2.0,Appliance Control Center for IBM Z & IBM LinuxONE,green,exact,"Exact match: product='appliance control center for ibm z & ibm linuxone', version='1.2.0'"
License Metric Tool,9.2.16,License Metric Tool,green,substring,"Substring match: found 'license metric tool' in 'ibm license metric tool', version='9.2.x'"
Consul Self-Managed,1.21.8+ent,Consul Self-Managed,blue,no_match,"No match found for product 'Consul Self-Managed' (mapped from 'Consul Self-Managed'), version '1.21.8+ent'"
SUN ZFS,nan,SUN ZFS,blue,no_match,Empty or null version
Application Discovery and Delivery Intelligence,6.1.3,Application Discovery and Delivery Intelligence,green,substring,"Substring match: found 'application discovery and delivery intelligence' in 'ibm application discovery and delivery intelligence for ibm z', version='6.1.x'"
Informix Dynamic Server,IDS 14.10.xC12W5,IBM Informix Advanced Enterprise Edition,blue,no_match,"No match found for product 'IBM Informix Advanced Enterprise Edition' (mapped from 'Informix Dynamic Server'), version 'ids 14.10.xc12w5'"
Financial Transaction Manager for z/OS,nan,Financial Transaction Manager for z/OS,blue,no_match,Empty or null version
Rational Build Forge,8.0.x,Rational Build Forge,green,major.minor,Major.minor match: '8.0.x' matches '8.0.0' in 'rational build forge'
Engineering Lifecycle Optimization Publishing,7.2.0,Engineering Lifecycle Optimization Publishing,blue,no_match,"No match found for product 'Engineering Lifecycle Optimization Publishing' (mapped from 'Engineering Lifecycle Optimization Publishing'), version '7.2.0'"
LinuxONE Emperor II,nan,LinuxONE Emperor II,blue,no_match,Empty or null version
Spectrum Control,5.4.13.1,Spectrum Control,green,substring,"Substring match: found 'spectrum control' in 'ibm spectrum control', version='5.4.x'"
Expert Essentials for Security,nan,Expert Essentials for Security,blue,no_match,Empty or null version
Power System 570 Server,nan,Power System 570 Server,blue,no_match,Empty or null version
ARCAD,nan,ARCAD,blue,no_match,Empty or null version
PowerHA SystemMirror,7.2.3,PowerHA SystemMirror Standard Edition for AIX,green,exact,"Exact match: product='powerha systemmirror standard edition for aix', version='7.2.x'"
Vault Self-Managed,1.20.1,Vault Self-Managed,blue,no_match,"No match found for product 'Vault Self-Managed' (mapped from 'Vault Self-Managed'), version '1.20.1'"
App Connect Enterprise,12.0.3,App Connect Enterprise,green,substring,"Substring match: found 'app connect enterprise' in 'ibm app connect enterprise', version='12.0.x'"
webMethods Business Process Management,10.11,webMethods Business Process Management,blue,no_match,"No match found for product 'webMethods Business Process Management' (mapped from 'webMethods Business Process Management'), version '10.11'"
Reliable Scalable Cluster Technology (RSCT),7.2,Reliable Scalable Cluster Technology (RSCT),blue,no_match,"No match found for product 'Reliable Scalable Cluster Technology (RSCT)' (mapped from 'Reliable Scalable Cluster Technology (RSCT)'), version '7.2'"
SevOne Network Performance Management,6.8.8,SevOne Network Performance Management,orange,major.minor,Major.minor match: '6.8.8' matches '6.8' in 'ibm sevone network performance management'
z/OS,1.13.0 (EOS),z/OS,red,exact,"Exact match: product='z/os', version='1.13.x'"
Sterling Connect Express for z/OS,nan,Sterling Connect Express for z/OS,blue,no_match,Empty or null version
Security Verify Privilege Vault,12.0.22,Security Verify Privilege Vault,green,substring,"Substring match: found 'security verify privilege vault' in 'ibm security verify privilege vault', version='12.0.22'"
Security Verify Privilege Server Suite,2022.1,Security Verify Privilege Server Suite,blue,no_match,"No match found for product 'Security Verify Privilege Server Suite' (mapped from 'Security Verify Privilege Server Suite'), version '2022.1'"
InfoSphere Information Server: Generic,11.7,InfoSphere Information Server: Generic,blue,no_match,"No match found for product 'InfoSphere Information Server: Generic' (mapped from 'InfoSphere Information Server: Generic'), version '11.7'"
FlashSystem 5100,Version Not Listed,FlashSystem 5100,blue,no_match,"No match found for product 'FlashSystem 5100' (mapped from 'FlashSystem 5100'), version 'version not listed'"
AIX on PowerVS,7.2,AIX on PowerVS,blue,no_match,"No match found for product 'AIX on PowerVS' (mapped from 'AIX on PowerVS'), version '7.2'"
Trusteer Pinpoint Assure,nan,Trusteer Pinpoint Assure,blue,no_match,Empty or null version
Netcool/OMNIbus,8.1.0.33,Netcool/OMNIbus,red,exact,"Exact match: product='netcool/omnibus', version='8.1.x'"
Configuration & Serviceable Actions Project Services,nan,Configuration & Serviceable Actions Project Services,blue,no_match,Empty or null version
Vault Self-Managed,1.18.13,Vault Self-Managed,blue,no_match,"No match found for product 'Vault Self-Managed' (mapped from 'Vault Self-Managed'), version '1.18.13'"
QRadar SOAR,51.0.5.2,QRadar SOAR,green,substring,"Substring match: found 'qradar soar' in 'ibm security qradar soar', version='51.0.x'"
App Connect Enterprise,12.0.9,App Connect Enterprise,green,substring,"Substring match: found 'app connect enterprise' in 'ibm app connect enterprise', version='12.0.x'"
WebSphere Liberty Core,21.x Liberty,WebSphere Application Server Liberty Core,blue,no_match,"No match found for product 'WebSphere Application Server Liberty Core' (mapped from 'WebSphere Liberty Core'), version '21.x liberty'"
Power System L922 Server,nan,Power System L922 Server,blue,no_match,Empty or null version
OpenPages on Cloud,9.0.0,OpenPages on Cloud,blue,no_match,"No match found for product 'OpenPages on Cloud' (mapped from 'OpenPages on Cloud'), version '9.0.0'"
webMethods Integration,12.1,webMethods Integration,green,substring,"Substring match: found 'webmethods integration' in 'ibm webmethods integration', version='12.1'"
Security Verify Directory,10.0.0,IBM Security Verify Directory,green,exact,"Exact match: product='ibm security verify directory', version='10.0.x'"
Storage Protect Plus,Version 10.1.16 Build: 607 Dec 17,Storage Protect Plus,green,wildcard,Wildcard match: version 'version 10.1.16 build: 607 dec 17' matches pattern '10.1.x' in 'ibm storage protect plus'
DataPower,10.0.4,DataPower,red,substring,"Substring match: found 'datapower' in 'ibm datapower gateway', version='10.0.x'"
ThinkSystem DE Series Storage,nan,ThinkSystem DE Series Storage,blue,no_match,Empty or null version
Rational Software Architect Designer for WebSphere Software,10.0,Rational Software Architect Designer for WebSphere Software,green,exact,"Exact match: product='rational software architect designer for websphere software', version='10.0.x'"
Security Verify Privilege,SaaS,Security Verify Privilege,green,substring,"Substring match: found 'security verify privilege' in 'ibm security verify privilege', version='saas'"
Power System 770 Server,nan,Power System 770 Server,blue,no_match,Empty or null version
USB Mouse,nan,USB Mouse,blue,no_match,Empty or null version
QRadar SIEM SaaS,7.5.0.13,QRadar SIEM SaaS,blue,no_match,"No match found for product 'QRadar SIEM SaaS' (mapped from 'QRadar SIEM SaaS'), version '7.5.0.13'"
Storage Fusion HCI Physical Appliance,2.8.2,Storage Fusion HCI Physical Appliance,blue,no_match,"No match found for product 'Storage Fusion HCI Physical Appliance' (mapped from 'Storage Fusion HCI Physical Appliance'), version '2.8.2'"
Sterling Control Center,6.3.0.0,Sterling Control Center,green,substring,"Substring match: found 'sterling control center' in 'ibm sterling control center monitor', version='6.3.x'"
Tape Autoloaders and Libraries Collection,nan,Tape Autoloaders and Libraries Collection,blue,no_match,Empty or null version
z Development and Test Environment,13.x.x,z Development and Test Environment,red,substring,"Substring match: found 'z development and test environment' in 'ibm z development and test environment', version='13.x.x'"
QRadar SIEM,7.4.2,IBM Security QRadar SIEM,red,exact,"Exact match: product='ibm security qradar siem', version='7.4.x'"
MQ,9.0 LTS,IBM MQ,blue,no_match,"No match found for product 'IBM MQ' (mapped from 'MQ'), version '9.0 lts'"
Cloud Pak for Business Automation,22.0.1,Cloud Pak for Business Automation,red,substring,"Substring match: found 'cloud pak for business automation' in 'ibm cloud pak for business automation', version='22.0.x'"
DataStax Enterprise,5.1.11,DataStax Enterprise,green,major.minor,Major.minor match: '5.1.11' matches '5.1' in 'ibm datastax enterprise'
Storage Ceph,7.0.0,Storage Ceph,blue,no_match,"No match found for product 'Storage Ceph' (mapped from 'Storage Ceph'), version '7.0.0'"
Storage Protect Snapshot,nan,Storage Protect Snapshot,blue,no_match,Empty or null version
AerPOS Series Smart Terminals,nan,AerPOS Series Smart Terminals,blue,no_match,Empty or null version
Application Service Engine Server,nan,Application Service Engine Server,blue,no_match,Empty or null version
Netcool/Impact,7.1,Netcool/Impact,red,exact,"Exact match: product='netcool/impact', version='7.1.x'"
OpenPages,9.0.0.2,OpenPages,green,substring,"Substring match: found 'openpages' in 'ibm openpages', version='9.0.x'"
Workload Scheduler,9.5 - on prem,Workload Scheduler,blue,no_match,"No match found for product 'Workload Scheduler' (mapped from 'Workload Scheduler'), version '9.5 - on prem'"
FlashSystem 9100,8.5,FlashSystem 9100,blue,no_match,"No match found for product 'FlashSystem 9100' (mapped from 'FlashSystem 9100'), version '8.5'"
Vault Self-Managed,1.14.3,Vault Self-Managed,blue,no_match,"No match found for product 'Vault Self-Managed' (mapped from 'Vault Self-Managed'), version '1.14.3'"
Financial Transaction Manager,3.2.4.10,Financial Transaction Manager,blue,no_match,"No match found for product 'Financial Transaction Manager' (mapped from 'Financial Transaction Manager'), version '3.2.4.10'"
Informix Dynamic Server,IDS 14.10.xC12,IBM Informix Advanced Enterprise Edition,blue,no_match,"No match found for product 'IBM Informix Advanced Enterprise Edition' (mapped from 'Informix Dynamic Server'), version 'ids 14.10.xc12'"
Daeja ViewONE,5.0.15.004,Daeja ViewONE,green,substring,"Substring match: found 'daeja viewone' in 'ibm daeja viewone virtual', version='5.0.x'"
Passbook Printers,nan,Passbook Printers,blue,no_match,Empty or null version
PowerVC for Private Cloud,2.2,PowerVC for Private Cloud,orange,substring,"Substring match: found 'powervc for private cloud' in 'ibm powervc for private cloud', version='2.2.x'"
Semeru Runtimes for z/OS,Semeru Java 21 64-bit,Semeru Runtimes for z/OS,blue,no_match,"No match found for product 'Semeru Runtimes for z/OS' (mapped from 'Semeru Runtimes for z/OS'), version 'semeru java 21 64-bit'"
Netcool/Impact,7.1.0.35,Netcool/Impact,red,exact,"Exact match: product='netcool/impact', version='7.1.x'"
Cloud Object Storage,3.18.0.21,Cloud Object Storage,green,substring,"Substring match: found 'cloud object storage' in 'ibm cloud object storage system', version='3.18.x'"
DataStax Mission Control,1.17.0,DataStax Mission Control,blue,no_match,"No match found for product 'DataStax Mission Control' (mapped from 'DataStax Mission Control'), version '1.17.0'"
Netcool Operations Insights,1.6.3,Netcool Operations Insights,blue,no_match,"No match found for product 'Netcool Operations Insights' (mapped from 'Netcool Operations Insights'), version '1.6.3'"
App Connect Enterprise,13.0.1,App Connect Enterprise,green,substring,"Substring match: found 'app connect enterprise' in 'ibm app connect enterprise', version='13.0.x'"
Enterprise,nan,Enterprise,blue,no_match,Empty or null version
Informix Dynamic Server,IDS 14.10.xC8,IBM Informix Advanced Enterprise Edition,blue,no_match,"No match found for product 'IBM Informix Advanced Enterprise Edition' (mapped from 'Informix Dynamic Server'), version 'ids 14.10.xc8'"
FlashSystem C200,nan,FlashSystem C200,blue,no_match,Empty or null version
OpenPages on Cloud,9.0.0.4,OpenPages on Cloud,blue,no_match,"No match found for product 'OpenPages on Cloud' (mapped from 'OpenPages on Cloud'), version '9.0.0.4'"
API Connect,10.6.0,API Connect,blue,no_match,"No match found for product 'API Connect' (mapped from 'API Connect'), version '10.6.0'"
Storwize V5100,nan,Storwize V5100,blue,no_match,Empty or null version
Rhapsody,10.0.3,Rhapsody,green,substring,"Substring match: found 'rhapsody' in 'ibm engineering rhapsody', version='10.0.x'"
Netcool/OMNIbus,8.1.0.34,Netcool/OMNIbus,red,exact,"Exact match: product='netcool/omnibus', version='8.1.x'"
Test Accelerator for Z,2.0.X,Test Accelerator for Z,green,wildcard,Wildcard match: major version '2' matches '2.x.x' in 'ibm test accelerator for z'
Operational Decision Manager,9.5.0,Operational Decision Manager,green,substring,"Substring match: found 'operational decision manager' in 'ibm operational decision manager', version='9.5.x'"
Application Delivery Foundation Common Component,1.10.0,Application Delivery Foundation Common Component,blue,no_match,"No match found for product 'Application Delivery Foundation Common Component' (mapped from 'Application Delivery Foundation Common Component'), version '1.10.0'"
Product Master,12..0,Product Master,blue,no_match,"No match found for product 'Product Master' (mapped from 'Product Master'), version '12..0'"
QRadar SIEM,7.5.0.5,IBM Security QRadar SIEM,green,exact,"Exact match: product='ibm security qradar siem', version='7.5.x'"
Storage Fusion,2.9.0,Storage Fusion,blue,no_match,"No match found for product 'Storage Fusion' (mapped from 'Storage Fusion'), version '2.9.0'"
Storwize V7000,8.2,Storwize V7000,blue,no_match,"No match found for product 'Storwize V7000' (mapped from 'Storwize V7000'), version '8.2'"
Planning Analytics Local,2.1.15,Planning Analytics Local,green,substring,"Substring match: found 'planning analytics local' in 'ibm planning analytics local', version='2.1.x'"
Verify Identity Access,V.9.0.7,Verify Identity Access,blue,no_match,"No match found for product 'Verify Identity Access' (mapped from 'Verify Identity Access'), version 'v.9.0.7'"
MQ for z/OS,9.2 LTS,MQ for z/OS,blue,no_match,"No match found for product 'MQ for z/OS' (mapped from 'MQ for z/OS'), version '9.2 lts'"
Tivoli Network Manager,4.2.0.17 (Build 188),Tivoli Network Manager,red,substring,"Substring match: found 'tivoli network manager' in 'tivoli network manager ip edition', version='4.2.x'"
Sterling Connect Direct,C:D Windows 6.1,IBM Sterling Connect:Direct for UNIX,blue,no_match,"No match found for product 'IBM Sterling Connect:Direct for UNIX' (mapped from 'Sterling Connect Direct'), version 'c:d windows 6.1'"
QRadar SOAR,50.0,QRadar SOAR,blue,no_match,"No match found for product 'QRadar SOAR' (mapped from 'QRadar SOAR'), version '50.0'"
SevOne Network Performance Management,7.2.4,SevOne Network Performance Management,green,major.minor,Major.minor match: '7.2.4' matches '7.2' in 'ibm sevone network performance management'
Security Verify Directory Integrator,V.10.0.0,Security Verify Directory Integrator,blue,no_match,"No match found for product 'Security Verify Directory Integrator' (mapped from 'Security Verify Directory Integrator'), version 'v.10.0.0'"
SevOne Network Performance Management,7.2.9,SevOne Network Performance Management,green,major.minor,Major.minor match: '7.2.9' matches '7.2' in 'ibm sevone network performance management'
Security Verify Directory,8.0.1,IBM Security Verify Directory,blue,no_match,"No match found for product 'IBM Security Verify Directory' (mapped from 'Security Verify Directory'), version '8.0.1'"
Informix Dynamic Server,IDS 12.10.xC16W1,IBM Informix Advanced Enterprise Edition,blue,no_match,"No match found for product 'IBM Informix Advanced Enterprise Edition' (mapped from 'Informix Dynamic Server'), version 'ids 12.10.xc16w1'"
Spectrum Control,5.4.11,Spectrum Control,green,substring,"Substring match: found 'spectrum control' in 'ibm spectrum control', version='5.4.x'"
Storage Protect Plus,10.1.18,Storage Protect Plus,green,substring,"Substring match: found 'storage protect plus' in 'ibm storage protect plus', version='10.1.x'"
SPSS Statistics,31.0.2.0,IBM SPSS Statistics,green,exact,"Exact match: product='ibm spss statistics', version='31.0.x'"
Primergy Server,nan,Primergy Server,blue,no_match,Empty or null version
Storage Ceph,8.1.0,Storage Ceph,blue,no_match,"No match found for product 'Storage Ceph' (mapped from 'Storage Ceph'), version '8.1.0'"
App Connect Enterprise Cloud Service,nan,App Connect Enterprise Cloud Service,blue,no_match,Empty or null version
Transparent Data Migration Facility for z/OS,V5.11,Transparent Data Migration Facility for z/OS,blue,no_match,"No match found for product 'Transparent Data Migration Facility for z/OS' (mapped from 'Transparent Data Migration Facility for z/OS'), version 'v5.11'"
Db2 pureScale,12.1,Db2 pureScale,blue,no_match,"No match found for product 'Db2 pureScale' (mapped from 'Db2 pureScale'), version '12.1'"
Cloud Pak for Network Automation,2.7,Cloud Pak for Network Automation,green,substring,"Substring match: found 'cloud pak for network automation' in 'ibm cloud pak for network automation', version='2.7.x'"
QRadar SOAR,50.1,QRadar SOAR,blue,no_match,"No match found for product 'QRadar SOAR' (mapped from 'QRadar SOAR'), version '50.1'"
watsonx.data,2.1,watsonx.data,green,substring,"Substring match: found 'watsonx.data' in 'ibm watsonx.data', version='2.1.x'"
EntireX,12.1,EntireX,green,substring,"Substring match: found 'entirex' in 'ibm entirex', version='12.1'"
VIPRION,nan,VIPRION,blue,no_match,Empty or null version
Encryption Facility for z/OS,nan,Encryption Facility for z/OS,blue,no_match,Empty or null version
Sterling Gentran Server,Gentran Server for iSeries - 3.6.0,Sterling Gentran Server,blue,no_match,"No match found for product 'Sterling Gentran Server' (mapped from 'Sterling Gentran Server'), version 'gentran server for iseries - 3.6.0'"
CL/SuperSession,2.1.0,CL/SuperSession,green,substring,"Substring match: found 'cl/supersession' in 'ibm cl/supersession for z/os', version='2.1.0'"
Verify Identity Access,V.10.0.8,Verify Identity Access,blue,no_match,"No match found for product 'Verify Identity Access' (mapped from 'Verify Identity Access'), version 'v.10.0.8'"
API Connect,10.0.10,API Connect,green,substring,"Substring match: found 'api connect' in 'ibm api connect', version='10.0.x'"
webMethods Business Process Management,11.1,webMethods Business Process Management,blue,no_match,"No match found for product 'webMethods Business Process Management' (mapped from 'webMethods Business Process Management'), version '11.1'"
Guardium Data Security Center,3.6.0,Guardium Data Security Center,green,substring,"Substring match: found 'guardium data security center' in 'ibm guardium data security center', version='3.6.x'"
Storage Protect,8.1.12.0,Storage Protect,green,substring,"Substring match: found 'storage protect' in 'ibm storage protect', version='8.1.x'"
Engineering Lifecycle Optimization Publishing,7.0.3,Engineering Lifecycle Optimization Publishing,blue,no_match,"No match found for product 'Engineering Lifecycle Optimization Publishing' (mapped from 'Engineering Lifecycle Optimization Publishing'), version '7.0.3'"
App Connect Professional on Cloud,nan,App Connect Professional on Cloud,blue,no_match,Empty or null version
Netcool/OMNIbus,3.1.3.2,Netcool/OMNIbus,blue,no_match,"No match found for product 'Netcool/OMNIbus' (mapped from 'Netcool/OMNIbus'), version '3.1.3.2'"
Aspera,4.4.1,Aspera,green,substring,"Substring match: found 'aspera' in 'aspera', version='4.4.x'"
QRadar SOAR,51.0.1.1,QRadar SOAR,green,substring,"Substring match: found 'qradar soar' in 'ibm security qradar soar', version='51.0.x'"
Storage Protect,8.1.13.0,Storage Protect,green,substring,"Substring match: found 'storage protect' in 'ibm storage protect', version='8.1.x'"
Delivery SCBN Standard,nan,Delivery SCBN Standard,blue,no_match,Empty or null version
QRadar SIEM,7.4.3,IBM Security QRadar SIEM,red,exact,"Exact match: product='ibm security qradar siem', version='7.4.x'"
License Metric Tool,9.2.41,License Metric Tool,green,substring,"Substring match: found 'license metric tool' in 'ibm license metric tool', version='9.2.x'"
Luna DB,5.0.6,Luna DB,blue,no_match,"No match found for product 'Luna DB' (mapped from 'Luna DB'), version '5.0.6'"
Integrated Analytics Systems,1.0.28.1,Integrated Analytics Systems,blue,no_match,"No match found for product 'Integrated Analytics Systems' (mapped from 'Integrated Analytics Systems'), version '1.0.28.1'"
NeXtScale Series,nan,NeXtScale Series,blue,no_match,Empty or null version
IBM i on PowerVS,7.3,IBM i on PowerVS,blue,no_match,"No match found for product 'IBM i on PowerVS' (mapped from 'IBM i on PowerVS'), version '7.3'"
DataPower,10.6.1,DataPower,green,substring,"Substring match: found 'datapower' in 'ibm datapower gateway x2', version='10.6.x'"
Db2 Data Management Console,v3.1.13.1,Db2 Data Management Console,green,wildcard,Wildcard match: version 'v3.1.13.1' matches pattern '3.1.x' in 'ibm db2 data management console'
Apache Cassandra,nan,Apache Cassandra,blue,no_match,Empty or null version
IBM i on PowerVS,7.1,IBM i on PowerVS,blue,no_match,"No match found for product 'IBM i on PowerVS' (mapped from 'IBM i on PowerVS'), version '7.1'"
Content Navigator and Content Navigator Mobile App,3.0.9,Content Navigator and Content Navigator Mobile App,blue,no_match,"No match found for product 'Content Navigator and Content Navigator Mobile App' (mapped from 'Content Navigator and Content Navigator Mobile App'), version '3.0.9'"
SevOne Network Performance Management,7.2.11,SevOne Network Performance Management,green,major.minor,Major.minor match: '7.2.11' matches '7.2' in 'ibm sevone network performance management'
Storage Protect,8.1.7.0,Storage Protect,green,substring,"Substring match: found 'storage protect' in 'ibm storage protect', version='8.1.x'"
DataStax Enterprise,5.1.44,DataStax Enterprise,green,major.minor,Major.minor match: '5.1.44' matches '5.1' in 'ibm datastax enterprise'
MQ for z/OS,9.1 LTS,MQ for z/OS,blue,no_match,"No match found for product 'MQ for z/OS' (mapped from 'MQ for z/OS'), version '9.1 lts'"
Content Collector,nan,Content Collector,blue,no_match,Empty or null version
Vault Self-Managed,1.20.9,Vault Self-Managed,blue,no_match,"No match found for product 'Vault Self-Managed' (mapped from 'Vault Self-Managed'), version '1.20.9'"
DataStax Enterprise,6.9.8,DataStax Enterprise,green,wildcard,Wildcard match: version '6.9.8' matches pattern '6.x' in 'ibm datastax enterprise'
Hyper Protect Offline Signing Orchestrator,nan,Hyper Protect Offline Signing Orchestrator,blue,no_match,Empty or null version
Guardium Appliance Hardware,nan,Guardium Appliance Hardware,blue,no_match,Empty or null version
Vault Self-Managed,1.19.3,Vault Self-Managed,green,substring,"Substring match: found 'vault self-managed' in 'ibm vault self-managed', version='1.19.x'"
Spectrum Virtualize for FlashSystem 7000 ,Unknown,Spectrum Virtualize for FlashSystem 7000 ,blue,no_match,"No match found for product 'Spectrum Virtualize for FlashSystem 7000 ' (mapped from 'Spectrum Virtualize for FlashSystem 7000 '), version 'unknown'"
DataStax Enterprise,6.9.7,DataStax Enterprise,green,wildcard,Wildcard match: version '6.9.7' matches pattern '6.x' in 'ibm datastax enterprise'
System i 820 Server,nan,System i 820 Server,blue,no_match,Empty or null version
DataStax Enterprise,5.1.45,DataStax Enterprise,green,major.minor,Major.minor match: '5.1.45' matches '5.1' in 'ibm datastax enterprise'
Storage Protect,8.1.20.000,Storage Protect,green,substring,"Substring match: found 'storage protect' in 'ibm storage protect', version='8.1.x'"
FlashSystem 5000,8.3,FlashSystem 5000,blue,no_match,"No match found for product 'FlashSystem 5000' (mapped from 'FlashSystem 5000'), version '8.3'"
Integration Designer,25.0.0,Integration Designer,green,substring,"Substring match: found 'integration designer' in 'ibm integration designer', version='25.0.x'"
SevOne Network Performance Management,8.0.7,SevOne Network Performance Management,green,wildcard,Wildcard match: version '8.0.7' matches pattern '8.x' in 'ibm sevone network performance management'
Security Verify Privilege,11.0.8,Security Verify Privilege,red,substring,"Substring match: found 'security verify privilege' in 'ibm security verify privilege', version='11.0.8'"
WebSphere Liberty Core,23.x Liberty,WebSphere Application Server Liberty Core,blue,no_match,"No match found for product 'WebSphere Application Server Liberty Core' (mapped from 'WebSphere Liberty Core'), version '23.x liberty'"
Firepower,nan,Firepower,blue,no_match,Empty or null version
watsonx.data,2.2,watsonx.data,green,substring,"Substring match: found 'watsonx.data' in 'ibm watsonx.data', version='2.2.x'"
Financial Transaction Manager,3.0.5,Financial Transaction Manager,red,major.minor,Major.minor match: '3.0.5' matches '3.0.0' in 'financial transaction manager for z/os'
API Connect,10.0.11,API Connect,green,substring,"Substring match: found 'api connect' in 'ibm api connect', version='10.0.x'"
Financial Transaction Manager,3.1.0.4,Financial Transaction Manager,blue,no_match,"No match found for product 'Financial Transaction Manager' (mapped from 'Financial Transaction Manager'), version '3.1.0.4'"
Db2 Query Monitor for z/OS,3.4,Db2 Query Monitor for z/OS,green,exact,"Exact match: product='db2 query monitor for z/os', version='3.4.0'"
Storwize V5100,8.3,Storwize V5100,blue,no_match,"No match found for product 'Storwize V5100' (mapped from 'Storwize V5100'), version '8.3'"
TS2260 Tape Drive,nan,TS2260 Tape Drive,blue,no_match,Empty or null version
Tivoli Application Dependency Discovery Manager,730,Tivoli Application Dependency Discovery Manager,blue,no_match,"No match found for product 'Tivoli Application Dependency Discovery Manager' (mapped from 'Tivoli Application Dependency Discovery Manager'), version '730'"
Cloudera DataFlow,nan,Cloudera DataFlow,blue,no_match,Empty or null version
Datacap,9.1.4,Datacap,green,substring,"Substring match: found 'datacap' in 'ibm datacap', version='9.1.x'"
Content Navigator and Content Navigator Mobile App,3.0.12,Content Navigator and Content Navigator Mobile App,blue,no_match,"No match found for product 'Content Navigator and Content Navigator Mobile App' (mapped from 'Content Navigator and Content Navigator Mobile App'), version '3.0.12'"
Verify Identity Access,10.0.7,Verify Identity Access,blue,no_match,"No match found for product 'Verify Identity Access' (mapped from 'Verify Identity Access'), version '10.0.7'"
Data Virtualization,nan,Data Virtualization,blue,no_match,Empty or null version
Maximo Asset Configuration Manager,7.6.2,Maximo Asset Configuration Manager,red,major.minor,Major.minor match: '7.6.2' matches '7.6.0-7.6.6' in 'maximo asset configuration manager'
TRIRIGA Applications,11.3.X,TRIRIGA Applications,blue,no_match,"No match found for product 'TRIRIGA Applications' (mapped from 'TRIRIGA Applications'), version '11.3.x'"
FlashSystem 5200,8.4,FlashSystem 5200,blue,no_match,"No match found for product 'FlashSystem 5200' (mapped from 'FlashSystem 5200'), version '8.4'"
Business Automation Manager Open Editions,9.1.0,Business Automation Manager Open Editions,green,wildcard,Wildcard match: version '9.1.0' matches pattern '9.x' in 'ibm business automation manager open editions'
Enterprise Records,5.2,Enterprise Records,green,substring,"Substring match: found 'enterprise records' in 'ibm enterprise records', version='5.2.x'"
StreamSets,5.2,StreamSets,blue,no_match,"No match found for product 'StreamSets' (mapped from 'StreamSets'), version '5.2'"
PowerHA SystemMirror,7.2.1,PowerHA SystemMirror Standard Edition for AIX,green,exact,"Exact match: product='powerha systemmirror standard edition for aix', version='7.2.x'"
Business Automation Manager Open Editions,8.0.4,Business Automation Manager Open Editions,green,wildcard,Wildcard match: version '8.0.4' matches pattern '8.x' in 'ibm business automation manager open editions'
Verify Identity Access,11.0.0,Verify Identity Access,green,substring,"Substring match: found 'verify identity access' in 'ibm verify identity access', version='11.0.x'"
Vault Self-Managed,1.20.4,Vault Self-Managed,blue,no_match,"No match found for product 'Vault Self-Managed' (mapped from 'Vault Self-Managed'), version '1.20.4'"
Tivoli Network Manager,4.2.0.10 (build 106),Tivoli Network Manager,red,substring,"Substring match: found 'tivoli network manager' in 'tivoli network manager ip edition', version='4.2.x'"
App Connect Enterprise,12.0.8,App Connect Enterprise,green,substring,"Substring match: found 'app connect enterprise' in 'ibm app connect enterprise', version='12.0.x'"
Spectrum Virtualize for FlashSystem 7000 ,Version Not Listed,Spectrum Virtualize for FlashSystem 7000 ,blue,no_match,"No match found for product 'Spectrum Virtualize for FlashSystem 7000 ' (mapped from 'Spectrum Virtualize for FlashSystem 7000 '), version 'version not listed'"
Storage Protect Plus,10.1.18-48,Storage Protect Plus,green,substring,"Substring match: found 'storage protect plus' in 'ibm storage protect plus', version='10.1.x'"
Storage Scale System Software,Storage Scale System Data Access Edition v5.2.3,Storage Scale System Software,green,wildcard,Wildcard match: version 'storage scale system data access edition v5.2.3' matches pattern '5.2.x' in 'ibm storage scale system software data access edition'
ILOG CPLEX Optimization Studio,22.1.0.0,ILOG CPLEX Optimization Studio,green,substring,"Substring match: found 'ilog cplex optimization studio' in 'ibm ilog cplex optimization studio', version='22.1.x'"
Astra Streaming,nan,Astra Streaming,blue,no_match,Empty or null version
License Metric Tool,9.2.27,License Metric Tool,green,substring,"Substring match: found 'license metric tool' in 'ibm license metric tool', version='9.2.x'"
Storage Scale,7.3,IBM Storage Scale Data Management Edition,blue,no_match,"No match found for product 'IBM Storage Scale Data Management Edition' (mapped from 'Storage Scale'), version '7.3'"
Cloud Pak for Data System,1.0.8.0-IF1,Cloud Pak for Data System,red,substring,"Substring match: found 'cloud pak for data system' in 'ibm cloud pak for data system for federal and finance', version='1.0.x'"
PowerVC for Private Cloud,2.3,PowerVC for Private Cloud,green,substring,"Substring match: found 'powervc for private cloud' in 'ibm powervc for private cloud', version='2.3.x'"
Blade Servers,nan,Blade Servers,blue,no_match,Empty or null version
Storage Protect,8.1.6.0,Storage Protect,green,substring,"Substring match: found 'storage protect' in 'ibm storage protect', version='8.1.x'"
Automated Tape Allocation Manager,3.3.0,Automated Tape Allocation Manager,green,substring,"Substring match: found 'automated tape allocation manager' in 'tivoli automated tape allocation manager for z/os', version='3.3.x'"
Informix Dynamic Server,IDS 14.10.xC13W7,IBM Informix Advanced Enterprise Edition,blue,no_match,"No match found for product 'IBM Informix Advanced Enterprise Edition' (mapped from 'Informix Dynamic Server'), version 'ids 14.10.xc13w7'"
FortiGate,nan,FortiGate,blue,no_match,Empty or null version
Server,nan,Server,blue,no_match,Empty or null version
Storagetek,nan,Storagetek,blue,no_match,Empty or null version
Tivoli Network Manager,4.2.0.24,Tivoli Network Manager,red,substring,"Substring match: found 'tivoli network manager' in 'tivoli network manager ip edition', version='4.2.x'"
Terraform Self-Managed,202502-2,Terraform Self-Managed,green,wildcard,Wildcard match: version '202502-2' matches pattern '2.x.x' in 'ibm terraform self-managed'
Netcool/OMNIbus,8.1.0.39,Netcool/OMNIbus,red,exact,"Exact match: product='netcool/omnibus', version='8.1.x'"
OMEGAMON for Messaging on z/OS,7.5.0,OMEGAMON for Messaging on z/OS,blue,no_match,"No match found for product 'OMEGAMON for Messaging on z/OS' (mapped from 'OMEGAMON for Messaging on z/OS'), version '7.5.0'"
Integrity BL Series C-Class Servers Blades,nan,Integrity BL Series C-Class Servers Blades,blue,no_match,Empty or null version
License Metric Tool,9.2.34,License Metric Tool,green,substring,"Substring match: found 'license metric tool' in 'ibm license metric tool', version='9.2.x'"
Integrated Analytics Systems,1.0.26.0,Integrated Analytics Systems,blue,no_match,"No match found for product 'Integrated Analytics Systems' (mapped from 'Integrated Analytics Systems'), version '1.0.26.0'"
Informix Dynamic Server,IDS 12.10.xC12,IBM Informix Advanced Enterprise Edition,blue,no_match,"No match found for product 'IBM Informix Advanced Enterprise Edition' (mapped from 'Informix Dynamic Server'), version 'ids 12.10.xc12'"
App Connect Enterprise,13.0.2,App Connect Enterprise,green,substring,"Substring match: found 'app connect enterprise' in 'ibm app connect enterprise', version='13.0.x'"
watsonx.data intelligence,2.2,watsonx.data intelligence,green,substring,"Substring match: found 'watsonx.data intelligence' in 'ibm watsonx.data intelligence', version='2.2.x'"
Storage Scale System Software,Storage Scale System Data Management Edition 5.2.1,Storage Scale System Software,green,wildcard,Wildcard match: version 'storage scale system data management edition 5.2.1' matches pattern '5.2.x' in 'ibm storage scale system software data access edition'
WebSphere Application Server,Open Liberty,WebSphere Application Server,blue,no_match,"No match found for product 'WebSphere Application Server' (mapped from 'WebSphere Application Server'), version 'open liberty'"
P-temina Self Printer,nan,P-temina Self Printer,blue,no_match,Empty or null version
Support for Hyperledger Fabric,nan,Support for Hyperledger Fabric,blue,no_match,Empty or null version
Cloud Object Storage,3.18.4.45,Cloud Object Storage,green,substring,"Substring match: found 'cloud object storage' in 'ibm cloud object storage system', version='3.18.x'"
Cloud Pak for Data System,1.0.10.0,Cloud Pak for Data System,red,substring,"Substring match: found 'cloud pak for data system' in 'ibm cloud pak for data system for federal and finance', version='1.0.x'"
Planning Analytics Local,2.1.5,Planning Analytics Local,green,substring,"Substring match: found 'planning analytics local' in 'ibm planning analytics local', version='2.1.x'"
VMware vCenter Server,8.x,VMware vCenter Server,blue,no_match,"No match found for product 'VMware vCenter Server' (mapped from 'VMware vCenter Server'), version '8.x'"
Vault Self-Managed,1.16.0,Vault Self-Managed,blue,no_match,"No match found for product 'Vault Self-Managed' (mapped from 'Vault Self-Managed'), version '1.16.0'"
Verify Identity Access,10.0.9,Verify Identity Access,blue,no_match,"No match found for product 'Verify Identity Access' (mapped from 'Verify Identity Access'), version '10.0.9'"
Storage Scale Erasure Code Edition,5.1.9,Storage Scale Erasure Code Edition,blue,no_match,"No match found for product 'Storage Scale Erasure Code Edition' (mapped from 'Storage Scale Erasure Code Edition'), version '5.1.9'"
IMS,15.3 (EOS 31 August 2026),IMS,blue,no_match,"No match found for product 'IMS' (mapped from 'IMS'), version '15.3'"
Safer Payments,6.3.1,Safer Payments,orange,substring,"Substring match: found 'safer payments' in 'ibm safer payments', version='6.3.x'"
DevOps Test Virtualization,11.0.2,DevOps Test Virtualization,green,substring,"Substring match: found 'devops test virtualization' in 'ibm devops test virtualization', version='11.0.x'"
Aspera,4.3.1,Aspera,red,substring,"Substring match: found 'aspera' in 'aspera', version='4.3.x'"
Cognos Controller on Cloud,11.1.0,Cognos Controller on Cloud,blue,no_match,"No match found for product 'Cognos Controller on Cloud' (mapped from 'Cognos Controller on Cloud'), version '11.1.0'"
Z OMEGAMON AI for CICS,5.6.0,Z OMEGAMON AI for CICS,blue,no_match,"No match found for product 'Z OMEGAMON AI for CICS' (mapped from 'Z OMEGAMON AI for CICS'), version '5.6.0'"
Jazz for Service Management DASH / TIP,3.1.3.24,Jazz for Service Management DASH / TIP,blue,no_match,"No match found for product 'Jazz for Service Management DASH / TIP' (mapped from 'Jazz for Service Management DASH / TIP'), version '3.1.3.24'"
Business Automation Content Services on Cloud,1.0.0.0,Business Automation Content Services on Cloud,blue,no_match,"No match found for product 'Business Automation Content Services on Cloud' (mapped from 'Business Automation Content Services on Cloud'), version '1.0.0.0'"
Cognos Controller on Cloud,10.4.1,Cognos Controller on Cloud,blue,no_match,"No match found for product 'Cognos Controller on Cloud' (mapped from 'Cognos Controller on Cloud'), version '10.4.1'"
OpenPages on Cloud,9.0.0.1,OpenPages on Cloud,blue,no_match,"No match found for product 'OpenPages on Cloud' (mapped from 'OpenPages on Cloud'), version '9.0.0.1'"
Verify Identity Access,10.0.2,Verify Identity Access,blue,no_match,"No match found for product 'Verify Identity Access' (mapped from 'Verify Identity Access'), version '10.0.2'"
Netcool/OMNIbus,8.1.0.24,Netcool/OMNIbus,red,exact,"Exact match: product='netcool/omnibus', version='8.1.x'"
Guardium Data Encryption,4.0,Guardium Data Encryption,orange,substring,"Substring match: found 'guardium data encryption' in 'ibm guardium data encryption', version='4.0.x'"
Sterling Control Center,6.2.1.0,Sterling Control Center,orange,substring,"Substring match: found 'sterling control center' in 'ibm sterling control center monitor', version='6.2.x'"
Cloud Pak for Applications,5.1.x,Cloud Pak for Applications,green,substring,"Substring match: found 'cloud pak for applications' in 'ibm cloud pak for applications', version='5.1.x'"
Cognos Controller on Cloud,11.1.2,Cognos Controller on Cloud,blue,no_match,"No match found for product 'Cognos Controller on Cloud' (mapped from 'Cognos Controller on Cloud'), version '11.1.2'"
OpenPages on Cloud,nan,OpenPages on Cloud,blue,no_match,Empty or null version
Cloud Object Storage,3.18.5.40,Cloud Object Storage,green,substring,"Substring match: found 'cloud object storage' in 'ibm cloud object storage system', version='3.18.x'"
Event Automation,1.2,Event Automation,green,substring,"Substring match: found 'event automation' in 'ibm event automation', version='1.2.x'"
Netezza Performance Server,nan,Netezza Performance Server,blue,no_match,Empty or null version
Storage Ready Node Ceph,nan,Storage Ready Node Ceph,blue,no_match,Empty or null version
DeskJet Series Printers,nan,DeskJet Series Printers,blue,no_match,Empty or null version
Storage Protect,8.1.19.000,Storage Protect,green,substring,"Substring match: found 'storage protect' in 'ibm storage protect', version='8.1.x'"
HashiCorp PayGo,nan,HashiCorp PayGo,blue,no_match,Empty or null version
App Connect Enterprise,11.0.0,App Connect Enterprise,red,substring,"Substring match: found 'app connect enterprise' in 'ibm app connect enterprise', version='11.0.x'"
SAN Volume Controller,Version Not Listed,SAN Volume Controller,blue,no_match,"No match found for product 'SAN Volume Controller' (mapped from 'SAN Volume Controller'), version 'version not listed'"
DevOps Test UI,11.0.8,DevOps Test UI,green,substring,"Substring match: found 'devops test ui' in 'ibm devops test ui', version='11.0.x'"
OMEGAMON for Networks on z/OS,5.5.0,OMEGAMON for Networks on z/OS,green,substring,"Substring match: found 'omegamon for networks on z/os' in 'ibm omegamon for networks on z/os', version='5.5.0'"
SPSS Statistics,25.0.0.0,IBM SPSS Statistics,red,exact,"Exact match: product='ibm spss statistics', version='25.0.x'"
Storage Protect Plus,10.1.17  Build 271,Storage Protect Plus,green,substring,"Substring match: found 'storage protect plus' in 'ibm storage protect plus', version='10.1.x'"
Verify Identity Access,10.0.6,Verify Identity Access,blue,no_match,"No match found for product 'Verify Identity Access' (mapped from 'Verify Identity Access'), version '10.0.6'"
Power System AC922 Server,nan,Power System AC922 Server,blue,no_match,Empty or null version
ApplinX,11.1,ApplinX,green,substring,"Substring match: found 'applinx' in 'ibm applinx', version='11.1.x'"
watsonx.ai,Other,watsonx.ai,blue,no_match,"No match found for product 'watsonx.ai' (mapped from 'watsonx.ai'), version 'other'"
Cloud Pak for Integration,16.1.1,Cloud Pak for Integration,green,substring,"Substring match: found 'cloud pak for integration' in 'ibm cloud pak for integration', version='16.1.1'"
SevOne Network Performance Management,7.2.2,SevOne Network Performance Management,green,major.minor,Major.minor match: '7.2.2' matches '7.2' in 'ibm sevone network performance management'
Robotic Process Automation,30.0.0,IBM Robotic Process Automation,green,exact,"Exact match: product='ibm robotic process automation', version='30.0.x'"
Storwize V5100,Unknown,Storwize V5100,blue,no_match,"No match found for product 'Storwize V5100' (mapped from 'Storwize V5100'), version 'unknown'"
"Db2 Linux, Unix and Windows Storage Optimization",11.5,"Db2 Linux, Unix and Windows Storage Optimization",blue,no_match,"No match found for product 'Db2 Linux, Unix and Windows Storage Optimization' (mapped from 'Db2 Linux, Unix and Windows Storage Optimization'), version '11.5'"
Security Verify Directory Integrator,V.7.1.1,Security Verify Directory Integrator,blue,no_match,"No match found for product 'Security Verify Directory Integrator' (mapped from 'Security Verify Directory Integrator'), version 'v.7.1.1'"
watsonx.data integration as a Service,nan,watsonx.data integration as a Service,blue,no_match,Empty or null version
Z OMEGAMON AI for JVM,6.1.0,Z OMEGAMON AI for JVM,green,substring,"Substring match: found 'z omegamon ai for jvm' in 'ibm z omegamon ai for jvm', version='6.1.x'"
Spectrum Virtualize for Storwize V5000,8.5,Spectrum Virtualize for Storwize V5000,blue,no_match,"No match found for product 'Spectrum Virtualize for Storwize V5000' (mapped from 'Spectrum Virtualize for Storwize V5000'), version '8.5'"
SUSE Linux Enterprise Server for SAP Applications,12.x,SUSE Linux Enterprise Server for SAP Applications,blue,no_match,"No match found for product 'SUSE Linux Enterprise Server for SAP Applications' (mapped from 'SUSE Linux Enterprise Server for SAP Applications'), version '12.x'"
Thinkbook,nan,Thinkbook,blue,no_match,Empty or null version
Storage Protect Plus,10.1.16-607,Storage Protect Plus,green,substring,"Substring match: found 'storage protect plus' in 'ibm storage protect plus', version='10.1.x'"
Guardium Data Protection,11.4,Guardium Data Protection,red,substring,"Substring match: found 'guardium data protection' in 'ibm guardium data protection', version='11.4.x'"
QRadar SOAR,51.0.2.0,QRadar SOAR,green,substring,"Substring match: found 'qradar soar' in 'ibm security qradar soar', version='51.0.x'"
Db2 Log Analysis Tool for z/OS,3.6,Db2 Log Analysis Tool for z/OS,green,substring,"Substring match: found 'db2 log analysis tool for z/os' in 'ibm db2 log analysis tool for z/os', version='3.6.0'"
Rational Licensing,8.1.5,Rational License Key Server,blue,no_match,"No match found for product 'Rational License Key Server' (mapped from 'Rational Licensing'), version '8.1.5'"
InfoSphere Information Server: QualityStage (QS),11.7.1,InfoSphere Information Server: QualityStage (QS),blue,no_match,"No match found for product 'InfoSphere Information Server: QualityStage (QS)' (mapped from 'InfoSphere Information Server: QualityStage (QS)'), version '11.7.1'"
BusinessObjects Web Intelligence,nan,BusinessObjects Web Intelligence,blue,no_match,Empty or null version
Storwize V5000,8.4,Storwize V5000,blue,no_match,"No match found for product 'Storwize V5000' (mapped from 'Storwize V5000'), version '8.4'"
Rhapsody,10.0.1,Rhapsody,green,substring,"Substring match: found 'rhapsody' in 'ibm engineering rhapsody', version='10.0.x'"
QRadar Applications,7.5.0.13,QRadar Applications,blue,no_match,"No match found for product 'QRadar Applications' (mapped from 'QRadar Applications'), version '7.5.0.13'"
Cloud Pak for Data System,1.0.8.3-IF1,Cloud Pak for Data System,red,substring,"Substring match: found 'cloud pak for data system' in 'ibm cloud pak for data system for federal and finance', version='1.0.x'"
Netcool/OMNIbus,8.1.0.29,Netcool/OMNIbus,red,exact,"Exact match: product='netcool/omnibus', version='8.1.x'"
Netcool Operations Insights,1.6.13,Netcool Operations Insights,blue,no_match,"No match found for product 'Netcool Operations Insights' (mapped from 'Netcool Operations Insights'), version '1.6.13'"
Apache Pulsar,3.0.11,Apache Pulsar,blue,no_match,"No match found for product 'Apache Pulsar' (mapped from 'Apache Pulsar'), version '3.0.11'"
Cloud Object Storage,3.18.0.40,Cloud Object Storage,green,substring,"Substring match: found 'cloud object storage' in 'ibm cloud object storage system', version='3.18.x'"
DataStax Enterprise,6.8.59,DataStax Enterprise,green,wildcard,Wildcard match: version '6.8.59' matches pattern '6.x' in 'ibm datastax enterprise'
Host Access Client Package,v15.0,Host Access Client Package for Multiplatforms,blue,no_match,"No match found for product 'Host Access Client Package for Multiplatforms' (mapped from 'Host Access Client Package'), version 'v15.0'"
FlashSystem Collection,nan,FlashSystem Collection,blue,no_match,Empty or null version
Machine Learning for z/OS,3.2.0,Machine Learning for z/OS,blue,no_match,"No match found for product 'Machine Learning for z/OS' (mapped from 'Machine Learning for z/OS'), version '3.2.0'"
Observability by Instana APM on z/OS,1.1,Observability by Instana APM on z/OS,blue,no_match,"No match found for product 'Observability by Instana APM on z/OS' (mapped from 'Observability by Instana APM on z/OS'), version '1.1'"
Reliable Scalable Cluster Technology (RSCT),RSCT v3.1.0,Reliable Scalable Cluster Technology (RSCT),blue,no_match,"No match found for product 'Reliable Scalable Cluster Technology (RSCT)' (mapped from 'Reliable Scalable Cluster Technology (RSCT)'), version 'rsct v3.1.0'"
IMS Fast Path DEDB REDO Utility,nan,IMS Fast Path DEDB REDO Utility,blue,no_match,Empty or null version
TS2290 Tape Drive,nan,TS2290 Tape Drive,blue,no_match,Empty or null version
InfoSphere Change Data Delivery,nan,InfoSphere Change Data Delivery,blue,no_match,Empty or null version
Retail,nan,Retail,blue,no_match,Empty or null version
Cloud Object Storage,3.18.0.52,Cloud Object Storage,green,substring,"Substring match: found 'cloud object storage' in 'ibm cloud object storage system', version='3.18.x'"
TRIRIGA Platform,4.5.X,TRIRIGA Platform,orange,substring,"Substring match: found 'tririga platform' in 'tririga platform', version='4.5.x'"
Verify Identity Access,10.0.8,Verify Identity Access,blue,no_match,"No match found for product 'Verify Identity Access' (mapped from 'Verify Identity Access'), version '10.0.8'"
Concert on Cloud,nan,Concert on Cloud,blue,no_match,Empty or null version
AF/Integrated Resource Manager,5.0.0,AF/Integrated Resource Manager,blue,no_match,"No match found for product 'AF/Integrated Resource Manager' (mapped from 'AF/Integrated Resource Manager'), version '5.0.0'"
App Connect Enterprise,9.0.0,App Connect Enterprise,blue,no_match,"No match found for product 'App Connect Enterprise' (mapped from 'App Connect Enterprise'), version '9.0.0'"
Netcool/OMNIbus,8.1.0.30,Netcool/OMNIbus,red,exact,"Exact match: product='netcool/omnibus', version='8.1.x'"
Vault Self-Managed,1.11.3,Vault Self-Managed,blue,no_match,"No match found for product 'Vault Self-Managed' (mapped from 'Vault Self-Managed'), version '1.11.3'"
Terraform Self-Managed,1.1.2,Terraform Self-Managed,blue,no_match,"No match found for product 'Terraform Self-Managed' (mapped from 'Terraform Self-Managed'), version '1.1.2'"
Db2 High Performance Unload for z/OS,5.2,Db2 High Performance Unload for z/OS,green,substring,"Substring match: found 'db2 high performance unload for z/os' in 'ibm db2 high performance unload for z/os', version='5.2.0'"
Apache Cassandra,3.11.16,Apache Cassandra,blue,no_match,"No match found for product 'Apache Cassandra' (mapped from 'Apache Cassandra'), version '3.11.16'"
Vault Self-Managed,1.16.24,Vault Self-Managed,blue,no_match,"No match found for product 'Vault Self-Managed' (mapped from 'Vault Self-Managed'), version '1.16.24'"
TS2280 Tape Drive,nan,TS2280 Tape Drive,blue,no_match,Empty or null version
IMS High Performance Pointer Checker for z/OS,3.1.0,IMS High Performance Pointer Checker for z/OS,green,exact,"Exact match: product='ims high performance pointer checker for z/os', version='3.1.0'"
Reporting Appliance,nan,Reporting Appliance,blue,no_match,Empty or null version
Storage Protect,8.1.18.000,Storage Protect,green,substring,"Substring match: found 'storage protect' in 'ibm storage protect', version='8.1.x'"
QRadar SIEM,7.4.1,IBM Security QRadar SIEM,red,exact,"Exact match: product='ibm security qradar siem', version='7.4.x'"
Db2 Web Query for i,2.3.0 (EOS 10/31/23),Db2 Web Query for i,red,exact,"Exact match: product='db2 web query for i', version='2.3.0'"
Storage Protect Plus,"Version 10.1.10 Build: 2761 May 18, 2022 5:14:33 PM",Storage Protect Plus,green,wildcard,"Wildcard match: version 'version 10.1.10 build: 2761 may 18, 2022 5:14:33 pm' matches pattern '10.1.x' in 'ibm storage protect plus'"
Vault Self-Managed,1.18.0,Vault Self-Managed,blue,no_match,"No match found for product 'Vault Self-Managed' (mapped from 'Vault Self-Managed'), version '1.18.0'"
Db2 Analytics Accelerator Loader for z/OS,2.1,Db2 Analytics Accelerator Loader for z/OS,green,substring,"Substring match: found 'db2 analytics accelerator loader for z/os' in 'ibm db2 analytics accelerator loader for z/os', version='2.1.0'"
Rational Asset Manager,7.5.x,Rational Asset Manager,green,exact,"Exact match: product='rational asset manager', version='7.5.x'"
MQ for z/OS,9.4 CD,MQ for z/OS,blue,no_match,"No match found for product 'MQ for z/OS' (mapped from 'MQ for z/OS'), version '9.4 cd'"
Netcool/OMNIbus,8.1.0.21,Netcool/OMNIbus,red,exact,"Exact match: product='netcool/omnibus', version='8.1.x'"
Db2 Cloning Tool for z/OS,3.2,Db2 Cloning Tool for z/OS,green,substring,"Substring match: found 'db2 cloning tool for z/os' in 'ibm db2 cloning tool for z/os', version='3.2.0'"
QRadar Applications,7.5.0.14,QRadar Applications,blue,no_match,"No match found for product 'QRadar Applications' (mapped from 'QRadar Applications'), version '7.5.0.14'"
RMF Reporter,3.1.0,RMF Reporter,blue,no_match,"No match found for product 'RMF Reporter' (mapped from 'RMF Reporter'), version '3.1.0'"
Optim Test Data Management for z/OS,nan,Optim Test Data Management for z/OS,blue,no_match,Empty or null version
Sterling Connect Direct,C:D Web Services 6.4,IBM Sterling Connect:Direct for UNIX,blue,no_match,"No match found for product 'IBM Sterling Connect:Direct for UNIX' (mapped from 'Sterling Connect Direct'), version 'c:d web services 6.4'"
Engineering Lifecycle Management Suite,7.2.0,Engineering Lifecycle Management Suite,green,substring,"Substring match: found 'engineering lifecycle management suite' in 'ibm engineering lifecycle management suite', version='7.2.0'"
Storage Protect for Virtual Environments,8.1.21.0,Storage Protect for Virtual Environments,green,substring,"Substring match: found 'storage protect for virtual environments' in 'ibm storage protect for virtual environments', version='8.1.x'"
Tivoli Monitoring,610,Tivoli Monitoring,blue,no_match,"No match found for product 'Tivoli Monitoring' (mapped from 'Tivoli Monitoring'), version '610'"
DataStax Mission Control,1.15.0,DataStax Mission Control,blue,no_match,"No match found for product 'DataStax Mission Control' (mapped from 'DataStax Mission Control'), version '1.15.0'"
Apache Cassandra,3.11.19,Apache Cassandra,blue,no_match,"No match found for product 'Apache Cassandra' (mapped from 'Apache Cassandra'), version '3.11.19'"
Z OMEGAMON AI for z/OS,560,Z OMEGAMON AI for z/OS,blue,no_match,"No match found for product 'Z OMEGAMON AI for z/OS' (mapped from 'Z OMEGAMON AI for z/OS'), version '560'"
Spectrum LSF Explorer,nan,Spectrum LSF Explorer,blue,no_match,Empty or null version
Speech to Text for Cloud,nan,Speech to Text for Cloud,blue,no_match,Empty or null version
Application Delivery Foundation,5.0.x,Application Delivery Foundation,green,substring,"Substring match: found 'application delivery foundation' in 'ibm application delivery foundation for z/os', version='5.0.x'"
DataStax Enterprise,5.1.33,DataStax Enterprise,green,major.minor,Major.minor match: '5.1.33' matches '5.1' in 'ibm datastax enterprise'
Engineering Requirements Management DOORS,9.6.0,Engineering Requirements Management DOORS,blue,no_match,"No match found for product 'Engineering Requirements Management DOORS' (mapped from 'Engineering Requirements Management DOORS'), version '9.6.0'"
Security Verify Privilege,11.1.7,Security Verify Privilege,red,substring,"Substring match: found 'security verify privilege' in 'ibm security verify privilege', version='11.1.7'"
IMS Recovery Solution Pack for z/OS,2.1.0,IMS Recovery Solution Pack for z/OS,green,exact,"Exact match: product='ims recovery solution pack for z/os', version='2.1.0'"
Vault Self-Managed,1.19.4,Vault Self-Managed,green,substring,"Substring match: found 'vault self-managed' in 'ibm vault self-managed', version='1.19.x'"
Cloud Tape Connector,2.1.0,Cloud Tape Connector,green,substring,"Substring match: found 'cloud tape connector' in 'ibm cloud tape connector for z/os', version='2.1.x'"
Informix Tools and Connectivity,CSDK/JDBC 4.50.xC1,IBM Informix Advanced Enterprise Edition,blue,no_match,"No match found for product 'IBM Informix Advanced Enterprise Edition' (mapped from 'Informix Tools and Connectivity'), version 'csdk/jdbc 4.50.xc1'"
TPF,TPF Operations Server 1.2,TPF,blue,no_match,"No match found for product 'TPF' (mapped from 'TPF'), version 'tpf operations server 1.2'"
Kubecost Cloud Service,Other,Kubecost Cloud Service,blue,no_match,"No match found for product 'Kubecost Cloud Service' (mapped from 'Kubecost Cloud Service'), version 'other'"
Vault Self-Managed,1.19.8,Vault Self-Managed,green,substring,"Substring match: found 'vault self-managed' in 'ibm vault self-managed', version='1.19.x'"
Db2 Recovery Expert for z/OS,3.2,Db2 Recovery Expert for z/OS,green,exact,"Exact match: product='db2 recovery expert for z/os', version='3.2.0'"
DevOps Deploy,8.1.0.0,DevOps Deploy,green,substring,"Substring match: found 'devops deploy' in 'ibm devops deploy', version='8.1.x'"
Semeru Runtimes for z/OS,Semeru Java 11 64-bit,Semeru Runtimes for z/OS,blue,no_match,"No match found for product 'Semeru Runtimes for z/OS' (mapped from 'Semeru Runtimes for z/OS'), version 'semeru java 11 64-bit'"
Cloud Pak for Business Automation,23.0.1,Cloud Pak for Business Automation,green,substring,"Substring match: found 'cloud pak for business automation' in 'ibm cloud pak for business automation', version='23.0.x'"
Db2 Analytics Accelerator Loader for z/OS,8.1.0,Db2 Analytics Accelerator Loader for z/OS,blue,no_match,"No match found for product 'Db2 Analytics Accelerator Loader for z/OS' (mapped from 'Db2 Analytics Accelerator Loader for z/OS'), version '8.1.0'"
Netcool/OMNIbus,8.1.0.31,Netcool/OMNIbus,red,exact,"Exact match: product='netcool/omnibus', version='8.1.x'"
Optim Data Privacy,11.7,Optim Data Privacy,blue,no_match,"No match found for product 'Optim Data Privacy' (mapped from 'Optim Data Privacy'), version '11.7'"
License Metric Tool,nan,License Metric Tool,blue,no_match,Empty or null version
Key Lifecycle Manager,4.0.0.x,Key Lifecycle Manager,green,major.minor,Major.minor match: '4.0.0.x' matches '4.0.x' in 'ibm guardium key lifecycle manager'
watsonx Assistant for Z,3.0,watsonx Assistant for Z,green,wildcard,Wildcard match: version '3.0' matches pattern '3.x' in 'ibm watsonx assistant for z'
Z Distribution for Zowe,3.1.0,Z Distribution for Zowe,blue,no_match,"No match found for product 'Z Distribution for Zowe' (mapped from 'Z Distribution for Zowe'), version '3.1.0'"
Storage Ceph,9.9.0.0,Storage Ceph,blue,no_match,"No match found for product 'Storage Ceph' (mapped from 'Storage Ceph'), version '9.9.0.0'"
Turbonomic On-Premises,8.15.x,Turbonomic On-Premises,blue,no_match,"No match found for product 'Turbonomic On-Premises' (mapped from 'Turbonomic On-Premises'), version '8.15.x'"
Engineering Lifecycle Management Suite,7.0.3,Engineering Lifecycle Management Suite,green,substring,"Substring match: found 'engineering lifecycle management suite' in 'ibm engineering lifecycle management suite', version='7.0.3'"
Aspera,4.0.1,Aspera,red,substring,"Substring match: found 'aspera' in 'aspera', version='4.0.x'"
Business Intelligence,nan,Business Intelligence,blue,no_match,Empty or null version
Spectrum Virtualize for Storwize V7000,Unknown,Spectrum Virtualize for Storwize V7000,blue,no_match,"No match found for product 'Spectrum Virtualize for Storwize V7000' (mapped from 'Spectrum Virtualize for Storwize V7000'), version 'unknown'"
Guardium Data Security Center SaaS,nan,Guardium Data Security Center SaaS,blue,no_match,Empty or null version
DevOps Test Virtualization,11.0.0,DevOps Test Virtualization,green,substring,"Substring match: found 'devops test virtualization' in 'ibm devops test virtualization', version='11.0.x'"
TPF,TPF Toolkit 4.6,TPF,blue,no_match,"No match found for product 'TPF' (mapped from 'TPF'), version 'tpf toolkit 4.6'"
Vault Self-Managed,1.16.3,Vault Self-Managed,blue,no_match,"No match found for product 'Vault Self-Managed' (mapped from 'Vault Self-Managed'), version '1.16.3'"
Netcool/OMNIbus,8.1.0.37,Netcool/OMNIbus,red,exact,"Exact match: product='netcool/omnibus', version='8.1.x'"
XL C/C++,z/OS XL C/C++ V2R4,XL C/C++,blue,no_match,"No match found for product 'XL C/C++' (mapped from 'XL C/C++'), version 'z/os xl c/c++ v2r4'"
Transparent Data Migration Facility for z/OS,V6.1,Transparent Data Migration Facility for z/OS,blue,no_match,"No match found for product 'Transparent Data Migration Facility for z/OS' (mapped from 'Transparent Data Migration Facility for z/OS'), version 'v6.1'"
SevOne Network Performance Management,6.8.25,SevOne Network Performance Management,orange,major.minor,Major.minor match: '6.8.25' matches '6.8' in 'ibm sevone network performance management'
Process Mining as a Service,nan,Process Mining as a Service,blue,no_match,Empty or null version
Cloud Object Storage,3.19.0.76,Cloud Object Storage,blue,no_match,"No match found for product 'Cloud Object Storage' (mapped from 'Cloud Object Storage'), version '3.19.0.76'"
Netezza Appliance,1.0.0,Netezza Appliance,green,substring,"Substring match: found 'netezza appliance' in 'ibm netezza appliance', version='1.0.x'"
MQ as a Service,nan,MQ as a Service,blue,no_match,Empty or null version
IMS High Performance Load,2.1.0,IMS High Performance Load,green,substring,"Substring match: found 'ims high performance load' in 'ims high performance load for z/os', version='2.1.0'"
IMS Tools Base for z/OS,2.1.0,IMS Tools Base for z/OS,blue,no_match,"No match found for product 'IMS Tools Base for z/OS' (mapped from 'IMS Tools Base for z/OS'), version '2.1.0'"
System Automation for Integrated Operations Management,2.1.2,System Automation for Integrated Operations Management,orange,substring,"Substring match: found 'system automation for integrated operations management' in 'tivoli system automation for integrated operations management', version='2.1.x'"
webMethods Business Process Management,10.5,webMethods Business Process Management,blue,no_match,"No match found for product 'webMethods Business Process Management' (mapped from 'webMethods Business Process Management'), version '10.5'"
HP 9000 RP Series Servers,nan,HP 9000 RP Series Servers,blue,no_match,Empty or null version
SUSE Linux Enterprise Server,11.x,SUSE Linux Enterprise Server,blue,no_match,"No match found for product 'SUSE Linux Enterprise Server' (mapped from 'SUSE Linux Enterprise Server'), version '11.x'"
Informix Tools and Connectivity,CSDK/JDBC 4.10,IBM Informix Advanced Enterprise Edition,blue,no_match,"No match found for product 'IBM Informix Advanced Enterprise Edition' (mapped from 'Informix Tools and Connectivity'), version 'csdk/jdbc 4.10'"
Storage Scale System Software,Storage Scale System Data Access Edition 5.2.1,Storage Scale System Software,green,wildcard,Wildcard match: version 'storage scale system data access edition 5.2.1' matches pattern '5.2.x' in 'ibm storage scale system software data access edition'
Mini-Tower Slim Cabinet,nan,Mini-Tower Slim Cabinet,blue,no_match,Empty or null version
Sterling B2B Integrator,6.0.1 (not supported),IBM Sterling B2B Integrator,red,exact,"Exact match: product='ibm sterling b2b integrator', version='6.0.x'"
License Metric Tool,9.2.32,License Metric Tool,green,substring,"Substring match: found 'license metric tool' in 'ibm license metric tool', version='9.2.x'"
Z OMEGAMON Integration Monitor,560,Z OMEGAMON Integration Monitor,blue,no_match,"No match found for product 'Z OMEGAMON Integration Monitor' (mapped from 'Z OMEGAMON Integration Monitor'), version '560'"
AIX,nan,AIX,blue,no_match,Empty or null version
SPSS Statistics,28.0.0.0,IBM SPSS Statistics,green,exact,"Exact match: product='ibm spss statistics', version='28.0.x'"
z/OS,2.4.0 (EOS - Sept 2024),z/OS,red,exact,"Exact match: product='z/os', version='2.4.0'"
Spectrum Virtualize for FlashSystem 7000 ,nan,Spectrum Virtualize for FlashSystem 7000 ,blue,no_match,Empty or null version
z/OS,1.10.0 (EOS),z/OS,red,exact,"Exact match: product='z/os', version='1.10.x'"
Storwize V5000e,Version Not Listed,Storwize V5000e,blue,no_match,"No match found for product 'Storwize V5000e' (mapped from 'Storwize V5000e'), version 'version not listed'"
Consul Self-Managed,1.21.7+ent,Consul Self-Managed,blue,no_match,"No match found for product 'Consul Self-Managed' (mapped from 'Consul Self-Managed'), version '1.21.7+ent'"
SAN Volume Controller,7.8,SAN Volume Controller,blue,no_match,"No match found for product 'SAN Volume Controller' (mapped from 'SAN Volume Controller'), version '7.8'"
SPSS Amos,32.0.0.0,SPSS Amos,green,substring,"Substring match: found 'spss amos' in 'ibm spss amos', version='32.0.x'"
Engineering Integration Hub,7.0.3,Engineering Integration Hub,green,substring,"Substring match: found 'engineering integration hub' in 'ibm engineering integration hub', version='7.0.3'"
Guardium Discover and Classify,4.0.0,Guardium Discover and Classify,green,wildcard,Wildcard match: version '4.0.0' matches pattern '4.x' in 'ibm guardium discover and classify'
Daeja ViewONE,5.0.15.006,Daeja ViewONE,green,substring,"Substring match: found 'daeja viewone' in 'ibm daeja viewone virtual', version='5.0.x'"
DataPower,10.0.1,DataPower,red,substring,"Substring match: found 'datapower' in 'ibm datapower gateway', version='10.0.x'"
TXSeries for Multiplatforms,10.1,TXSeries for Multiplatforms,green,exact,"Exact match: product='txseries for multiplatforms', version='10.1.0'"
Spectrum Control,5.4.10.2,Spectrum Control,green,substring,"Substring match: found 'spectrum control' in 'ibm spectrum control', version='5.4.x'"
Sterling File Gateway,6.1.0,IBM Sterling File Gateway,green,substring,"Substring match: found 'ibm sterling file gateway' in 'ibm sterling file gateway', version='6.1.x'"
Instana Observability,1.0.295,Instana Observability,green,substring,"Substring match: found 'instana observability' in 'ibm instana observability', version='1.0.x'"
SuperServer,nan,SuperServer,blue,no_match,Empty or null version
Cloud Pak for Data System,1.0.4.x,Cloud Pak for Data System,red,major.minor,Major.minor match: '1.0.4.x' matches '1.0.x' in 'ibm cloud pak for data system for federal and finance'
Storage Protect,8.1.18.0,Storage Protect,green,substring,"Substring match: found 'storage protect' in 'ibm storage protect', version='8.1.x'"
Cinema Display,nan,Cinema Display,blue,no_match,Empty or null version
webMethods B2B SaaS,nan,webMethods B2B SaaS,blue,no_match,Empty or null version
License Metric Tool,9.2.28,License Metric Tool,green,substring,"Substring match: found 'license metric tool' in 'ibm license metric tool', version='9.2.x'"
Integrity RX Series Servers,nan,Integrity RX Series Servers,blue,no_match,Empty or null version
Aspera,4.1.0,Aspera,red,substring,"Substring match: found 'aspera' in 'aspera', version='4.1.x'"
Red Hat Enterprise Linux Server,7.x,Red Hat Enterprise Linux Server,blue,no_match,"No match found for product 'Red Hat Enterprise Linux Server' (mapped from 'Red Hat Enterprise Linux Server'), version '7.x'"
QRadar Applications,7.5.0.12,QRadar Applications,blue,no_match,"No match found for product 'QRadar Applications' (mapped from 'QRadar Applications'), version '7.5.0.12'"
QRadar Applications,7.5.0.7,QRadar Applications,blue,no_match,"No match found for product 'QRadar Applications' (mapped from 'QRadar Applications'), version '7.5.0.7'"
Integrated Analytics Systems,1.0.26.4,Integrated Analytics Systems,blue,no_match,"No match found for product 'Integrated Analytics Systems' (mapped from 'Integrated Analytics Systems'), version '1.0.26.4'"
License Metric Tool,9.2.24,License Metric Tool,green,substring,"Substring match: found 'license metric tool' in 'ibm license metric tool', version='9.2.x'"
SPSS Modeler,19.0.0.0,IBM SPSS Modeler,green,exact,"Exact match: product='ibm spss modeler', version='19.0.x'"
Netcool/Impact,7.1.0.34,Netcool/Impact,red,exact,"Exact match: product='netcool/impact', version='7.1.x'"
SPSS Amos,31.0.0.0,SPSS Amos,green,substring,"Substring match: found 'spss amos' in 'ibm spss amos', version='31.0.x'"
Engineering Lifecycle Management Base SaaS,7.0.3,Engineering Lifecycle Management Base SaaS,blue,no_match,"No match found for product 'Engineering Lifecycle Management Base SaaS' (mapped from 'Engineering Lifecycle Management Base SaaS'), version '7.0.3'"
Informix Tools and Connectivity,4GL/SQL 7.51,IBM Informix Advanced Enterprise Edition,blue,no_match,"No match found for product 'IBM Informix Advanced Enterprise Edition' (mapped from 'Informix Tools and Connectivity'), version '4gl/sql 7.51'"
Sterling B2B Integrator,Other,IBM Sterling B2B Integrator,blue,no_match,"No match found for product 'IBM Sterling B2B Integrator' (mapped from 'Sterling B2B Integrator'), version 'other'"
SPSS Statistics,27.0.0.0,IBM SPSS Statistics,green,exact,"Exact match: product='ibm spss statistics', version='27.0.x'"
QRadar SIEM SaaS,7.5.0.8,QRadar SIEM SaaS,blue,no_match,"No match found for product 'QRadar SIEM SaaS' (mapped from 'QRadar SIEM SaaS'), version '7.5.0.8'"
Consul Self-Managed,1.21.1+ent,Consul Self-Managed,blue,no_match,"No match found for product 'Consul Self-Managed' (mapped from 'Consul Self-Managed'), version '1.21.1+ent'"
Tivoli System Automation for MultiPlatforms,4.1.1.0,Tivoli System Automation for MultiPlatforms,green,exact,"Exact match: product='tivoli system automation for multiplatforms', version='4.1.x'"
Storage Scale,nan,IBM Storage Scale Data Management Edition,blue,no_match,Empty or null version
Storage Ceph,nan,Storage Ceph,blue,no_match,Empty or null version
Cloud Object Storage,3.14.7.56,Cloud Object Storage,red,substring,"Substring match: found 'cloud object storage' in 'ibm cloud object storage system', version='3.14.x'"
Copy Services Manager,6.3.4.0,Copy Services Manager,green,substring,"Substring match: found 'copy services manager' in 'ibm copy services manager', version='6.3.x'"
DataStax Enterprise,6.8.54,DataStax Enterprise,green,wildcard,Wildcard match: version '6.8.54' matches pattern '6.x' in 'ibm datastax enterprise'
Tivoli Composite Application Manager for Application Diagnostics for z/OS,7.1.0,Tivoli Composite Application Manager for Application Diagnostics for z/OS,blue,no_match,"No match found for product 'Tivoli Composite Application Manager for Application Diagnostics for z/OS' (mapped from 'Tivoli Composite Application Manager for Application Diagnostics for z/OS'), version '7.1.0'"
Spectrum LSF Application Center (PAC),nan,Spectrum LSF Application Center (PAC),blue,no_match,Empty or null version
Security Verify Privilege Vault,11.9.47,Security Verify Privilege Vault,green,substring,"Substring match: found 'security verify privilege vault' in 'ibm security verify privilege vault', version='11.9.47'"
DevOps Deploy,7.2,DevOps Deploy,blue,no_match,"No match found for product 'DevOps Deploy' (mapped from 'DevOps Deploy'), version '7.2'"
InfoSphere Data Architect,nan,InfoSphere Data Architect,blue,no_match,Empty or null version
Db2 Connect,Not Sure,DB2 Connect Enterprise Edition,blue,no_match,"No match found for product 'DB2 Connect Enterprise Edition' (mapped from 'Db2 Connect'), version 'not sure'"
AI Optimizer for IBM Z and IBM LinuxONE,3.1,AI Optimizer for IBM Z and IBM LinuxONE,green,exact,"Exact match: product='ai optimizer for ibm z and ibm linuxone', version='3.1.x'"
NCS Appliance,nan,NCS Appliance,blue,no_match,Empty or null version
Application Gateway,25.12.0,Application Gateway,green,wildcard,Wildcard match: version '25.12.0' matches pattern '25.x' in 'ibm application gateway'
WebSphere Application Server,7.0.x [EOS 30-Apr-2018],WebSphere Application Server,red,exact,"Exact match: product='websphere application server', version='7.0.x'"
MQ,9.0.x,IBM MQ,red,exact,"Exact match: product='ibm mq', version='9.0.x'"
Cloud Pak for Data,3,Cloud Pak for Data,blue,no_match,"No match found for product 'Cloud Pak for Data' (mapped from 'Cloud Pak for Data'), version '3'"
Financial Transaction Manager,3.2.12.0,Financial Transaction Manager,blue,no_match,"No match found for product 'Financial Transaction Manager' (mapped from 'Financial Transaction Manager'), version '3.2.12.0'"
Application Performance Analyzer,15.1.x,Application Performance Analyzer,orange,substring,"Substring match: found 'application performance analyzer' in 'ibm application performance analyzer for z/os', version='15.1.x'"
QRadar SIEM SaaS,nan,QRadar SIEM SaaS,blue,no_match,Empty or null version
Storage Protect for Virtual Environments,8.2.1.0,Storage Protect for Virtual Environments,green,major.minor,Major.minor match: '8.2.1.0' matches '8.2.0' in 'ibm storage protect for virtual environments'
Flex System Series,nan,Flex System Series,blue,no_match,Empty or null version
Telepresence,nan,Telepresence,blue,no_match,Empty or null version
Print Services Facility,nan,Print Services Facility,blue,no_match,Empty or null version
GDPS (Geographically Dispersed Parallel Sysplex),6.4.0,GDPS (Geographically Dispersed Parallel Sysplex),blue,no_match,"No match found for product 'GDPS (Geographically Dispersed Parallel Sysplex)' (mapped from 'GDPS (Geographically Dispersed Parallel Sysplex)'), version '6.4.0'"
Storage Fusion HCI Physical Appliance,2.9.0,Storage Fusion HCI Physical Appliance,blue,no_match,"No match found for product 'Storage Fusion HCI Physical Appliance' (mapped from 'Storage Fusion HCI Physical Appliance'), version '2.9.0'"
Rational Application Developer for WebSphere Software,10.0,Rational Application Developer for WebSphere Software,green,exact,"Exact match: product='rational application developer for websphere software', version='10.0.x'"
Storage Copy Data Management,2.2.24,Storage Copy Data Management,green,substring,"Substring match: found 'storage copy data management' in 'ibm storage copy data management', version='2.2.x'"
Cloud Object Storage,3.18.2.67,Cloud Object Storage,green,substring,"Substring match: found 'cloud object storage' in 'ibm cloud object storage system', version='3.18.x'"
UrbanCode Release,7.0.0.2,UrbanCode Release,blue,no_match,"No match found for product 'UrbanCode Release' (mapped from 'UrbanCode Release'), version '7.0.0.2'"
CICS Transaction Server,CPSM 5.6,CICS Transaction Server for z/OS,blue,no_match,"No match found for product 'CICS Transaction Server for z/OS' (mapped from 'CICS Transaction Server'), version 'cpsm 5.6'"
Storage Fusion,2.10.0,Storage Fusion,blue,no_match,"No match found for product 'Storage Fusion' (mapped from 'Storage Fusion'), version '2.10.0'"
eCare: CPQ,nan,eCare: CPQ,blue,no_match,Empty or null version
Red Hat for Fusion,nan,Red Hat for Fusion,blue,no_match,Empty or null version
Storage Ceph,5.3.0 [EOS 04/30/2025],Storage Ceph,green,major.minor,Major.minor match: '5.3.0 [eos 04/30/2025]' matches '5.3.0' in 'ibm storage ceph'
Option - OBI - Think Option,nan,Option - OBI - Think Option,blue,no_match,Empty or null version
Vault Self-Managed,1.15.16,Vault Self-Managed,blue,no_match,"No match found for product 'Vault Self-Managed' (mapped from 'Vault Self-Managed'), version '1.15.16'"
QRadar SIEM SaaS,7.5.0,QRadar SIEM SaaS,blue,no_match,"No match found for product 'QRadar SIEM SaaS' (mapped from 'QRadar SIEM SaaS'), version '7.5.0'"
Terraform Self-Managed,202502-1,Terraform Self-Managed,green,wildcard,Wildcard match: version '202502-1' matches pattern '2.x.x' in 'ibm terraform self-managed'
webMethods AgileApps,10.16,webMethods AgileApps,green,substring,"Substring match: found 'webmethods agileapps' in 'ibm webmethods agileapps', version='10.16'"
Luna Streaming,3.0.11,Luna Streaming,blue,no_match,"No match found for product 'Luna Streaming' (mapped from 'Luna Streaming'), version '3.0.11'"
Rational Licensing,23.1.0,Rational License Key Server,blue,no_match,"No match found for product 'Rational License Key Server' (mapped from 'Rational Licensing'), version '23.1.0'"
Red Hat Enterprise Linux Server,10.x,Red Hat Enterprise Linux Server,blue,no_match,"No match found for product 'Red Hat Enterprise Linux Server' (mapped from 'Red Hat Enterprise Linux Server'), version '10.x'"
Security Verify Privilege Vault,11.9.6,Security Verify Privilege Vault,green,substring,"Substring match: found 'security verify privilege vault' in 'ibm security verify privilege vault', version='11.9.6'"
Instana Observability,1.0.313,Instana Observability,green,substring,"Substring match: found 'instana observability' in 'ibm instana observability', version='1.0.x'"
Instana Observability,1.0.299,Instana Observability,green,substring,"Substring match: found 'instana observability' in 'ibm instana observability', version='1.0.x'"
Cloudera Data Platform Private Cloud,7.1.7 SP2,Cloudera Data Platform Private Cloud,red,major.minor,Major.minor match: '7.1.7 sp2' matches '7.1.1' in 'cloudera data platform private cloud base with ibm'
zBC12,nan,zBC12,blue,no_match,Empty or null version
HourGlass,8.1.0,HourGlass,green,exact,"Exact match: product='hourglass', version='8.1.0'"
Apache ActiveMQ Artemis,nan,Apache ActiveMQ Artemis,blue,no_match,Empty or null version
Advanced Audit DFSMShsm,2.6.0,Advanced Audit DFSMShsm,blue,no_match,"No match found for product 'Advanced Audit DFSMShsm' (mapped from 'Advanced Audit DFSMShsm'), version '2.6.0'"
Z IntelliMagic Vision,3.2.0,Z IntelliMagic Vision,blue,no_match,"No match found for product 'Z IntelliMagic Vision' (mapped from 'Z IntelliMagic Vision'), version '3.2.0'"
CICS Performance Analyzer,nan,CICS Performance Analyzer,blue,no_match,Empty or null version
Engineering Lifecycle Management Base,1.2,Engineering Lifecycle Management Base,blue,no_match,"No match found for product 'Engineering Lifecycle Management Base' (mapped from 'Engineering Lifecycle Management Base'), version '1.2'"
UrbanCode Release,7.0.0.0,UrbanCode Release,blue,no_match,"No match found for product 'UrbanCode Release' (mapped from 'UrbanCode Release'), version '7.0.0.0'"
AI System Services for IBM z/OS,1.1.0,AI System Services for IBM z/OS,green,exact,"Exact match: product='ai system services for ibm z/os', version='1.1.0'"
Sterling Connect Enterprise for z/OS,1.5.x,Sterling Connect Enterprise for z/OS,blue,no_match,"No match found for product 'Sterling Connect Enterprise for z/OS' (mapped from 'Sterling Connect Enterprise for z/OS'), version '1.5.x'"
Host Access Client Package,v14.0,Host Access Client Package for Multiplatforms,blue,no_match,"No match found for product 'Host Access Client Package for Multiplatforms' (mapped from 'Host Access Client Package'), version 'v14.0'"
Application Gateway,24.09.0,Application Gateway,green,wildcard,Wildcard match: version '24.09.0' matches pattern '24.x' in 'ibm application gateway'
SPSS Statistics,31.0.1.0,IBM SPSS Statistics,green,exact,"Exact match: product='ibm spss statistics', version='31.0.x'"
InfoSphere Information Server: Information Governance Catalog (IGC),other,InfoSphere Information Server: Information Governance Catalog (IGC),blue,no_match,"No match found for product 'InfoSphere Information Server: Information Governance Catalog (IGC)' (mapped from 'InfoSphere Information Server: Information Governance Catalog (IGC)'), version 'other'"
Terraform Self-Managed,1.14.9,Terraform Self-Managed,blue,no_match,"No match found for product 'Terraform Self-Managed' (mapped from 'Terraform Self-Managed'), version '1.14.9'"
Business Monitor,8.5.7,Business Monitor,green,substring,"Substring match: found 'business monitor' in 'ibm business monitor', version='8.5.x'"
Operational Decision Manager,8.12.0,Operational Decision Manager,green,substring,"Substring match: found 'operational decision manager' in 'ibm operational decision manager', version='8.12.x'"
Cloudera Data Platform Private Cloud,7.1.9 SP1,Cloudera Data Platform Private Cloud,red,major.minor,Major.minor match: '7.1.9 sp1' matches '7.1.1' in 'cloudera data platform private cloud base with ibm'
DevOps Test Workbench,11.0.2,DevOps Test Workbench,green,substring,"Substring match: found 'devops test workbench' in 'ibm devops test workbench', version='11.0.x'"
Mac Mini,nan,Mac Mini,blue,no_match,Empty or null version
Robotic Process Automation as a Service,30.0.1,Robotic Process Automation as a Service,blue,no_match,"No match found for product 'Robotic Process Automation as a Service' (mapped from 'Robotic Process Automation as a Service'), version '30.0.1'"
Automation Foundation,nan,Automation Foundation,blue,no_match,Empty or null version
PL/I,"Enterprise PL/I for z/OS, V6.2",IBM Enterprise PL/I for z/OS,blue,no_match,"No match found for product 'IBM Enterprise PL/I for z/OS' (mapped from 'PL/I'), version 'enterprise pl/i for z/os, v6.2'"
Voice Gateway,nan,Voice Gateway,blue,no_match,Empty or null version
Analytics Engine,nan,Analytics Engine,blue,no_match,Empty or null version
REXX Compiler/Library,1.4.0,REXX Compiler/Library,blue,no_match,"No match found for product 'REXX Compiler/Library' (mapped from 'REXX Compiler/Library'), version '1.4.0'"
DataPower,10.6.3,DataPower,green,substring,"Substring match: found 'datapower' in 'ibm datapower gateway x2', version='10.6.x'"
DevOps Test Performance,10.5.0,DevOps Test Performance,blue,no_match,"No match found for product 'DevOps Test Performance' (mapped from 'DevOps Test Performance'), version '10.5.0'"
watsonx.data integration,2.3,watsonx.data integration,green,substring,"Substring match: found 'watsonx.data integration' in 'ibm watsonx.data integration', version='2.3.x'"
A9000 Software,nan,A9000 Software,blue,no_match,Empty or null version
Storage Scale,4.2,IBM Storage Scale Data Management Edition,blue,no_match,"No match found for product 'IBM Storage Scale Data Management Edition' (mapped from 'Storage Scale'), version '4.2'"
Open Enterprise SDK for Node.js,"SDK for Node.js - z/OS, V24.0",Open Enterprise SDK for Node.js,blue,no_match,"No match found for product 'Open Enterprise SDK for Node.js' (mapped from 'Open Enterprise SDK for Node.js'), version 'sdk for node.js - z/os, v24.0'"
XL C/C++,z/OS XL C/C++ V3R2,XL C/C++,blue,no_match,"No match found for product 'XL C/C++' (mapped from 'XL C/C++'), version 'z/os xl c/c++ v3r2'"
IMS,15.2 (EOS),IMS,blue,no_match,"No match found for product 'IMS' (mapped from 'IMS'), version '15.2'"
Reliable Scalable Cluster Technology (RSCT),RSCT v3.2.5,Reliable Scalable Cluster Technology (RSCT),blue,no_match,"No match found for product 'Reliable Scalable Cluster Technology (RSCT)' (mapped from 'Reliable Scalable Cluster Technology (RSCT)'), version 'rsct v3.2.5'"
DataStax Enterprise,5.1.32,DataStax Enterprise,green,major.minor,Major.minor match: '5.1.32' matches '5.1' in 'ibm datastax enterprise'
z/OS Container Platform,1.1.0,z/OS Container Platform,green,substring,"Substring match: found 'z/os container platform' in 'ibm z/os container platform', version='1.1.0'"
Db2 CI/CD Expert for z/OS,1.1,Db2 CI/CD Expert for z/OS,green,substring,"Substring match: found 'db2 ci/cd expert for z/os' in 'ibm db2 ci/cd expert for z/os', version='1.1'"
Test King Friday Product,9.0.5,Test King Friday Product,blue,no_match,"No match found for product 'Test King Friday Product' (mapped from 'Test King Friday Product'), version '9.0.5'"
DataStax Enterprise,5.1.47,DataStax Enterprise,green,major.minor,Major.minor match: '5.1.47' matches '5.1' in 'ibm datastax enterprise'
Informix Dynamic Server,IDS 12.10.xC6,IBM Informix Advanced Enterprise Edition,blue,no_match,"No match found for product 'IBM Informix Advanced Enterprise Edition' (mapped from 'Informix Dynamic Server'), version 'ids 12.10.xc6'"
Z JCL Expert,2.1.0,Z JCL Expert,green,substring,"Substring match: found 'z jcl expert' in 'ibm z jcl expert', version='2.1.x'"
QRadar Applications,7.5.0.4,QRadar Applications,blue,no_match,"No match found for product 'QRadar Applications' (mapped from 'QRadar Applications'), version '7.5.0.4'"
Tivoli Business Service Manager,6.2,Tivoli Business Service Manager,red,exact,"Exact match: product='tivoli business service manager', version='6.2.x'"
PC Series Desktop Thermal Printers,nan,PC Series Desktop Thermal Printers,blue,no_match,Empty or null version
DataStax Enterprise,6.0.18,DataStax Enterprise,green,wildcard,Wildcard match: version '6.0.18' matches pattern '6.x' in 'ibm datastax enterprise'
Cloud Pak for Data System,1.0.8.0,Cloud Pak for Data System,red,substring,"Substring match: found 'cloud pak for data system' in 'ibm cloud pak for data system for federal and finance', version='1.0.x'"
Aspera,4.0.4,Aspera,red,substring,"Substring match: found 'aspera' in 'aspera', version='4.0.x'"
G600 Series SAN Switches,nan,G600 Series SAN Switches,blue,no_match,Empty or null version
Flex System V7000,Unknown,Flex System V7000,blue,no_match,"No match found for product 'Flex System V7000' (mapped from 'Flex System V7000'), version 'unknown'"
Power System 760 Server,nan,Power System 760 Server,blue,no_match,Empty or null version
Cloud Object Storage,3.19.0.43,Cloud Object Storage,blue,no_match,"No match found for product 'Cloud Object Storage' (mapped from 'Cloud Object Storage'), version '3.19.0.43'"
Power Cloud Infrastructure,7.2,Power Cloud Infrastructure,blue,no_match,"No match found for product 'Power Cloud Infrastructure' (mapped from 'Power Cloud Infrastructure'), version '7.2'"
Cloud Pak for Data System,nan,Cloud Pak for Data System,blue,no_match,Empty or null version
Verify Identity Access,10.0.5,Verify Identity Access,blue,no_match,"No match found for product 'Verify Identity Access' (mapped from 'Verify Identity Access'), version '10.0.5'"
SevOne Network Performance Management,8.0.5,SevOne Network Performance Management,green,wildcard,Wildcard match: version '8.0.5' matches pattern '8.x' in 'ibm sevone network performance management'
Instana Observability,1.0.289,Instana Observability,green,substring,"Substring match: found 'instana observability' in 'ibm instana observability', version='1.0.x'"
Consul Self-Managed,1.22.0+ent,Consul Self-Managed,blue,no_match,"No match found for product 'Consul Self-Managed' (mapped from 'Consul Self-Managed'), version '1.22.0+ent'"
Vault Self-Managed,1.21.0,Vault Self-Managed,blue,no_match,"No match found for product 'Vault Self-Managed' (mapped from 'Vault Self-Managed'), version '1.21.0'"
QRadar SOAR,51.0.3.0,QRadar SOAR,green,substring,"Substring match: found 'qradar soar' in 'ibm security qradar soar', version='51.0.x'"
Integrated Analytics Systems,1.0.26.1,Integrated Analytics Systems,blue,no_match,"No match found for product 'Integrated Analytics Systems' (mapped from 'Integrated Analytics Systems'), version '1.0.26.1'"
Rational Business Developer,10.0,Rational Business Developer,blue,no_match,"No match found for product 'Rational Business Developer' (mapped from 'Rational Business Developer'), version '10.0'"
Storage Protect Plus,10.1.10-2709,Storage Protect Plus,green,substring,"Substring match: found 'storage protect plus' in 'ibm storage protect plus', version='10.1.x'"
Spectrum Virtualize for FlashSystem 9000 Series,8.6,Spectrum Virtualize for FlashSystem 9000 Series,blue,no_match,"No match found for product 'Spectrum Virtualize for FlashSystem 9000 Series' (mapped from 'Spectrum Virtualize for FlashSystem 9000 Series'), version '8.6'"
Storwize V3500,Unknown,Storwize V3500,blue,no_match,"No match found for product 'Storwize V3500' (mapped from 'Storwize V3500'), version 'unknown'"
Customer Concierge Kiosk,nan,Customer Concierge Kiosk,blue,no_match,Empty or null version
PowerHA SystemMirror,7.2.7,PowerHA SystemMirror Standard Edition for AIX,green,exact,"Exact match: product='powerha systemmirror standard edition for aix', version='7.2.x'"
Integrated Analytics Systems,1.0.23.x,Integrated Analytics Systems,blue,no_match,"No match found for product 'Integrated Analytics Systems' (mapped from 'Integrated Analytics Systems'), version '1.0.23.x'"
Watson Explorer,V12.0.3.13,Watson Explorer,blue,no_match,"No match found for product 'Watson Explorer' (mapped from 'Watson Explorer'), version 'v12.0.3.13'"
Z Open Automation Utilities,1.4.1,Z Open Automation Utilities,green,substring,"Substring match: found 'z open automation utilities' in 'ibm z open automation utilities', version='1.4.x'"
DevOps Deploy,7.3.2.11,DevOps Deploy,blue,no_match,"No match found for product 'DevOps Deploy' (mapped from 'DevOps Deploy'), version '7.3.2.11'"
Global Name Management,nan,Global Name Management,blue,no_match,Empty or null version
AOEMF Controller,nan,AOEMF Controller,blue,no_match,Empty or null version
Rational Developer,9.8.0,Rational Developer,red,substring,"Substring match: found 'rational developer' in 'rational developer for i', version='9.8.0'"
MongoDB Enterprise Advanced,8.0,MongoDB Enterprise Advanced,green,wildcard,Wildcard match: version '8.0' matches pattern '8.x' in 'mongodb enterprise advanced with ibm'
Cloud Pak for Integration,2023.2.1,Cloud Pak for Integration,green,substring,"Substring match: found 'cloud pak for integration' in 'ibm cloud pak for integration', version='2023.2.1'"
Nomad Self-Managed,1.8.6,Nomad Self-Managed,green,substring,"Substring match: found 'nomad self-managed' in 'ibm nomad self-managed', version='1.8.x'"
Aspera,5.0.3,Aspera,blue,no_match,"No match found for product 'Aspera' (mapped from 'Aspera'), version '5.0.3'"
Verify Identity Access,9.0.6,Verify Identity Access,blue,no_match,"No match found for product 'Verify Identity Access' (mapped from 'Verify Identity Access'), version '9.0.6'"
DataStax Enterprise,6.8.14,DataStax Enterprise,green,wildcard,Wildcard match: version '6.8.14' matches pattern '6.x' in 'ibm datastax enterprise'
SPSS Modeler,18.6.0.0,IBM SPSS Modeler,green,exact,"Exact match: product='ibm spss modeler', version='18.6.x'"
VMware vSphere,7.x,VMware vSphere,blue,no_match,"No match found for product 'VMware vSphere' (mapped from 'VMware vSphere'), version '7.x'"
QRadar Appliance Hardware,7.5.0.7,QRadar Appliance Hardware,blue,no_match,"No match found for product 'QRadar Appliance Hardware' (mapped from 'QRadar Appliance Hardware'), version '7.5.0.7'"
webMethods API Management,10.11,webMethods API Management,blue,no_match,"No match found for product 'webMethods API Management' (mapped from 'webMethods API Management'), version '10.11'"
EasyCoder Desktop Thermal Printers,nan,EasyCoder Desktop Thermal Printers,blue,no_match,Empty or null version
Netcool/Impact,7.1.0.18,Netcool/Impact,red,exact,"Exact match: product='netcool/impact', version='7.1.x'"
Power System Expandable Disk System,nan,Power System Expandable Disk System,blue,no_match,Empty or null version
FlashSystem 9100,8.3,FlashSystem 9100,blue,no_match,"No match found for product 'FlashSystem 9100' (mapped from 'FlashSystem 9100'), version '8.3'"
QRadar SOAR,51.0.5.1,QRadar SOAR,green,substring,"Substring match: found 'qradar soar' in 'ibm security qradar soar', version='51.0.x'"
Vault Self-Managed,1.20.3,Vault Self-Managed,blue,no_match,"No match found for product 'Vault Self-Managed' (mapped from 'Vault Self-Managed'), version '1.20.3'"
QRadar SOAR,51.0.9.0,QRadar SOAR,green,substring,"Substring match: found 'qradar soar' in 'ibm security qradar soar', version='51.0.x'"
eCare: Partner,nan,eCare: Partner,blue,no_match,Empty or null version
Instana Observability,1.0.315,Instana Observability,green,substring,"Substring match: found 'instana observability' in 'ibm instana observability', version='1.0.x'"
Rational Business Developer,9.7.0,Rational Business Developer,green,exact,"Exact match: product='rational business developer', version='9.7.x'"
Spectrum Virtualize for SAN Volume Controller,8.6,Spectrum Virtualize for SAN Volume Controller,green,substring,"Substring match: found 'spectrum virtualize for san volume controller' in 'ibm spectrum virtualize for san volume controller utility license', version='8.6.0'"
Application Performance Analyzer,16.1.x,Application Performance Analyzer,green,substring,"Substring match: found 'application performance analyzer' in 'ibm application performance analyzer for z/os', version='16.1.x'"
Business Automation Workflow,3.2.0,Business Automation Workflow,blue,no_match,"No match found for product 'Business Automation Workflow' (mapped from 'Business Automation Workflow'), version '3.2.0'"
GitLab Premium for IBM,nan,GitLab Premium for IBM,blue,no_match,Empty or null version
MQ,9.0 CD,IBM MQ,blue,no_match,"No match found for product 'IBM MQ' (mapped from 'MQ'), version '9.0 cd'"
Aruba Networking Gateways,nan,Aruba Networking Gateways,blue,no_match,Empty or null version
System Backup and Recovery,nan,System Backup and Recovery,blue,no_match,Empty or null version
Sterling Partner Engagement Manager,6.2.2,Sterling Partner Engagement Manager,green,substring,"Substring match: found 'sterling partner engagement manager' in 'ibm sterling partner engagement manager', version='6.2.x'"
Quantum Safe Explorer,2.3,Quantum Safe Explorer,green,substring,"Substring match: found 'quantum safe explorer' in 'ibm quantum safe explorer', version='2.3.x'"
Cognos Analytics on Cloud,11.2.4,Cognos Analytics on Cloud,blue,no_match,"No match found for product 'Cognos Analytics on Cloud' (mapped from 'Cognos Analytics on Cloud'), version '11.2.4'"
MQ,9.1 CD,IBM MQ,blue,no_match,"No match found for product 'IBM MQ' (mapped from 'MQ'), version '9.1 cd'"
Robotic Process Automation,23.0.19,IBM Robotic Process Automation,green,exact,"Exact match: product='ibm robotic process automation', version='23.0.x'"
App Connect Enterprise,12.0.4,App Connect Enterprise,green,substring,"Substring match: found 'app connect enterprise' in 'ibm app connect enterprise', version='12.0.x'"
Spectrum Virtualize for Storwize V5000,7.8,Spectrum Virtualize for Storwize V5000,blue,no_match,"No match found for product 'Spectrum Virtualize for Storwize V5000' (mapped from 'Spectrum Virtualize for Storwize V5000'), version '7.8'"
CICS Transaction Gateway,9.2 (Distributed) - EOS 30 Sept 2026),CICS Transaction Gateway,blue,no_match,"No match found for product 'CICS Transaction Gateway' (mapped from 'CICS Transaction Gateway'), version '9.2 (distributed) - eos 30 sept 2026)'"
Db2 Administration Tool for z/OS,11.2,Db2 Administration Tool for z/OS,red,substring,"Substring match: found 'db2 administration tool for z/os' in 'ibm db2 administration tool for z/os', version='11.2.0'"
Db2 Accessories Suite,420,Db2 Accessories Suite,blue,no_match,"No match found for product 'Db2 Accessories Suite' (mapped from 'Db2 Accessories Suite'), version '420'"
MongoDB Enterprise Advanced,nan,MongoDB Enterprise Advanced,blue,no_match,Empty or null version
Watson Explorer,12.3.0.9,Watson Explorer,blue,no_match,"No match found for product 'Watson Explorer' (mapped from 'Watson Explorer'), version '12.3.0.9'"
Db2 High Performance Unload for z/OS,5.1,Db2 High Performance Unload for z/OS,orange,substring,"Substring match: found 'db2 high performance unload for z/os' in 'ibm db2 high performance unload for z/os', version='5.1.0'"
Storage Protect Plus,Version 10.1.17 Build: 271,Storage Protect Plus,green,wildcard,Wildcard match: version 'version 10.1.17 build: 271' matches pattern '10.1.x' in 'ibm storage protect plus'
Storage Protect for Virtual Environments,8.2,Storage Protect for Virtual Environments,green,substring,"Substring match: found 'storage protect for virtual environments' in 'ibm storage protect for virtual environments', version='8.2.0'"
Business Automation Workflow,20.0.x,Business Automation Workflow,red,substring,"Substring match: found 'business automation workflow' in 'ibm business automation workflow', version='20.0.x'"
Storage Fusion,2.8.1,Storage Fusion,blue,no_match,"No match found for product 'Storage Fusion' (mapped from 'Storage Fusion'), version '2.8.1'"
Semeru Runtimes for z/OS,Semeru Java 17 64-bit,Semeru Runtimes for z/OS,blue,no_match,"No match found for product 'Semeru Runtimes for z/OS' (mapped from 'Semeru Runtimes for z/OS'), version 'semeru java 17 64-bit'"
Fault Analyzer,15.1,Fault Analyzer for z/OS,orange,exact,"Exact match: product='fault analyzer for z/os', version='15.1.x'"
FileNet Content Manager,5.5.6.0,FileNet Content Manager,green,substring,"Substring match: found 'filenet content manager' in 'ibm filenet content manager', version='5.5.x'"
Z IntelliMagic Vision,1.2.0.3,Z IntelliMagic Vision,green,major.minor,Major.minor match: '1.2.0.3' matches '1.2.0.0' in 'ibm z intellimagic vision'
Kubecost Self Hosted,2.8.3,Kubecost Self Hosted,green,wildcard,Wildcard match: version '2.8.3' matches pattern '2.x.x' in 'ibm kubecost self hosted'
Z Digital Integration Hub,3.1.0,Z Digital Integration Hub,green,substring,"Substring match: found 'z digital integration hub' in 'ibm z digital integration hub', version='3.1.x'"
DataPower,10.6.2,DataPower,green,substring,"Substring match: found 'datapower' in 'ibm datapower gateway x2', version='10.6.x'"
Integrated Analytics Systems,1.0.30.0-IF1,Integrated Analytics Systems,blue,no_match,"No match found for product 'Integrated Analytics Systems' (mapped from 'Integrated Analytics Systems'), version '1.0.30.0-if1'"
Storage Copy Data Management,2.2.27,Storage Copy Data Management,green,substring,"Substring match: found 'storage copy data management' in 'ibm storage copy data management', version='2.2.x'"
Verify Identity Access,10.0.3,Verify Identity Access,blue,no_match,"No match found for product 'Verify Identity Access' (mapped from 'Verify Identity Access'), version '10.0.3'"
Advanced Allocation Management for z/OS,3.3.0,Advanced Allocation Management for z/OS,green,substring,"Substring match: found 'advanced allocation management for z/os' in 'tivoli advanced allocation management for z/os', version='3.3.x'"
Workload Scheduler,9.2 - on prem,Workload Scheduler,blue,no_match,"No match found for product 'Workload Scheduler' (mapped from 'Workload Scheduler'), version '9.2 - on prem'"
Decision Runtime for z/OS,9.1.0,Decision Runtime for z/OS,green,substring,"Substring match: found 'decision runtime for z/os' in 'ibm decision runtime for z/os', version='9.1.x'"
3PAR StoreServ Series Storages,nan,3PAR StoreServ Series Storages,blue,no_match,Empty or null version
MQ for z/OS,9.0 CD,MQ for z/OS,blue,no_match,"No match found for product 'MQ for z/OS' (mapped from 'MQ for z/OS'), version '9.0 cd'"
Aspera,4.1.1,Aspera,red,substring,"Substring match: found 'aspera' in 'aspera', version='4.1.x'"
Operational Decision Manager,8.9.x,Operational Decision Manager,red,substring,"Substring match: found 'operational decision manager' in 'ibm operational decision manager', version='8.9.x'"
Tools Customizer for z/OS,1.1,Tools Customizer for z/OS,green,substring,"Substring match: found 'tools customizer for z/os' in 'ibm tools customizer for z/os', version='1.1.0'"
App Connect Enterprise,12.0.5,App Connect Enterprise,green,substring,"Substring match: found 'app connect enterprise' in 'ibm app connect enterprise', version='12.0.x'"
IoT Connected Vehicle Insights,nan,IoT Connected Vehicle Insights,blue,no_match,Empty or null version
Storage Ceph,8.0.0,Storage Ceph,blue,no_match,"No match found for product 'Storage Ceph' (mapped from 'Storage Ceph'), version '8.0.0'"
PowerHA SystemMirror,7.2.2,PowerHA SystemMirror Standard Edition for AIX,green,exact,"Exact match: product='powerha systemmirror standard edition for aix', version='7.2.x'"
Open SDK for Rust,"IBM Open SDK for Rust on AIX, V1.84.0",Open SDK for Rust,green,wildcard,"Wildcard match: version 'ibm open sdk for rust on aix, v1.84.0' matches pattern '1.84.x' in 'ibm open sdk for rust on aix'"
Integrated Analytics Systems,1.0.27.2,Integrated Analytics Systems,blue,no_match,"No match found for product 'Integrated Analytics Systems' (mapped from 'Integrated Analytics Systems'), version '1.0.27.2'"
Storage Protect,8.1.27.100,Storage Protect,green,substring,"Substring match: found 'storage protect' in 'ibm storage protect', version='8.1.x'"
XML Toolkit for z/OS,nan,XML Toolkit for z/OS,blue,no_match,Empty or null version
QRadar SOAR,51.0.0.1,QRadar SOAR,green,substring,"Substring match: found 'qradar soar' in 'ibm security qradar soar', version='51.0.x'"
Watson Explorer,12.0.3.16,Watson Explorer,red,major.minor,Major.minor match: '12.0.3.16' matches '12.0.0 - 12.0.2' in 'ibm watson explorer'
ThinkAgile HX Series Server,nan,ThinkAgile HX Series Server,blue,no_match,Empty or null version
QRadar Appliance Hardware,7.5.0.13,QRadar Appliance Hardware,blue,no_match,"No match found for product 'QRadar Appliance Hardware' (mapped from 'QRadar Appliance Hardware'), version '7.5.0.13'"
Identity Services Engine,nan,Identity Services Engine,blue,no_match,Empty or null version
QRadar SIEM SaaS,7.5.0.12,QRadar SIEM SaaS,blue,no_match,"No match found for product 'QRadar SIEM SaaS' (mapped from 'QRadar SIEM SaaS'), version '7.5.0.12'"
"Configure, Price, Quote on Cloud",20.2,"Configure, Price, Quote on Cloud",blue,no_match,"No match found for product 'Configure, Price, Quote on Cloud' (mapped from 'Configure, Price, Quote on Cloud'), version '20.2'"
SPSS Statistics,30.0.0.0,IBM SPSS Statistics,green,exact,"Exact match: product='ibm spss statistics', version='30.0.x'"
QRadar SOAR,50.2,QRadar SOAR,blue,no_match,"No match found for product 'QRadar SOAR' (mapped from 'QRadar SOAR'), version '50.2'"
Informix Dynamic Server,nan,IBM Informix Advanced Enterprise Edition,blue,no_match,Empty or null version
Cloudera Data Platform Private Cloud,7.3.1,Cloudera Data Platform Private Cloud,green,substring,"Substring match: found 'cloudera data platform private cloud' in 'cloudera data platform private cloud base with ibm', version='7.3.1'"
SevOne Network Performance Management,8.1.4,SevOne Network Performance Management,green,wildcard,Wildcard match: version '8.1.4' matches pattern '8.x' in 'ibm sevone network performance management'
Rational ClearQuest,10.0.1,Rational ClearQuest,green,substring,"Substring match: found 'rational clearquest' in 'ibm rational clearquest', version='10.0.x'"
Power System IC922 Server,nan,Power System IC922 Server,blue,no_match,Empty or null version
watsonx.governance,2.2,watsonx.governance,green,substring,"Substring match: found 'watsonx.governance' in 'ibm watsonx.governance', version='2.2.x'"
IBM Cloud Private,3.2.2,IBM Cloud Private,red,exact,"Exact match: product='ibm cloud private', version='3.2.x'"
Enterprise Content Management System Monitor,5.7,Enterprise Content Management System Monitor,green,exact,"Exact match: product='enterprise content management system monitor', version='5.7.x'"
DevOps Build,6.1.6.0,DevOps Build,blue,no_match,"No match found for product 'DevOps Build' (mapped from 'DevOps Build'), version '6.1.6.0'"
Informix Dynamic Server,IDS 14.10.xC10W1,IBM Informix Advanced Enterprise Edition,blue,no_match,"No match found for product 'IBM Informix Advanced Enterprise Edition' (mapped from 'Informix Dynamic Server'), version 'ids 14.10.xc10w1'"
XL C/C++,z/OS XL C/C++ V3R1,XL C/C++,blue,no_match,"No match found for product 'XL C/C++' (mapped from 'XL C/C++'), version 'z/os xl c/c++ v3r1'"
G700 Series SAN Swtiches,nan,G700 Series SAN Swtiches,blue,no_match,Empty or null version
Cloud Object Storage,3.17.1.49,Cloud Object Storage,green,substring,"Substring match: found 'cloud object storage' in 'ibm cloud object storage system', version='3.17.x'"
Engineering Lifecycle Management Base,7.0.2,Engineering Lifecycle Management Base,red,major.minor,Major.minor match: '7.0.2' matches '7.0.0' in 'ibm engineering lifecycle management base'
Aspera,5.0.0,Aspera,blue,no_match,"No match found for product 'Aspera' (mapped from 'Aspera'), version '5.0.0'"
Terraform Self-Managed,202408-1,Terraform Self-Managed,green,wildcard,Wildcard match: version '202408-1' matches pattern '2.x.x' in 'ibm terraform self-managed'
SPSS Statistics,26.0.0.0,IBM SPSS Statistics,green,exact,"Exact match: product='ibm spss statistics', version='26.0.x'"
Smart Assist Project Services,nan,Smart Assist Project Services,blue,no_match,Empty or null version
DataStax Enterprise,5.1.39,DataStax Enterprise,green,major.minor,Major.minor match: '5.1.39' matches '5.1' in 'ibm datastax enterprise'
Consul Self-Managed,1.18.16+ent,Consul Self-Managed,green,substring,"Substring match: found 'consul self-managed' in 'ibm consul self-managed', version='1.18.x'"
Dependency Based Build,"1.1.x (EOS, 2024-04-30)",Dependency Based Build,red,substring,"Substring match: found 'dependency based build' in 'ibm dependency based build', version='1.1.x'"
Cloud Pak for Security SaaS,nan,Cloud Pak for Security SaaS,blue,no_match,Empty or null version
Cloud Object Storage,3.19.2.72,Cloud Object Storage,blue,no_match,"No match found for product 'Cloud Object Storage' (mapped from 'Cloud Object Storage'), version '3.19.2.72'"
SevOne Network Performance Management,8.0.6,SevOne Network Performance Management,green,wildcard,Wildcard match: version '8.0.6' matches pattern '8.x' in 'ibm sevone network performance management'
Nomad Self-Managed,1.9.6,Nomad Self-Managed,blue,no_match,"No match found for product 'Nomad Self-Managed' (mapped from 'Nomad Self-Managed'), version '1.9.6'"
Sterling Fulfillment Optimizer with Watson,nan,Sterling Fulfillment Optimizer with Watson,blue,no_match,Empty or null version
Watson Knowledge Studio for Cloud,nan,Watson Knowledge Studio for Cloud,blue,no_match,Empty or null version
Concert,2.2.0.0,Concert,blue,no_match,"No match found for product 'Concert' (mapped from 'Concert'), version '2.2.0.0'"
ILOG CPLEX Optimization Studio,22.1.2.0,ILOG CPLEX Optimization Studio,green,substring,"Substring match: found 'ilog cplex optimization studio' in 'ibm ilog cplex optimization studio', version='22.1.x'"
ILOG CPLEX Optimization Studio,22.1.1.0,ILOG CPLEX Optimization Studio,green,substring,"Substring match: found 'ilog cplex optimization studio' in 'ibm ilog cplex optimization studio', version='22.1.x'"
TXSeries for Multiplatforms,9.1 (EOS 30 Sept 2027),TXSeries for Multiplatforms,green,exact,"Exact match: product='txseries for multiplatforms', version='9.1.0'"
Engineering Workflow Management,7.2.0,Engineering Workflow Management,green,substring,"Substring match: found 'engineering workflow management' in 'ibm engineering workflow management', version='7.2.0'"
Cloud Pak for Business Automation,23.0.2,Cloud Pak for Business Automation,green,substring,"Substring match: found 'cloud pak for business automation' in 'ibm cloud pak for business automation', version='23.0.x'"
SevOne Network Performance Management,8.2.0,SevOne Network Performance Management,green,wildcard,Wildcard match: version '8.2.0' matches pattern '8.x' in 'ibm sevone network performance management'
Cloud Object Storage,3.17.5.86,Cloud Object Storage,green,substring,"Substring match: found 'cloud object storage' in 'ibm cloud object storage system', version='3.17.x'"
Self Checkout System,nan,Self Checkout System,blue,no_match,Empty or null version
Informix Dynamic Server,IDS 15.0.0.1,IBM Informix Advanced Enterprise Edition,green,wildcard,Wildcard match: version 'ids 15.0.0.1' matches pattern '15.0.x' in 'ibm informix advanced enterprise edition'
Daeja ViewONE,5.0.14.003,Daeja ViewONE,green,substring,"Substring match: found 'daeja viewone' in 'ibm daeja viewone virtual', version='5.0.x'"
SmartCloud Application Performance Management,770,SmartCloud Application Performance Management,blue,no_match,"No match found for product 'SmartCloud Application Performance Management' (mapped from 'SmartCloud Application Performance Management'), version '770'"
AIX on PowerVS,7.3,AIX on PowerVS,blue,no_match,"No match found for product 'AIX on PowerVS' (mapped from 'AIX on PowerVS'), version '7.3'"
Spectrum Virtualize for FlashSystem 9000 Series,8.5,Spectrum Virtualize for FlashSystem 9000 Series,blue,no_match,"No match found for product 'Spectrum Virtualize for FlashSystem 9000 Series' (mapped from 'Spectrum Virtualize for FlashSystem 9000 Series'), version '8.5'"
PowerLinux Series Server,nan,PowerLinux Series Server,blue,no_match,Empty or null version
Storage Protect for Virtual Environments,8.1.27.1,Storage Protect for Virtual Environments,green,substring,"Substring match: found 'storage protect for virtual environments' in 'ibm storage protect for virtual environments', version='8.1.x'"
Messaging Security Gateways,nan,Messaging Security Gateways,blue,no_match,Empty or null version
License Metric Tool,9.2.30,License Metric Tool,green,substring,"Substring match: found 'license metric tool' in 'ibm license metric tool', version='9.2.x'"
"Db2 Linux, Unix and Windows",9.5,"Db2 Linux, Unix and Windows",blue,no_match,"No match found for product 'Db2 Linux, Unix and Windows' (mapped from 'Db2 Linux, Unix and Windows'), version '9.5'"
Storage Protect Plus,IBM Spectrum Protect Plus Version 10.1.17 Build: 271,Storage Protect Plus,green,wildcard,Wildcard match: version 'ibm spectrum protect plus version 10.1.17 build: 271' matches pattern '10.1.x' in 'ibm storage protect plus'
DataStax Enterprise,2.1,DataStax Enterprise,blue,no_match,"No match found for product 'DataStax Enterprise' (mapped from 'DataStax Enterprise'), version '2.1'"
Rational Licensing,8.0.x,Rational License Key Server,blue,no_match,"No match found for product 'Rational License Key Server' (mapped from 'Rational Licensing'), version '8.0.x'"
Foundation & Advanced Support for Java Runtimes,nan,Foundation & Advanced Support for Java Runtimes,blue,no_match,Empty or null version
Tivoli Monitoring,6.2.x,Tivoli Monitoring,red,major.minor,Major.minor match: '6.2.x' matches '6.2.0' in 'tivoli monitoring'
License Management Support,nan,License Management Support,blue,no_match,Empty or null version
Concert for Power,nan,Concert for Power,blue,no_match,Empty or null version
Cloud Pak for AIOps,4.9.0,Cloud Pak for AIOps,green,wildcard,Wildcard match: version '4.9.0' matches pattern '4.x' in 'ibm cloud pak for aiops'
Storwize V3700,7.8,Storwize V3700,blue,no_match,"No match found for product 'Storwize V3700' (mapped from 'Storwize V3700'), version '7.8'"
ThinkAgile VX Series Server,nan,ThinkAgile VX Series Server,blue,no_match,Empty or null version
ThinkSystem Top of Rack (ToR) Switch,nan,ThinkSystem Top of Rack (ToR) Switch,blue,no_match,Empty or null version
Turbonomic On-Premises,8.14.x,Turbonomic On-Premises,blue,no_match,"No match found for product 'Turbonomic On-Premises' (mapped from 'Turbonomic On-Premises'), version '8.14.x'"
z/VM,7.2.0 (EOS),z/VM,green,exact,"Exact match: product='z/vm', version='7.2.x'"
DevOps Test Workbench,11.0.8,DevOps Test Workbench,green,substring,"Substring match: found 'devops test workbench' in 'ibm devops test workbench', version='11.0.x'"
Content Foundation,5.5.2,Content Foundation,green,substring,"Substring match: found 'content foundation' in 'ibm content foundation', version='5.5.x'"
QRadar SOAR,51.0.0.2,QRadar SOAR,green,substring,"Substring match: found 'qradar soar' in 'ibm security qradar soar', version='51.0.x'"
Storage System,nan,Storage System,blue,no_match,Empty or null version
SAP HANA,nan,SAP HANA,blue,no_match,Empty or null version
Storage Protect Plus,10.1.17-271,Storage Protect Plus,green,substring,"Substring match: found 'storage protect plus' in 'ibm storage protect plus', version='10.1.x'"
Sterling Partner Engagement Manager,6.2.4,Sterling Partner Engagement Manager,green,substring,"Substring match: found 'sterling partner engagement manager' in 'ibm sterling partner engagement manager', version='6.2.x'"
EDB Enterprise Postgres,11,EDB Enterprise Postgres,blue,no_match,"No match found for product 'EDB Enterprise Postgres' (mapped from 'EDB Enterprise Postgres'), version '11'"
zSecure,V3.1.1,IBM Security zSecure Admin,green,wildcard,Wildcard match: version 'v3.1.1' matches pattern '3.1.x' in 'ibm security zsecure admin'
Storage Protect Plus,10.1.9,Storage Protect Plus,green,substring,"Substring match: found 'storage protect plus' in 'ibm storage protect plus', version='10.1.x'"
Netcool/OMNIbus,8.1.0.2,Netcool/OMNIbus,red,exact,"Exact match: product='netcool/omnibus', version='8.1.x'"
Storage Protect,8.1.16.0,Storage Protect,green,substring,"Substring match: found 'storage protect' in 'ibm storage protect', version='8.1.x'"
Cloud Pak for AIOps,4.11.0,Cloud Pak for AIOps,green,wildcard,Wildcard match: version '4.11.0' matches pattern '4.x' in 'ibm cloud pak for aiops'
Apache Cassandra,4.1.3,Apache Cassandra,blue,no_match,"No match found for product 'Apache Cassandra' (mapped from 'Apache Cassandra'), version '4.1.3'"
Netcool/OMNIbus,8.1.0.38,Netcool/OMNIbus,red,exact,"Exact match: product='netcool/omnibus', version='8.1.x'"
QRadar SOAR,51.0.6.0,QRadar SOAR,green,substring,"Substring match: found 'qradar soar' in 'ibm security qradar soar', version='51.0.x'"
DataStax Enterprise,6.8.12,DataStax Enterprise,green,wildcard,Wildcard match: version '6.8.12' matches pattern '6.x' in 'ibm datastax enterprise'
Sterling Transformation Extender,10.1.1,IBM Sterling Transformation Extender,green,exact,"Exact match: product='ibm sterling transformation extender', version='10.1.x'"
QRadar SOAR,51.0.7.0,QRadar SOAR,green,substring,"Substring match: found 'qradar soar' in 'ibm security qradar soar', version='51.0.x'"
Apache Kafka,nan,Apache Kafka,blue,no_match,Empty or null version
Cloud Object Storage,3.19.3.87,Cloud Object Storage,blue,no_match,"No match found for product 'Cloud Object Storage' (mapped from 'Cloud Object Storage'), version '3.19.3.87'"
Spectrum Virtualize for FlashSystem 7000 ,8.7,Spectrum Virtualize for FlashSystem 7000 ,blue,no_match,"No match found for product 'Spectrum Virtualize for FlashSystem 7000 ' (mapped from 'Spectrum Virtualize for FlashSystem 7000 '), version '8.7'"
Z Backup Resiliency,2.1.0,Z Backup Resiliency,green,substring,"Substring match: found 'z backup resiliency' in 'ibm z backup resiliency', version='2.1.x'"
Netcool/OMNIbus,8.1.0.22,Netcool/OMNIbus,red,exact,"Exact match: product='netcool/omnibus', version='8.1.x'"
COBOL,"Enterprise COBOL for z/OS, V4.2 (EOS, 04/30/2022)",COBOL,blue,no_match,"No match found for product 'COBOL' (mapped from 'COBOL'), version 'enterprise cobol for z/os, v4.2'"
Storage Protect for Space Management,8.1.22.0,Storage Protect for Space Management,green,substring,"Substring match: found 'storage protect for space management' in 'ibm storage protect for space management', version='8.1.x'"
IMS,2.1.0,IMS,blue,no_match,"No match found for product 'IMS' (mapped from 'IMS'), version '2.1.0'"
Verify Identity Governance,V.10.0.0 - Identity Manager (ISIM - Appliance),Verify Identity Governance,blue,no_match,"No match found for product 'Verify Identity Governance' (mapped from 'Verify Identity Governance'), version 'v.10.0.0 - identity manager (isim - appliance)'"
"Db2 Linux, Unix and Windows w/ Performance Optimization",11.1,"Db2 Linux, Unix and Windows w/ Performance Optimization",blue,no_match,"No match found for product 'Db2 Linux, Unix and Windows w/ Performance Optimization' (mapped from 'Db2 Linux, Unix and Windows w/ Performance Optimization'), version '11.1'"
Content Navigator and Content Navigator Mobile App,3.0.2,Content Navigator and Content Navigator Mobile App,blue,no_match,"No match found for product 'Content Navigator and Content Navigator Mobile App' (mapped from 'Content Navigator and Content Navigator Mobile App'), version '3.0.2'"
Copy Services Manager,6.3.7.0,Copy Services Manager,green,substring,"Substring match: found 'copy services manager' in 'ibm copy services manager', version='6.3.x'"
GDPS (Geographically Dispersed Parallel Sysplex),Other Extended Support Release,GDPS (Geographically Dispersed Parallel Sysplex),blue,no_match,"No match found for product 'GDPS (Geographically Dispersed Parallel Sysplex)' (mapped from 'GDPS (Geographically Dispersed Parallel Sysplex)'), version 'other extended support release'"
Storage Protect,8.1.22.000,Storage Protect,green,substring,"Substring match: found 'storage protect' in 'ibm storage protect', version='8.1.x'"
High Level Assembler,1.6.0,High Level Assembler,green,substring,"Substring match: found 'high level assembler' in 'ibm high level assembler for mvs, vm, and vse', version='1.6.x'"
EntireX,10.9,EntireX,blue,no_match,"No match found for product 'EntireX' (mapped from 'EntireX'), version '10.9'"
Power System Mellanox Director Switch,nan,Power System Mellanox Director Switch,blue,no_match,Empty or null version
Db2 Query Management Facility for TSO/CICS,13.1,Db2 Query Management Facility for TSO/CICS,blue,no_match,"No match found for product 'Db2 Query Management Facility for TSO/CICS' (mapped from 'Db2 Query Management Facility for TSO/CICS'), version '13.1'"
CICS Transaction Gateway,9.2 (z/OS) - EOS 30 Sept 2026),CICS Transaction Gateway,blue,no_match,"No match found for product 'CICS Transaction Gateway' (mapped from 'CICS Transaction Gateway'), version '9.2 (z/os) - eos 30 sept 2026)'"
FlashSystem 7200,9.1.1,FlashSystem 7200,blue,no_match,"No match found for product 'FlashSystem 7200' (mapped from 'FlashSystem 7200'), version '9.1.1'"
ThinkAgile SXM for Mellanox Switch,nan,ThinkAgile SXM for Mellanox Switch,blue,no_match,Empty or null version
Financial Transaction Manager,3.2.13.0,Financial Transaction Manager,blue,no_match,"No match found for product 'Financial Transaction Manager' (mapped from 'Financial Transaction Manager'), version '3.2.13.0'"
Db2 Sort for z/OS,2.1,Db2 Sort for z/OS,green,exact,"Exact match: product='db2 sort for z/os', version='2.1.0'"
Sterling Connect Express,nan,Sterling Connect Express,blue,no_match,Empty or null version
Kubecost Self Hosted,3.1.2,Kubecost Self Hosted,green,wildcard,Wildcard match: version '3.1.2' matches pattern '3.x.x' in 'ibm kubecost self hosted'
Engineering Requirements Management DOORS,9.6.1,Engineering Requirements Management DOORS,blue,no_match,"No match found for product 'Engineering Requirements Management DOORS' (mapped from 'Engineering Requirements Management DOORS'), version '9.6.1'"
Netcool Agile Service Manager,1.1.22,Netcool Agile Service Manager,blue,no_match,"No match found for product 'Netcool Agile Service Manager' (mapped from 'Netcool Agile Service Manager'), version '1.1.22'"
DevOps Deploy,7.3.2.1,DevOps Deploy,blue,no_match,"No match found for product 'DevOps Deploy' (mapped from 'DevOps Deploy'), version '7.3.2.1'"
Z OMEGAMON AI for Storage,6.1.0,Z OMEGAMON AI for Storage,green,substring,"Substring match: found 'z omegamon ai for storage' in 'ibm z omegamon ai for storage', version='6.1.x'"
PowerVM / VIOS,7.3,PowerVM,blue,no_match,"No match found for product 'PowerVM' (mapped from 'PowerVM / VIOS'), version '7.3'"
Cloud Pak for Security,1.11.4.0,Cloud Pak for Security,green,substring,"Substring match: found 'cloud pak for security' in 'ibm cloud pak for security', version='1.11.x'"
Consul Self-Managed,1.21.5,Consul Self-Managed,blue,no_match,"No match found for product 'Consul Self-Managed' (mapped from 'Consul Self-Managed'), version '1.21.5'"
Storm Travel Case,nan,Storm Travel Case,blue,no_match,Empty or null version
TV,nan,TV,blue,no_match,Empty or null version
Netcool Operations Insights,1.6.10,Netcool Operations Insights,blue,no_match,"No match found for product 'Netcool Operations Insights' (mapped from 'Netcool Operations Insights'), version '1.6.10'"
Maximo for Nuclear Power,7.6.2,Maximo for Nuclear Power,green,exact,"Exact match: product='maximo for nuclear power', version='7.6.2'"
Automation Decision Services,24.0.0,Automation Decision Services,green,substring,"Substring match: found 'automation decision services' in 'ibm automation decision services', version='24.0.x'"
DataStax Enterprise,6.8.61,DataStax Enterprise,green,wildcard,Wildcard match: version '6.8.61' matches pattern '6.x' in 'ibm datastax enterprise'
Copy Services Manager,6.3.13.0,Copy Services Manager,green,substring,"Substring match: found 'copy services manager' in 'ibm copy services manager', version='6.3.x'"
DevOps Test Embedded,9.0.0,DevOps Test Embedded,green,substring,"Substring match: found 'devops test embedded' in 'ibm devops test embedded', version='9.0.x'"
Tivoli Netcool Configuration Manager,nan,Tivoli Netcool Configuration Manager,blue,no_match,Empty or null version
LTO 10 Tape Drive,nan,LTO 10 Tape Drive,blue,no_match,Empty or null version
Kubecost Self Hosted,2.5.3,Kubecost Self Hosted,green,wildcard,Wildcard match: version '2.5.3' matches pattern '2.x.x' in 'ibm kubecost self hosted'
Vault Self-Managed,1.18.2,Vault Self-Managed,blue,no_match,"No match found for product 'Vault Self-Managed' (mapped from 'Vault Self-Managed'), version '1.18.2'"
Tivoli Network Manager,4.2.0.11 (build 117),Tivoli Network Manager,red,substring,"Substring match: found 'tivoli network manager' in 'tivoli network manager ip edition', version='4.2.x'"
SevOne Network Performance Management,6.7.X,SevOne Network Performance Management,red,major.minor,Major.minor match: '6.7.x' matches '6.7' in 'ibm sevone network performance management'
Cloud Pak for Data System,1.0.8.4-IF1,Cloud Pak for Data System,red,substring,"Substring match: found 'cloud pak for data system' in 'ibm cloud pak for data system for federal and finance', version='1.0.x'"
FileNet Content Manager,5.5.9.0,FileNet Content Manager,green,substring,"Substring match: found 'filenet content manager' in 'ibm filenet content manager', version='5.5.x'"
Informix Dynamic Server,IDS 15.0.0.0,IBM Informix Advanced Enterprise Edition,green,wildcard,Wildcard match: version 'ids 15.0.0.0' matches pattern '15.0.x' in 'ibm informix advanced enterprise edition'
Storage Scale Erasure Code Edition,5.2.2,Storage Scale Erasure Code Edition,green,substring,"Substring match: found 'storage scale erasure code edition' in 'ibm storage scale erasure code edition', version='5.2.x'"
Terraform Self-Managed,1.0.0,Terraform Self-Managed,blue,no_match,"No match found for product 'Terraform Self-Managed' (mapped from 'Terraform Self-Managed'), version '1.0.0'"
Aspera,3.3.3,Aspera,blue,no_match,"No match found for product 'Aspera' (mapped from 'Aspera'), version '3.3.3'"
Terraform Self-Managed,1.0.3,Terraform Self-Managed,blue,no_match,"No match found for product 'Terraform Self-Managed' (mapped from 'Terraform Self-Managed'), version '1.0.3'"
Verify Identity Governance,V.11.0.0,Verify Identity Governance,green,wildcard,Wildcard match: version 'v.11.0.0' matches pattern '11.0.x' in 'ibm verify identity governance'
Planning Analytics Local,2.1.11,Planning Analytics Local,green,substring,"Substring match: found 'planning analytics local' in 'ibm planning analytics local', version='2.1.x'"
Z OMEGAMON AI for JVM,5.5.0,Z OMEGAMON AI for JVM,blue,no_match,"No match found for product 'Z OMEGAMON AI for JVM' (mapped from 'Z OMEGAMON AI for JVM'), version '5.5.0'"
Business Automation Workflow,22.0.x,Business Automation Workflow,red,substring,"Substring match: found 'business automation workflow' in 'ibm business automation workflow', version='22.0.x'"
Spectrum Virtualize for SAN Volume Controller,8.7,Spectrum Virtualize for SAN Volume Controller,blue,no_match,"No match found for product 'Spectrum Virtualize for SAN Volume Controller' (mapped from 'Spectrum Virtualize for SAN Volume Controller'), version '8.7'"
Verify Identity Access,10.0.4,Verify Identity Access,blue,no_match,"No match found for product 'Verify Identity Access' (mapped from 'Verify Identity Access'), version '10.0.4'"
Case Manager,5.3,Case Manager,green,substring,"Substring match: found 'case manager' in 'ibm case manager', version='5.3.x'"
Vault Self-Managed,1.15.4,Vault Self-Managed,blue,no_match,"No match found for product 'Vault Self-Managed' (mapped from 'Vault Self-Managed'), version '1.15.4'"
FlashSystem 9100,8.4,FlashSystem 9100,blue,no_match,"No match found for product 'FlashSystem 9100' (mapped from 'FlashSystem 9100'), version '8.4'"
Rhapsody Systems Engineering,1.5,Rhapsody Systems Engineering,green,wildcard,Wildcard match: version '1.5' matches pattern '1.x' in 'ibm rhapsody systems engineering'
Operations Analytics (Log Analysis/Predictive Insights),1.3.6,Operations Analytics (Log Analysis/Predictive Insights),blue,no_match,"No match found for product 'Operations Analytics (Log Analysis/Predictive Insights)' (mapped from 'Operations Analytics (Log Analysis/Predictive Insights)'), version '1.3.6'"
SevOne Network Performance Management,7.2.1,SevOne Network Performance Management,green,major.minor,Major.minor match: '7.2.1' matches '7.2' in 'ibm sevone network performance management'
DataStax Enterprise,6.9.3,DataStax Enterprise,green,wildcard,Wildcard match: version '6.9.3' matches pattern '6.x' in 'ibm datastax enterprise'
Tivoli Network Manager,4.2.0.16 (Build 177),Tivoli Network Manager,red,substring,"Substring match: found 'tivoli network manager' in 'tivoli network manager ip edition', version='4.2.x'"
MQ for z/OS,9.2 CD,MQ for z/OS,blue,no_match,"No match found for product 'MQ for z/OS' (mapped from 'MQ for z/OS'), version '9.2 cd'"
Planning Analytics Local,2.1.3,Planning Analytics Local,green,substring,"Substring match: found 'planning analytics local' in 'ibm planning analytics local', version='2.1.x'"
QRadar SOAR,48.2,QRadar SOAR,blue,no_match,"No match found for product 'QRadar SOAR' (mapped from 'QRadar SOAR'), version '48.2'"
Communication Server,7.1.0,Communication Server,blue,no_match,"No match found for product 'Communication Server' (mapped from 'Communication Server'), version '7.1.0'"
Vault Self-Managed,1.20.0,Vault Self-Managed,blue,no_match,"No match found for product 'Vault Self-Managed' (mapped from 'Vault Self-Managed'), version '1.20.0'"
IP Phone,nan,IP Phone,blue,no_match,Empty or null version
DataStax Enterprise,6.8.1,DataStax Enterprise,green,wildcard,Wildcard match: version '6.8.1' matches pattern '6.x' in 'ibm datastax enterprise'
Quidway Series Switches,nan,Quidway Series Switches,blue,no_match,Empty or null version
CICS Transaction Server,CPSM 6.1,CICS Transaction Server for z/OS,blue,no_match,"No match found for product 'CICS Transaction Server for z/OS' (mapped from 'CICS Transaction Server'), version 'cpsm 6.1'"
DevOps Deploy,8.1.2.1,DevOps Deploy,green,substring,"Substring match: found 'devops deploy' in 'ibm devops deploy', version='8.1.x'"
SevOne Network Performance Management,6.8.9,SevOne Network Performance Management,orange,major.minor,Major.minor match: '6.8.9' matches '6.8' in 'ibm sevone network performance management'
Controller,nan,Controller,blue,no_match,Empty or null version
Cloud Pak for Integration,2022.4.1,Cloud Pak for Integration,red,substring,"Substring match: found 'cloud pak for integration' in 'ibm cloud pak for integration', version='2022.4.1'"
Business Automation Manager Open Editions,8.0.6,Business Automation Manager Open Editions,green,wildcard,Wildcard match: version '8.0.6' matches pattern '8.x' in 'ibm business automation manager open editions'
QRadar SOAR,51.0.7.2,QRadar SOAR,green,substring,"Substring match: found 'qradar soar' in 'ibm security qradar soar', version='51.0.x'"
License Metric Tool,9.2.35,License Metric Tool,green,substring,"Substring match: found 'license metric tool' in 'ibm license metric tool', version='9.2.x'"
Rational ClearQuest,9.0.0.x,Rational ClearQuest,orange,major.minor,Major.minor match: '9.0.0.x' matches '9.0.x' in 'rational clearquest'
HourGlass,6.1.0,HourGlass,green,exact,"Exact match: product='hourglass', version='6.1.0'"
Storage Protect Plus,10.1.15-148,Storage Protect Plus,green,substring,"Substring match: found 'storage protect plus' in 'ibm storage protect plus', version='10.1.x'"
Db2 DevOps Experience for z/OS,1.3,Db2 DevOps Experience for z/OS,green,substring,"Substring match: found 'db2 devops experience for z/os' in 'ibm db2 devops experience for z/os', version='1.3.x'"
MQ Appliance,9.2,MQ Appliance,blue,no_match,"No match found for product 'MQ Appliance' (mapped from 'MQ Appliance'), version '9.2'"
Storage Protect Plus,Version 10.1.10 Build: 2773,Storage Protect Plus,green,wildcard,Wildcard match: version 'version 10.1.10 build: 2773' matches pattern '10.1.x' in 'ibm storage protect plus'
Java Technology,nan,Java Technology,blue,no_match,Empty or null version
FileNet Content Manager,5.5.5.0,FileNet Content Manager,green,substring,"Substring match: found 'filenet content manager' in 'ibm filenet content manager', version='5.5.x'"
DevOps Deploy,7.3.2.15,DevOps Deploy,blue,no_match,"No match found for product 'DevOps Deploy' (mapped from 'DevOps Deploy'), version '7.3.2.15'"
Transformation Extender Advanced,10.0.2,Transformation Extender Advanced,green,major.minor,Major.minor match: '10.0.2' matches '10.0' in 'ibm transformation extender advanced'
PowerVC for Private Cloud,2.1.1,PowerVC for Private Cloud,red,substring,"Substring match: found 'powervc for private cloud' in 'ibm powervc for private cloud', version='2.1.x'"
License Metric Tool,9.2.13,License Metric Tool,green,substring,"Substring match: found 'license metric tool' in 'ibm license metric tool', version='9.2.x'"
Vault Self-Managed,1.12.11,Vault Self-Managed,blue,no_match,"No match found for product 'Vault Self-Managed' (mapped from 'Vault Self-Managed'), version '1.12.11'"
Nomad Self-Managed,1.8.20,Nomad Self-Managed,green,substring,"Substring match: found 'nomad self-managed' in 'ibm nomad self-managed', version='1.8.x'"
TXSeries for Multiplatforms,11.1,TXSeries for Multiplatforms,green,exact,"Exact match: product='txseries for multiplatforms', version='11.1.0'"
7800 Series SAN Switches,nan,7800 Series SAN Switches,blue,no_match,Empty or null version
Db2 Administration Tool for z/OS,5.2,Db2 Administration Tool for z/OS,blue,no_match,"No match found for product 'Db2 Administration Tool for z/OS' (mapped from 'Db2 Administration Tool for z/OS'), version '5.2'"
Storwize V5100,8.5,Storwize V5100,blue,no_match,"No match found for product 'Storwize V5100' (mapped from 'Storwize V5100'), version '8.5'"
QRadar SOAR,51.0.6.2,QRadar SOAR,green,substring,"Substring match: found 'qradar soar' in 'ibm security qradar soar', version='51.0.x'"
Guardium Data Protection,9.0,Guardium Data Protection,blue,no_match,"No match found for product 'Guardium Data Protection' (mapped from 'Guardium Data Protection'), version '9.0'"
Datacap,9.1.7,Datacap,green,substring,"Substring match: found 'datacap' in 'ibm datacap', version='9.1.x'"
Cloud Pak for Data System,1.0.7.6-IF5,Cloud Pak for Data System,red,substring,"Substring match: found 'cloud pak for data system' in 'ibm cloud pak for data system for federal and finance', version='1.0.x'"
Storage Protect,8.1.24.000,Storage Protect,green,substring,"Substring match: found 'storage protect' in 'ibm storage protect', version='8.1.x'"
Netcool/Impact,7.1.0.20,Netcool/Impact,red,exact,"Exact match: product='netcool/impact', version='7.1.x'"
Maximo for Aviation,7.6.8,Maximo for Aviation,red,major.minor,Major.minor match: '7.6.8' matches '7.6.0-7.6.6' in 'ibm maximo for aviation'
Terraform Self-Managed,1.1.3,Terraform Self-Managed,blue,no_match,"No match found for product 'Terraform Self-Managed' (mapped from 'Terraform Self-Managed'), version '1.1.3'"
Db2 Utilities Solution Pack for z/OS,4.2,Db2 Utilities Solution Pack for z/OS,red,exact,"Exact match: product='db2 utilities solution pack for z/os', version='4.2.0'"
Red Hat Ceph Storage,3.x,Red Hat Ceph Storage,blue,no_match,"No match found for product 'Red Hat Ceph Storage' (mapped from 'Red Hat Ceph Storage'), version '3.x'"
Engineering Workflow Management,7.0.2,Engineering Workflow Management,red,major.minor,Major.minor match: '7.0.2' matches '7.0.0' in 'ibm engineering workflow management'
Planning Analytics Local,2.1.10,Planning Analytics Local,green,substring,"Substring match: found 'planning analytics local' in 'ibm planning analytics local', version='2.1.x'"
Terraform Self-Managed,2.0.1,Terraform Self-Managed,green,wildcard,Wildcard match: version '2.0.1' matches pattern '2.x.x' in 'ibm terraform self-managed'
IMS Performance Analyzer for z/OS,4.5.0,IMS Performance Analyzer for z/OS,green,exact,"Exact match: product='ims performance analyzer for z/os', version='4.5.0'"
XOS Switches,nan,XOS Switches,blue,no_match,Empty or null version
Copy Services Manager,6.3.12.0,Copy Services Manager,green,substring,"Substring match: found 'copy services manager' in 'ibm copy services manager', version='6.3.x'"
Query Workload Tuner,6.1,Query Workload Tuner,green,major.minor,Major.minor match: '6.1' matches '6.1.1' in 'ibm db2 query workload tuner for z/os'
Z IntelliMagic Vision,1.1.2.0,Z IntelliMagic Vision,blue,no_match,"No match found for product 'Z IntelliMagic Vision' (mapped from 'Z IntelliMagic Vision'), version '1.1.2.0'"
License Metric Tool,9.2.25,License Metric Tool,green,substring,"Substring match: found 'license metric tool' in 'ibm license metric tool', version='9.2.x'"
System i 525 Server,nan,System i 525 Server,blue,no_match,Empty or null version
Kubecost Cloud Service,3.0.6,Kubecost Cloud Service,blue,no_match,"No match found for product 'Kubecost Cloud Service' (mapped from 'Kubecost Cloud Service'), version '3.0.6'"
Db2 Table Editor for z/OS,4.5,Db2 Table Editor for z/OS,red,exact,"Exact match: product='db2 table editor for z/os', version='4.5.0'"
eDiscovery,nan,eDiscovery,blue,no_match,Empty or null version
Informix Dynamic Server,IDS 14.10.xC13W6,IBM Informix Advanced Enterprise Edition,blue,no_match,"No match found for product 'IBM Informix Advanced Enterprise Edition' (mapped from 'Informix Dynamic Server'), version 'ids 14.10.xc13w6'"
Open SDK for Rust,"IBM Open SDK for Rust on AIX, V1.88.0",Open SDK for Rust,blue,no_match,"No match found for product 'Open SDK for Rust' (mapped from 'Open SDK for Rust'), version 'ibm open sdk for rust on aix, v1.88.0'"
Digital Commerce Site: Other Products,nan,Digital Commerce Site: Other Products,blue,no_match,Empty or null version
Copy Services Manager,6.3.17.0,Copy Services Manager,green,substring,"Substring match: found 'copy services manager' in 'ibm copy services manager', version='6.3.x'"
Optim Archive for z/OS,11.7,Optim Archive for z/OS,blue,no_match,"No match found for product 'Optim Archive for z/OS' (mapped from 'Optim Archive for z/OS'), version '11.7'"
Z IntelliMagic Vision,1.1.1.1,Z IntelliMagic Vision,blue,no_match,"No match found for product 'Z IntelliMagic Vision' (mapped from 'Z IntelliMagic Vision'), version '1.1.1.1'"
Storage Protect Plus,10.1.14,Storage Protect Plus,green,substring,"Substring match: found 'storage protect plus' in 'ibm storage protect plus', version='10.1.x'"
Guardium Data Protection,nan,Guardium Data Protection,blue,no_match,Empty or null version
Power System S812L Server,nan,Power System S812L Server,blue,no_match,Empty or null version
SevOne Network Performance Management,7.0,SevOne Network Performance Management,green,wildcard,Wildcard match: version '7.0' matches pattern '7.x' in 'ibm sevone network performance management'
Storage Protect,7.1,Storage Protect,blue,no_match,"No match found for product 'Storage Protect' (mapped from 'Storage Protect'), version '7.1'"
Informix Dynamic Server,IDS 15.0.0.2,IBM Informix Advanced Enterprise Edition,green,wildcard,Wildcard match: version 'ids 15.0.0.2' matches pattern '15.0.x' in 'ibm informix advanced enterprise edition'
Cognos Controller,11.1.3,Cognos Controller,blue,no_match,"No match found for product 'Cognos Controller' (mapped from 'Cognos Controller'), version '11.1.3'"
Db2 SQL Performance Analyzer for z/OS,5.1,Db2 SQL Performance Analyzer for z/OS,green,exact,"Exact match: product='db2 sql performance analyzer for z/os', version='5.1.0'"
Aspera,4.3.0,Aspera,red,substring,"Substring match: found 'aspera' in 'aspera', version='4.3.x'"
VS Fortran Compiler/Library,2.6.0,VS Fortran Compiler/Library,green,exact,"Exact match: product='vs fortran compiler/library', version='2.6.x'"
Terraform Self-Managed,1.1.0,Terraform Self-Managed,blue,no_match,"No match found for product 'Terraform Self-Managed' (mapped from 'Terraform Self-Managed'), version '1.1.0'"
Terraform Self-Managed,202409-3,Terraform Self-Managed,green,wildcard,Wildcard match: version '202409-3' matches pattern '2.x.x' in 'ibm terraform self-managed'
Library Support for Struts,1.2,Library Support for Struts,green,substring,"Substring match: found 'library support for struts' in 'ibm library support for struts', version='1.2.x'"
IBM HTTP Server,9.0,IBM HTTP Server,blue,no_match,"No match found for product 'IBM HTTP Server' (mapped from 'IBM HTTP Server'), version '9.0'"
N-series,nan,N-series,blue,no_match,Empty or null version
Cloud Pak for Data System,2.0.1.0,Cloud Pak for Data System,red,substring,"Substring match: found 'cloud pak for data system' in 'ibm cloud pak for data system for federal and finance', version='2.0.x'"
Enterprise Records,nan,Enterprise Records,blue,no_match,Empty or null version
Hardware Management Console Application,7.2,Hardware Management Console Application,blue,no_match,"No match found for product 'Hardware Management Console Application' (mapped from 'Hardware Management Console Application'), version '7.2'"
Tivoli Monitoring Agents,7.2,Tivoli Monitoring,blue,no_match,"No match found for product 'Tivoli Monitoring' (mapped from 'Tivoli Monitoring Agents'), version '7.2'"
DataStax Enterprise,5.1.0,DataStax Enterprise,green,substring,"Substring match: found 'datastax enterprise' in 'ibm datastax enterprise', version='5.1'"
Vault Self-Managed,1.16.20,Vault Self-Managed,blue,no_match,"No match found for product 'Vault Self-Managed' (mapped from 'Vault Self-Managed'), version '1.16.20'"
PowerVC,2.2,PowerVC,orange,substring,"Substring match: found 'powervc' in 'ibm powervc for private cloud', version='2.2.x'"
IMS Fast Path Solution Pack for z/OS,2.1.0,IMS Fast Path Solution Pack for z/OS,green,exact,"Exact match: product='ims fast path solution pack for z/os', version='2.1.x'"
Sterling Connect Direct,C:D UNIX 6.1,IBM Sterling Connect:Direct for UNIX,blue,no_match,"No match found for product 'IBM Sterling Connect:Direct for UNIX' (mapped from 'Sterling Connect Direct'), version 'c:d unix 6.1'"
Tivoli System Automation for MultiPlatforms,4.1.0.4,Tivoli System Automation for MultiPlatforms,green,exact,"Exact match: product='tivoli system automation for multiplatforms', version='4.1.x'"
Control Desk,7.6.1.1,Control Desk,orange,major.minor,Major.minor match: '7.6.1.1' matches '7.6.1' in 'ibm control desk'
SevOne Network Performance Management,7.2.10,SevOne Network Performance Management,green,major.minor,Major.minor match: '7.2.10' matches '7.2' in 'ibm sevone network performance management'
Engineering Requirements Management DOORS Next,9.0.x,Engineering Requirements Management DOORS Next,blue,no_match,"No match found for product 'Engineering Requirements Management DOORS Next' (mapped from 'Engineering Requirements Management DOORS Next'), version '9.0.x'"
Storage Protect Plus,10.1.18-339,Storage Protect Plus,green,substring,"Substring match: found 'storage protect plus' in 'ibm storage protect plus', version='10.1.x'"
QRadar SOAR,51.0.4.2,QRadar SOAR,green,substring,"Substring match: found 'qradar soar' in 'ibm security qradar soar', version='51.0.x'"
Security Verify Privilege Vault,11.7.61,Security Verify Privilege Vault,orange,substring,"Substring match: found 'security verify privilege vault' in 'ibm security verify privilege vault', version='11.7.61'"
Rational Software Architect Designer for WebSphere Software,9.7.x,Rational Software Architect Designer for WebSphere Software,green,exact,"Exact match: product='rational software architect designer for websphere software', version='9.7.x'"
Db2 Recovery Expert Pro for z/OS,1.1,Db2 Recovery Expert Pro for z/OS,green,substring,"Substring match: found 'db2 recovery expert pro for z/os' in 'ibm db2 recovery expert pro for z/os', version='1.1'"
Business Automation Insights,25.0.0,Business Automation Insights,green,substring,"Substring match: found 'business automation insights' in 'ibm business automation insights', version='25.0.x'"
Terraform Self-Managed,202402-2,Terraform Self-Managed,green,wildcard,Wildcard match: version '202402-2' matches pattern '2.x.x' in 'ibm terraform self-managed'
Spectrum Virtualize for Storwize V5000,8.3,Spectrum Virtualize for Storwize V5000,blue,no_match,"No match found for product 'Spectrum Virtualize for Storwize V5000' (mapped from 'Spectrum Virtualize for Storwize V5000'), version '8.3'"
Tape Autoloader,nan,Tape Autoloader,blue,no_match,Empty or null version
X7 Series SAN Directors,nan,X7 Series SAN Directors,blue,no_match,Empty or null version
DevOps Test Performance Test Server,10.5.4,DevOps Test Performance Test Server,blue,no_match,"No match found for product 'DevOps Test Performance Test Server' (mapped from 'DevOps Test Performance Test Server'), version '10.5.4'"
Robotic Process Automation as a Service,30.0.2,Robotic Process Automation as a Service,blue,no_match,"No match found for product 'Robotic Process Automation as a Service' (mapped from 'Robotic Process Automation as a Service'), version '30.0.2'"
Storage Scale System Software,Storage Scale System Data Access Edition v5.2.2,Storage Scale System Software,green,wildcard,Wildcard match: version 'storage scale system data access edition v5.2.2' matches pattern '5.2.x' in 'ibm storage scale system software data access edition'
Dependency Based Build,2.0.x,Dependency Based Build,green,substring,"Substring match: found 'dependency based build' in 'ibm dependency based build', version='2.0.x'"
Identity Manager,V.7.0.2,Identity Manager,blue,no_match,"No match found for product 'Identity Manager' (mapped from 'Identity Manager'), version 'v.7.0.2'"
Aspera,3.8.1,Aspera,red,exact,"Exact match: product='aspera', version='3.8.x'"
Cloud Pak for Applications,5.2.x,Cloud Pak for Applications,green,substring,"Substring match: found 'cloud pak for applications' in 'ibm cloud pak for applications', version='5.2.x'"
Firewall Appliance,nan,Firewall Appliance,blue,no_match,Empty or null version
Identity Manager,other,Identity Manager,blue,no_match,"No match found for product 'Identity Manager' (mapped from 'Identity Manager'), version 'other'"
Informix Dynamic Server,IDS 15.0.1.5,IBM Informix Advanced Enterprise Edition,green,wildcard,Wildcard match: version 'ids 15.0.1.5' matches pattern '15.0.x' in 'ibm informix advanced enterprise edition'
Storage Fusion HCI Physical Appliance,2.7.2,Storage Fusion HCI Physical Appliance,blue,no_match,"No match found for product 'Storage Fusion HCI Physical Appliance' (mapped from 'Storage Fusion HCI Physical Appliance'), version '2.7.2'"
FlashSystem 9100,Version Not Listed,FlashSystem 9100,blue,no_match,"No match found for product 'FlashSystem 9100' (mapped from 'FlashSystem 9100'), version 'version not listed'"
Z Multi-Factor Authentication,V.2.2.0,Z Multi-Factor Authentication,orange,wildcard,Wildcard match: version 'v.2.2.0' matches pattern '2.2.x' in 'ibm z multi-factor authentication'
ThinkSystem DB Series SAN Switch,nan,ThinkSystem DB Series SAN Switch,blue,no_match,Empty or null version
Storage Protect Plus,10.1.11,Storage Protect Plus,green,substring,"Substring match: found 'storage protect plus' in 'ibm storage protect plus', version='10.1.x'"
watsonx Code Assistant for Z,1.1.x,watsonx Code Assistant for Z,green,substring,"Substring match: found 'watsonx code assistant for z' in 'ibm watsonx code assistant for z', version='1.1.x'"
QRadar SOAR SaaS,nan,QRadar SOAR SaaS,blue,no_match,Empty or null version
Z System Automation,3.1.0,Z System Automation,blue,no_match,"No match found for product 'Z System Automation' (mapped from 'Z System Automation'), version '3.1.0'"
Copy Services Manager,6.3.9.0,Copy Services Manager,green,substring,"Substring match: found 'copy services manager' in 'ibm copy services manager', version='6.3.x'"
Hardware Management Console Application,V9 R2 Virtual Appliance,Hardware Management Console Application,blue,no_match,"No match found for product 'Hardware Management Console Application' (mapped from 'Hardware Management Console Application'), version 'v9 r2 virtual appliance'"
DataStax Mission Control,1.9.0,DataStax Mission Control,blue,no_match,"No match found for product 'DataStax Mission Control' (mapped from 'DataStax Mission Control'), version '1.9.0'"
Z Decision Support,1.9.0,Z Decision Support,green,substring,"Substring match: found 'z decision support' in 'ibm z decision support', version='1.9.0'"
Confidential Computing Containers for Red Hat OpenShift Container Platform,nan,Confidential Computing Containers for Red Hat OpenShift Container Platform,blue,no_match,Empty or null version
Data Gate for z/OS,3.2,Data Gate for z/OS,green,substring,"Substring match: found 'data gate for z/os' in 'ibm data gate for z/os', version='3.2.0'"
Guardium S-TAP for zOS,11.3,IBM Security Guardium S-TAP for Db2 on z/OS,green,exact,"Exact match: product='ibm security guardium s-tap for db2 on z/os', version='11.3.x'"
DataPower,10.0.2,DataPower,red,substring,"Substring match: found 'datapower' in 'ibm datapower gateway', version='10.0.x'"
Storage Protect Plus,10.1.16.4,Storage Protect Plus,green,substring,"Substring match: found 'storage protect plus' in 'ibm storage protect plus', version='10.1.x'"
AIX Toolbox for Open Source Software,nan,AIX Toolbox for Open Source Software,blue,no_match,Empty or null version
Cloud Pak for Multicloud Management,2.2,Cloud Pak for Multicloud Management,red,wildcard,Wildcard match: major version '2' matches '2.x.x' in 'ibm cloud pak for multicloud management'
Storage Scale System Software,Storage Scale System Data Management Edition v5.2.2,Storage Scale System Software,green,wildcard,Wildcard match: version 'storage scale system data management edition v5.2.2' matches pattern '5.2.x' in 'ibm storage scale system software data access edition'
Security Management,nan,Security Management,blue,no_match,Empty or null version
webMethods B2B,10.5,webMethods B2B,blue,no_match,"No match found for product 'webMethods B2B' (mapped from 'webMethods B2B'), version '10.5'"
Spyre Support Appliance for IBM Z & IBM LinuxONE,1.1.0,Spyre Support Appliance for IBM Z & IBM LinuxONE,blue,no_match,"No match found for product 'Spyre Support Appliance for IBM Z & IBM LinuxONE' (mapped from 'Spyre Support Appliance for IBM Z & IBM LinuxONE'), version '1.1.0'"
DevOps Deploy,8.2.1.0.ifix01,DevOps Deploy,green,substring,"Substring match: found 'devops deploy' in 'ibm devops deploy', version='8.2.x'"
Luna DB,4.1.8,Luna DB,blue,no_match,"No match found for product 'Luna DB' (mapped from 'Luna DB'), version '4.1.8'"
OMEGAMON for IMS on z/OS,5.5.0,OMEGAMON for IMS on z/OS,green,substring,"Substring match: found 'omegamon for ims on z/os' in 'ibm omegamon for ims on z/os', version='5.5.0'"
Planning Analytics Local,2.1.2,Planning Analytics Local,green,substring,"Substring match: found 'planning analytics local' in 'ibm planning analytics local', version='2.1.x'"
ILOG CPLEX Optimization Studio Subscription,nan,ILOG CPLEX Optimization Studio Subscription,blue,no_match,Empty or null version
Z Observability Connect,6.2.0,Z Observability Connect,blue,no_match,"No match found for product 'Z Observability Connect' (mapped from 'Z Observability Connect'), version '6.2.0'"
Other Applications,nan,Other Applications,blue,no_match,Empty or null version
Z Open Automation Utilities,1.3.6,Z Open Automation Utilities,green,substring,"Substring match: found 'z open automation utilities' in 'ibm z open automation utilities', version='1.3.x'"
Netcool/OMNIbus,8.1.0.25,Netcool/OMNIbus,red,exact,"Exact match: product='netcool/omnibus', version='8.1.x'"
Solaris,nan,Solaris,blue,no_match,Empty or null version
Terracotta,11.1,Terracotta,blue,no_match,"No match found for product 'Terracotta' (mapped from 'Terracotta'), version '11.1'"
Informix Dynamic Server,IDS 14.10.xC6,IBM Informix Advanced Enterprise Edition,blue,no_match,"No match found for product 'IBM Informix Advanced Enterprise Edition' (mapped from 'Informix Dynamic Server'), version 'ids 14.10.xc6'"
Storwize Storage Series,nan,Storwize Storage Series,blue,no_match,Empty or null version
Application Policy Infrastructure Controller,nan,Application Policy Infrastructure Controller,blue,no_match,Empty or null version
Vault Self-Managed,1.16.2,Vault Self-Managed,blue,no_match,"No match found for product 'Vault Self-Managed' (mapped from 'Vault Self-Managed'), version '1.16.2'"
OpenPages,8.2.0.4,OpenPages,green,substring,"Substring match: found 'openpages' in 'ibm openpages', version='8.2.x'"
Vault Self-Managed,1.19.6,Vault Self-Managed,green,substring,"Substring match: found 'vault self-managed' in 'ibm vault self-managed', version='1.19.x'"
Cloud Object Storage,nan,Cloud Object Storage,blue,no_match,Empty or null version
Consul Self-Managed,1.10.7+ent,Consul Self-Managed,blue,no_match,"No match found for product 'Consul Self-Managed' (mapped from 'Consul Self-Managed'), version '1.10.7+ent'"
GitLab Ultimate for IBM,nan,GitLab Ultimate for IBM,blue,no_match,Empty or null version
MQ for z/OS,9.3 CD,MQ for z/OS,blue,no_match,"No match found for product 'MQ for z/OS' (mapped from 'MQ for z/OS'), version '9.3 cd'"
Access Point,nan,Access Point,blue,no_match,Empty or null version
PostgreSQL,nan,PostgreSQL,blue,no_match,Empty or null version
ILOG CPLEX Optimization Studio,20.1.0.0,ILOG CPLEX Optimization Studio,green,substring,"Substring match: found 'ilog cplex optimization studio' in 'ibm ilog cplex optimization studio', version='20.1.x'"
DataStax Enterprise,5.1.3,DataStax Enterprise,green,major.minor,Major.minor match: '5.1.3' matches '5.1' in 'ibm datastax enterprise'
Transformation Extender Advanced,10.0.1,Transformation Extender Advanced,green,major.minor,Major.minor match: '10.0.1' matches '10.0' in 'ibm transformation extender advanced'
Netcool/OMNIbus,8.1.0.5,Netcool/OMNIbus,red,exact,"Exact match: product='netcool/omnibus', version='8.1.x'"
Rapid Infrastructure Automation,1.1.5,Rapid Infrastructure Automation,orange,substring,"Substring match: found 'rapid infrastructure automation' in 'ibm rapid infrastructure automation', version='1.1.5'"
Nomad Self-Managed,1.6.14,Nomad Self-Managed,blue,no_match,"No match found for product 'Nomad Self-Managed' (mapped from 'Nomad Self-Managed'), version '1.6.14'"
On Call Manager,nan,On Call Manager,blue,no_match,Empty or null version
VMware ESXi,8.x,VMware ESXi,blue,no_match,"No match found for product 'VMware ESXi' (mapped from 'VMware ESXi'), version '8.x'"
Verify Identity Access,10.0.1,Verify Identity Access,blue,no_match,"No match found for product 'Verify Identity Access' (mapped from 'Verify Identity Access'), version '10.0.1'"
"Db2 Linux, Unix and Windows",v10.5fp4,"Db2 Linux, Unix and Windows",blue,no_match,"No match found for product 'Db2 Linux, Unix and Windows' (mapped from 'Db2 Linux, Unix and Windows'), version 'v10.5fp4'"
Vault Self-Managed,1.15.6,Vault Self-Managed,blue,no_match,"No match found for product 'Vault Self-Managed' (mapped from 'Vault Self-Managed'), version '1.15.6'"
webMethods B2B,10.11,webMethods B2B,blue,no_match,"No match found for product 'webMethods B2B' (mapped from 'webMethods B2B'), version '10.11'"
Integrity Superdome 2 Series Servers,nan,Integrity Superdome 2 Series Servers,blue,no_match,Empty or null version
Aspera,4.1.3,Aspera,red,substring,"Substring match: found 'aspera' in 'aspera', version='4.1.x'"
Engineering Lifecycle Optimization Method Composer,7.6.2,Engineering Lifecycle Optimization Method Composer,blue,no_match,"No match found for product 'Engineering Lifecycle Optimization Method Composer' (mapped from 'Engineering Lifecycle Optimization Method Composer'), version '7.6.2'"
Vault Self-Managed,1.19.5,Vault Self-Managed,green,substring,"Substring match: found 'vault self-managed' in 'ibm vault self-managed', version='1.19.x'"
Storage Protect Plus,"Version 10.1.16 Build: 607 Dec 16, 2024 9:02:17 PM",Storage Protect Plus,green,wildcard,"Wildcard match: version 'version 10.1.16 build: 607 dec 16, 2024 9:02:17 pm' matches pattern '10.1.x' in 'ibm storage protect plus'"
Consul Self-Managed,1.18.2+ent,Consul Self-Managed,green,substring,"Substring match: found 'consul self-managed' in 'ibm consul self-managed', version='1.18.x'"
Rational Programming Patterns,9.7.x,Rational Programming Patterns,green,exact,"Exact match: product='rational programming patterns', version='9.7.x'"
BladeCenter JS Series Server,nan,BladeCenter JS Series Server,blue,no_match,Empty or null version
Business Automation Manager Open Editions,8.0.8,Business Automation Manager Open Editions,green,wildcard,Wildcard match: version '8.0.8' matches pattern '8.x' in 'ibm business automation manager open editions'
Unified Storage,nan,Unified Storage,blue,no_match,Empty or null version
OpenPages,9.0.0.1,OpenPages,green,substring,"Substring match: found 'openpages' in 'ibm openpages', version='9.0.x'"
Control Desk,7.6.1.3,Control Desk,orange,major.minor,Major.minor match: '7.6.1.3' matches '7.6.1' in 'ibm control desk'
Data Gate for watsonx,1.2,Data Gate for watsonx,green,substring,"Substring match: found 'data gate for watsonx' in 'ibm data gate for watsonx', version='1.2.x'"
Planning Analytics Local,2.1.6,Planning Analytics Local,green,substring,"Substring match: found 'planning analytics local' in 'ibm planning analytics local', version='2.1.x'"
Cloud Pak for Data System,1.0.8.2,Cloud Pak for Data System,red,substring,"Substring match: found 'cloud pak for data system' in 'ibm cloud pak for data system for federal and finance', version='1.0.x'"
QRadar SOAR,51.0.1.0,QRadar SOAR,green,substring,"Substring match: found 'qradar soar' in 'ibm security qradar soar', version='51.0.x'"
Content Navigator and Content Navigator Mobile App,3.0.6,Content Navigator and Content Navigator Mobile App,blue,no_match,"No match found for product 'Content Navigator and Content Navigator Mobile App' (mapped from 'Content Navigator and Content Navigator Mobile App'), version '3.0.6'"
Storage Protect,8.1.1.0,Storage Protect,green,substring,"Substring match: found 'storage protect' in 'ibm storage protect', version='8.1.x'"
z/OS,CICS TS 6.2,z/OS,blue,no_match,"No match found for product 'z/OS' (mapped from 'z/OS'), version 'cics ts 6.2'"
IMS High Performance Image Copy for z/OS,4.2.0,IMS High Performance Image Copy for z/OS,green,exact,"Exact match: product='ims high performance image copy for z/os', version='4.2.0'"
Print Management Facility/MVS,nan,Print Management Facility/MVS,blue,no_match,Empty or null version
Jazz for Service Management DASH / TIP,3.1.3.19,Jazz for Service Management DASH / TIP,blue,no_match,"No match found for product 'Jazz for Service Management DASH / TIP' (mapped from 'Jazz for Service Management DASH / TIP'), version '3.1.3.19'"
DevOps Deploy,8.0.1.10,DevOps Deploy,green,substring,"Substring match: found 'devops deploy' in 'ibm devops deploy', version='8.0.x'"
Spectrum Virtualize for FlashSystem 7000 ,8.4,Spectrum Virtualize for FlashSystem 7000 ,blue,no_match,"No match found for product 'Spectrum Virtualize for FlashSystem 7000 ' (mapped from 'Spectrum Virtualize for FlashSystem 7000 '), version '8.4'"
Storage Protect,8.1.12.114,Storage Protect,green,substring,"Substring match: found 'storage protect' in 'ibm storage protect', version='8.1.x'"
Instana Observability,1.0.291,Instana Observability,green,substring,"Substring match: found 'instana observability' in 'ibm instana observability', version='1.0.x'"
InfoSphere Information Server: Generic,11.5,InfoSphere Information Server: Generic,blue,no_match,"No match found for product 'InfoSphere Information Server: Generic' (mapped from 'InfoSphere Information Server: Generic'), version '11.5'"
ICKDSF (Device Support Facilities),nan,ICKDSF (Device Support Facilities),blue,no_match,Empty or null version
Netezza Appliance,1.0.0.1,Netezza Appliance,green,substring,"Substring match: found 'netezza appliance' in 'ibm netezza appliance', version='1.0.x'"
Netcool/Impact,7.1.0.29,Netcool/Impact,red,exact,"Exact match: product='netcool/impact', version='7.1.x'"
Consul Self-Managed,1.11.2+ent,Consul Self-Managed,blue,no_match,"No match found for product 'Consul Self-Managed' (mapped from 'Consul Self-Managed'), version '1.11.2+ent'"
COBOL,"COBOL for Linux on x86, V1.2",COBOL,blue,no_match,"No match found for product 'COBOL' (mapped from 'COBOL'), version 'cobol for linux on x86, v1.2'"
DevOps Deploy,8.0.1.1,DevOps Deploy,green,substring,"Substring match: found 'devops deploy' in 'ibm devops deploy', version='8.0.x'"
Robotic Process Automation as a Service,21.0,Robotic Process Automation as a Service,blue,no_match,"No match found for product 'Robotic Process Automation as a Service' (mapped from 'Robotic Process Automation as a Service'), version '21.0'"
API Connect,"5.0.x [EOS, 30-April-2022]",API Connect,red,major.minor,"Major.minor match: '5.0.x [eos, 30-april-2022]' matches '5.0.0' in 'ibm api connect'"
PowerVM for NovaLink,2.3.1,PowerVM for NovaLink,blue,no_match,"No match found for product 'PowerVM for NovaLink' (mapped from 'PowerVM for NovaLink'), version '2.3.1'"
RS/6000 F50 Server,nan,RS/6000 F50 Server,blue,no_match,Empty or null version
Interactive System Productivity Facility for VM,nan,Interactive System Productivity Facility for VM,blue,no_match,Empty or null version
Hyperflex HX Series,nan,Hyperflex HX Series,blue,no_match,Empty or null version
Verify Privileged Identity Platform,nan,Verify Privileged Identity Platform,blue,no_match,Empty or null version
DevOps Deploy,8.1.0.1,DevOps Deploy,green,substring,"Substring match: found 'devops deploy' in 'ibm devops deploy', version='8.1.x'"
DataStax Enterprise,6.8.25,DataStax Enterprise,green,wildcard,Wildcard match: version '6.8.25' matches pattern '6.x' in 'ibm datastax enterprise'
DevOps Deploy,7.3.1.0,DevOps Deploy,blue,no_match,"No match found for product 'DevOps Deploy' (mapped from 'DevOps Deploy'), version '7.3.1.0'"
z196,nan,z196,blue,no_match,Empty or null version
Db2 for z/OS,nan,Db2 for z/OS,blue,no_match,Empty or null version
Netcool/OMNIbus,8.1.0.28,Netcool/OMNIbus,red,exact,"Exact match: product='netcool/omnibus', version='8.1.x'"
Copy Services Manager,6.2.1,Copy Services Manager,green,substring,"Substring match: found 'copy services manager' in 'ibm copy services manager', version='6.2.x'"
Powervault,nan,Powervault,blue,no_match,Empty or null version
Data Set Commander,8.1.0,Data Set Commander,green,substring,"Substring match: found 'data set commander' in 'ibm data set commander for z/os', version='8.1.x'"
Terraform Self-Managed,202410-1,Terraform Self-Managed,green,wildcard,Wildcard match: version '202410-1' matches pattern '2.x.x' in 'ibm terraform self-managed'
Cloud Pak for Data System,2.0.2.1-IF1,Cloud Pak for Data System,red,substring,"Substring match: found 'cloud pak for data system' in 'ibm cloud pak for data system for federal and finance', version='2.0.x'"
Storage Protect Plus,10.1.16-56,Storage Protect Plus,green,substring,"Substring match: found 'storage protect plus' in 'ibm storage protect plus', version='10.1.x'"
Engineering Requirements Management DOORS Next,7.0.2,Engineering Requirements Management DOORS Next,red,major.minor,Major.minor match: '7.0.2' matches '7.0.0' in 'ibm engineering requirements management doors next'
Zabbix,nan,Zabbix,blue,no_match,Empty or null version
Cloud Pak for Data System,1.0.7.2,Cloud Pak for Data System,red,substring,"Substring match: found 'cloud pak for data system' in 'ibm cloud pak for data system for federal and finance', version='1.0.x'"
Tivoli Storage Manager FastBack,nan,Tivoli Storage Manager FastBack,blue,no_match,Empty or null version
Informix Dynamic Server,IDS 12.10.xC4,IBM Informix Advanced Enterprise Edition,blue,no_match,"No match found for product 'IBM Informix Advanced Enterprise Edition' (mapped from 'Informix Dynamic Server'), version 'ids 12.10.xc4'"
UTM Hardware Appliances,nan,UTM Hardware Appliances,blue,no_match,Empty or null version
Watson Natural Language Understanding,nan,Watson Natural Language Understanding,blue,no_match,Empty or null version
Sterling Connect Direct,File Agent 1.4,IBM Sterling Connect:Direct for UNIX,blue,no_match,"No match found for product 'IBM Sterling Connect:Direct for UNIX' (mapped from 'Sterling Connect Direct'), version 'file agent 1.4'"
Storage Protect Plus,nan,Storage Protect Plus,blue,no_match,Empty or null version
webMethods API Management,12.1,webMethods API Management,green,substring,"Substring match: found 'webmethods api management' in 'ibm webmethods api management', version='12.1'"
Reliable Scalable Cluster Technology (RSCT),RSCT v3.1.2,Reliable Scalable Cluster Technology (RSCT),blue,no_match,"No match found for product 'Reliable Scalable Cluster Technology (RSCT)' (mapped from 'Reliable Scalable Cluster Technology (RSCT)'), version 'rsct v3.1.2'"
License Metric Tool,9.2.17,License Metric Tool,green,substring,"Substring match: found 'license metric tool' in 'ibm license metric tool', version='9.2.x'"
Cloud Object Storage,3.18.3.75,Cloud Object Storage,green,substring,"Substring match: found 'cloud object storage' in 'ibm cloud object storage system', version='3.18.x'"
CICS Transaction Server,CPSM 6.2,CICS Transaction Server for z/OS,blue,no_match,"No match found for product 'CICS Transaction Server for z/OS' (mapped from 'CICS Transaction Server'), version 'cpsm 6.2'"
Aspera,3.9.6,Aspera,red,exact,"Exact match: product='aspera', version='3.9.x'"
Ubuntu Linux Server,22.x,Ubuntu Linux Server,blue,no_match,"No match found for product 'Ubuntu Linux Server' (mapped from 'Ubuntu Linux Server'), version '22.x'"
webMethods Managed File Transfer,12.1,webMethods Managed File Transfer,green,substring,"Substring match: found 'webmethods managed file transfer' in 'ibm webmethods managed file transfer', version='12.1'"
Storwize V5000,8.1,Storwize V5000,blue,no_match,"No match found for product 'Storwize V5000' (mapped from 'Storwize V5000'), version '8.1'"
RMF Reporter,240,RMF Reporter,blue,no_match,"No match found for product 'RMF Reporter' (mapped from 'RMF Reporter'), version '240'"
Advanced Archive for DFSMShsm,1.1.0,Advanced Archive for DFSMShsm,blue,no_match,"No match found for product 'Advanced Archive for DFSMShsm' (mapped from 'Advanced Archive for DFSMShsm'), version '1.1.0'"
SimpliVity Hyperconverged Infrastructure,nan,SimpliVity Hyperconverged Infrastructure,blue,no_match,Empty or null version
Production Imaging Edition,5.3.0.0,Production Imaging Edition,green,exact,"Exact match: product='production imaging edition', version='5.3.x'"
Netcool/OMNIbus,8.1.0.15,Netcool/OMNIbus,red,exact,"Exact match: product='netcool/omnibus', version='8.1.x'"
Cloud Pak for Security,1.11.3.0,Cloud Pak for Security,red,wildcard,Wildcard match: version '1.11.3.0' matches pattern '1.3.x' in 'ibm cloud pak for security'
Informix Dynamic Server,IDS 12.10.xC8,IBM Informix Advanced Enterprise Edition,blue,no_match,"No match found for product 'IBM Informix Advanced Enterprise Edition' (mapped from 'Informix Dynamic Server'), version 'ids 12.10.xc8'"
Storage Protect Plus,10.1.17-34,Storage Protect Plus,green,substring,"Substring match: found 'storage protect plus' in 'ibm storage protect plus', version='10.1.x'"
Consul Self-Managed,1.18.2,Consul Self-Managed,green,substring,"Substring match: found 'consul self-managed' in 'ibm consul self-managed', version='1.18.x'"
Daeja ViewONE,5.0.9,Daeja ViewONE,green,substring,"Substring match: found 'daeja viewone' in 'ibm daeja viewone virtual', version='5.0.x'"
Host Access Transformation Services,9.7,Host Access Transformation Services,green,substring,"Substring match: found 'host access transformation services' in 'ibm host access transformation services', version='9.7.x'"
Cloud Pak for Network Automation,1.3,Cloud Pak for Network Automation,blue,no_match,"No match found for product 'Cloud Pak for Network Automation' (mapped from 'Cloud Pak for Network Automation'), version '1.3'"
PowerVM / VIOS,7.2,PowerVM,blue,no_match,"No match found for product 'PowerVM' (mapped from 'PowerVM / VIOS'), version '7.2'"
TotalStorage Storage Enclosure,nan,TotalStorage Storage Enclosure,blue,no_match,Empty or null version
Container Hosting Foundation for z/OS,nan,Container Hosting Foundation for z/OS,blue,no_match,Empty or null version
Hardware Management Console Application,7.3,Hardware Management Console Application,blue,no_match,"No match found for product 'Hardware Management Console Application' (mapped from 'Hardware Management Console Application'), version '7.3'"
DataStax Enterprise,6.8.31,DataStax Enterprise,green,wildcard,Wildcard match: version '6.8.31' matches pattern '6.x' in 'ibm datastax enterprise'
Storage Fusion HCI Physical Appliance,2.2.0,Storage Fusion HCI Physical Appliance,blue,no_match,"No match found for product 'Storage Fusion HCI Physical Appliance' (mapped from 'Storage Fusion HCI Physical Appliance'), version '2.2.0'"
QRadar EDR SaaS,nan,QRadar EDR SaaS,blue,no_match,Empty or null version
TRIRIGA Suite,11.5.X,TRIRIGA Suite,blue,no_match,"No match found for product 'TRIRIGA Suite' (mapped from 'TRIRIGA Suite'), version '11.5.x'"
Guardium Cryptography Manager,2.0.1,Guardium Cryptography Manager,green,major.minor,Major.minor match: '2.0.1' matches '2.0' in 'ibm guardium cryptography manager'
Tivoli Monitoring Agents,1.0.311,Tivoli Monitoring,blue,no_match,"No match found for product 'Tivoli Monitoring' (mapped from 'Tivoli Monitoring Agents'), version '1.0.311'"
PL/I,"Enterprise PL/I for z/OS, V6.1",IBM Enterprise PL/I for z/OS,blue,no_match,"No match found for product 'IBM Enterprise PL/I for z/OS' (mapped from 'PL/I'), version 'enterprise pl/i for z/os, v6.1'"
SAN Volume Controller,8.1,SAN Volume Controller,blue,no_match,"No match found for product 'SAN Volume Controller' (mapped from 'SAN Volume Controller'), version '8.1'"
Spectrum Virtualize for Storwize V7000,8.2,Spectrum Virtualize for Storwize V7000,blue,no_match,"No match found for product 'Spectrum Virtualize for Storwize V7000' (mapped from 'Spectrum Virtualize for Storwize V7000'), version '8.2'"
IBM Z Security and Compliance Center,V1.2.1,IBM Z Security and Compliance Center,blue,no_match,"No match found for product 'IBM Z Security and Compliance Center' (mapped from 'IBM Z Security and Compliance Center'), version 'v1.2.1'"
Data Domain,nan,Data Domain,blue,no_match,Empty or null version
DataStax Enterprise,6.8.38,DataStax Enterprise,green,wildcard,Wildcard match: version '6.8.38' matches pattern '6.x' in 'ibm datastax enterprise'
Rhapsody,10.0.0,Rhapsody,green,substring,"Substring match: found 'rhapsody' in 'ibm engineering rhapsody', version='10.0.x'"
PowerVM / VIOS,Early Ship Program Only - PowerVM,PowerVM,blue,no_match,"No match found for product 'PowerVM' (mapped from 'PowerVM / VIOS'), version 'early ship program only - powervm'"
IMS Problem Investigator for z/OS,2.5.0,IMS Problem Investigator for z/OS,green,exact,"Exact match: product='ims problem investigator for z/os', version='2.5.0'"
MongoDB Enterprise Advanced,7.0.x,MongoDB Enterprise Advanced,orange,substring,"Substring match: found 'mongodb enterprise advanced' in 'mongodb enterprise advanced with ibm', version='7.0.x'"
Lenovo Base,nan,Lenovo Base,blue,no_match,Empty or null version
zSecure,V2.5.0,IBM Security zSecure Admin,green,wildcard,Wildcard match: version 'v2.5.0' matches pattern '2.5.x' in 'ibm security zsecure admin'
Sterling Gentran Server,Gentran Server for Windows - 5.3.0,Sterling Gentran Server,blue,no_match,"No match found for product 'Sterling Gentran Server' (mapped from 'Sterling Gentran Server'), version 'gentran server for windows - 5.3.0'"
IMS Queue Control Facility for z/OS,3.2.0,IMS Queue Control Facility for z/OS,green,exact,"Exact match: product='ims queue control facility for z/os', version='3.2.0'"
DataPower,10.5.3,DataPower,orange,substring,"Substring match: found 'datapower' in 'ibm datapower gateway x2', version='10.5.x'"
Z Open Automation Utilities,1.1.0 (EOS),Z Open Automation Utilities,red,substring,"Substring match: found 'z open automation utilities' in 'ibm z open automation utilities', version='1.1.x'"
Informix Dynamic Server,IDS 14.10.xC5,IBM Informix Advanced Enterprise Edition,blue,no_match,"No match found for product 'IBM Informix Advanced Enterprise Edition' (mapped from 'Informix Dynamic Server'), version 'ids 14.10.xc5'"
SevOne Network Performance Management,7.2.14,SevOne Network Performance Management,green,major.minor,Major.minor match: '7.2.14' matches '7.2' in 'ibm sevone network performance management'
HourGlass,7.1.0,HourGlass,green,exact,"Exact match: product='hourglass', version='7.1.0'"
Netra,nan,Netra,blue,no_match,Empty or null version
Debug for z/OS,"15.0.x (EOS, 2024-04-30)",Debug for z/OS,red,substring,"Substring match: found 'debug for z/os' in 'ibm debug for z/os', version='15.0.x'"
Concert,2.0.0.2,Concert,blue,no_match,"No match found for product 'Concert' (mapped from 'Concert'), version '2.0.0.2'"
Copy Services Manager,6.3.16.0,Copy Services Manager,green,substring,"Substring match: found 'copy services manager' in 'ibm copy services manager', version='6.3.x'"
Vault Self-Managed,1.13.12,Vault Self-Managed,blue,no_match,"No match found for product 'Vault Self-Managed' (mapped from 'Vault Self-Managed'), version '1.13.12'"
Sterling Connect Direct,C:D FTP+ 1.3,IBM Sterling Connect:Direct for UNIX,blue,no_match,"No match found for product 'IBM Sterling Connect:Direct for UNIX' (mapped from 'Sterling Connect Direct'), version 'c:d ftp+ 1.3'"
API Connect,10.0.9,API Connect,green,substring,"Substring match: found 'api connect' in 'ibm api connect', version='10.0.x'"
Sterling Gentran Director,5.4.0,Sterling Gentran Director,blue,no_match,"No match found for product 'Sterling Gentran Director' (mapped from 'Sterling Gentran Director'), version '5.4.0'"
Copy Services Manager,6.3.6.0,Copy Services Manager,green,substring,"Substring match: found 'copy services manager' in 'ibm copy services manager', version='6.3.x'"
Storwize V3700,nan,Storwize V3700,blue,no_match,Empty or null version
Pliant SaaS,nan,Pliant SaaS,blue,no_match,Empty or null version
Tivoli Network Manager,4.2.0.22 (Build 333),Tivoli Network Manager,red,substring,"Substring match: found 'tivoli network manager' in 'tivoli network manager ip edition', version='4.2.x'"
Verify Identity Governance,V.10.0.2 - Identity Manager (ISIM - Container),Verify Identity Governance,blue,no_match,"No match found for product 'Verify Identity Governance' (mapped from 'Verify Identity Governance'), version 'v.10.0.2 - identity manager (isim - container)'"
WebSphere Liberty,25.0,WebSphere Liberty,blue,no_match,"No match found for product 'WebSphere Liberty' (mapped from 'WebSphere Liberty'), version '25.0'"
Terracotta,10.5,Terracotta,blue,no_match,"No match found for product 'Terracotta' (mapped from 'Terracotta'), version '10.5'"
DataStax Enterprise,5.1.25,DataStax Enterprise,green,major.minor,Major.minor match: '5.1.25' matches '5.1' in 'ibm datastax enterprise'
Terminals for Attractive Customer Experience Client Controller,nan,Terminals for Attractive Customer Experience Client Controller,blue,no_match,Empty or null version
Aspera,3.3.0,Aspera,blue,no_match,"No match found for product 'Aspera' (mapped from 'Aspera'), version '3.3.0'"
QRadar Applications,7.3.0,QRadar Applications,blue,no_match,"No match found for product 'QRadar Applications' (mapped from 'QRadar Applications'), version '7.3.0'"
Cloud Pak for Security,1.11.1.0,Cloud Pak for Security,red,wildcard,Wildcard match: version '1.11.1.0' matches pattern '1.1.x' in 'ibm cloud pak for security'
PTX Series Routers,nan,PTX Series Routers,blue,no_match,Empty or null version
TRIRIGA CAD Integrator/Publisher,14.0.X,TRIRIGA CAD Integrator/Publisher,green,substring,"Substring match: found 'tririga cad integrator/publisher' in 'ibm tririga cad integrator/publisher', version='14.0.x'"
IntelliFlex Storage Appliance Series,nan,IntelliFlex Storage Appliance Series,blue,no_match,Empty or null version
EntireX,10.5,EntireX,blue,no_match,"No match found for product 'EntireX' (mapped from 'EntireX'), version '10.5'"
Sterling Partner Engagement Manager,6.2.0,Sterling Partner Engagement Manager,green,substring,"Substring match: found 'sterling partner engagement manager' in 'ibm sterling partner engagement manager', version='6.2.x'"
Maximo Asset Management,7.6.1.1,Maximo Asset Management,red,major.minor,Major.minor match: '7.6.1.1' matches '7.6.0.x' in 'ibm maximo asset management'
DataStax Enterprise,6.8.21,DataStax Enterprise,green,wildcard,Wildcard match: version '6.8.21' matches pattern '6.x' in 'ibm datastax enterprise'
Storage Protect Plus,10.1.18.0,Storage Protect Plus,green,substring,"Substring match: found 'storage protect plus' in 'ibm storage protect plus', version='10.1.x'"
Storwize V3700,7.5,Storwize V3700,blue,no_match,"No match found for product 'Storwize V3700' (mapped from 'Storwize V3700'), version '7.5'"
SPSS Statistics,28.0.1.0,IBM SPSS Statistics,green,exact,"Exact match: product='ibm spss statistics', version='28.0.x'"
DataStax Enterprise,5.1.49,DataStax Enterprise,green,major.minor,Major.minor match: '5.1.49' matches '5.1' in 'ibm datastax enterprise'
Rational Business Developer,9.5.0,Rational Business Developer,orange,exact,"Exact match: product='rational business developer', version='9.5.x'"
DataPower,nan,DataPower,blue,no_match,Empty or null version
Spectrum Virtualize for FlashSystem 9000 Series,8.7,Spectrum Virtualize for FlashSystem 9000 Series,blue,no_match,"No match found for product 'Spectrum Virtualize for FlashSystem 9000 Series' (mapped from 'Spectrum Virtualize for FlashSystem 9000 Series'), version '8.7'"
Storwize Storage Series,Version Not Listed,Storwize Storage Series,blue,no_match,"No match found for product 'Storwize Storage Series' (mapped from 'Storwize Storage Series'), version 'version not listed'"
Cloud Object Storage,3.16.0.60,Cloud Object Storage,red,substring,"Substring match: found 'cloud object storage' in 'ibm cloud object storage system', version='3.16.x'"
Python AI Toolkit for z/OS,1.13.0,Python AI Toolkit for z/OS,blue,no_match,"No match found for product 'Python AI Toolkit for z/OS' (mapped from 'Python AI Toolkit for z/OS'), version '1.13.0'"
Storage Protect Plus,10.1.16-542,Storage Protect Plus,green,substring,"Substring match: found 'storage protect plus' in 'ibm storage protect plus', version='10.1.x'"
Rhapsody,RMM 7.0.3,Rhapsody,blue,no_match,"No match found for product 'Rhapsody' (mapped from 'Rhapsody'), version 'rmm 7.0.3'"
Power System S824L Server,nan,Power System S824L Server,blue,no_match,Empty or null version
SevOne Network Performance Management,6.8.6,SevOne Network Performance Management,orange,major.minor,Major.minor match: '6.8.6' matches '6.8' in 'ibm sevone network performance management'
Watson AI Services,nan,Watson AI Services,blue,no_match,Empty or null version
Netcool Operations Insights,8.1.0.32,Netcool Operations Insights,blue,no_match,"No match found for product 'Netcool Operations Insights' (mapped from 'Netcool Operations Insights'), version '8.1.0.32'"
CICS Batch Application Control,1.1,CICS Batch Application Control,green,substring,"Substring match: found 'cics batch application control' in 'cics batch application control for z/os', version='1.1.0'"
Terminals for Attractive Customer Experience Scanner,nan,Terminals for Attractive Customer Experience Scanner,blue,no_match,Empty or null version
StorageWorks MSL Series Tape Libraries,nan,StorageWorks MSL Series Tape Libraries,blue,no_match,Empty or null version
Application Delivery Foundation Common Component,1.9.0,Application Delivery Foundation Common Component,blue,no_match,"No match found for product 'Application Delivery Foundation Common Component' (mapped from 'Application Delivery Foundation Common Component'), version '1.9.0'"
Advanced Backup and Recovery for z/OS,2.4.0,Advanced Backup and Recovery for z/OS,green,substring,"Substring match: found 'advanced backup and recovery for z/os' in 'tivoli advanced backup and recovery for z/os', version='2.4.x'"
Spectrum Control,5.4.5.2,Spectrum Control,green,substring,"Substring match: found 'spectrum control' in 'ibm spectrum control', version='5.4.x'"
Key Lifecycle Manager,3.0.1.x,Key Lifecycle Manager,orange,major.minor,Major.minor match: '3.0.1.x' matches '3.0.x' in 'ibm security key lifecycle manager'
VMware ESXi,6.x,VMware ESXi,blue,no_match,"No match found for product 'VMware ESXi' (mapped from 'VMware ESXi'), version '6.x'"
Storage Protect,8.1.17.000,Storage Protect,green,substring,"Substring match: found 'storage protect' in 'ibm storage protect', version='8.1.x'"
Spyre Runtime for IBM Z & IBM LinuxONE,1.1.0,Spyre Runtime for IBM Z & IBM LinuxONE,green,exact,"Exact match: product='spyre runtime for ibm z & ibm linuxone', version='1.1.0'"
DevOps Test Workbench,11.0.0,DevOps Test Workbench,green,substring,"Substring match: found 'devops test workbench' in 'ibm devops test workbench', version='11.0.x'"
Db2 Data Access Common Collector,1.1,Db2 Data Access Common Collector,green,substring,"Substring match: found 'db2 data access common collector' in 'ibm db2 data access common collector for z/os', version='1.1.0'"
QRadar SOAR,51.0.2.2,QRadar SOAR,green,substring,"Substring match: found 'qradar soar' in 'ibm security qradar soar', version='51.0.x'"
Explorer for z/OS,"3.2.x (EOS, 2025-04-30)",Explorer for z/OS,red,substring,"Substring match: found 'explorer for z/os' in 'ibm explorer for z/os', version='3.2.x'"
Storage Protect Plus,10.1.12,Storage Protect Plus,green,substring,"Substring match: found 'storage protect plus' in 'ibm storage protect plus', version='10.1.x'"
Sterling Order Management,9.5 (Extended Support Only),Sterling Order Management,blue,no_match,"No match found for product 'Sterling Order Management' (mapped from 'Sterling Order Management'), version '9.5 (extended support only)'"
Course Generator,nan,Course Generator,blue,no_match,Empty or null version
DataStax Enterprise,6.9.0,DataStax Enterprise,green,wildcard,Wildcard match: version '6.9.0' matches pattern '6.x' in 'ibm datastax enterprise'
Consul Self-Managed,1.22.5,Consul Self-Managed,blue,no_match,"No match found for product 'Consul Self-Managed' (mapped from 'Consul Self-Managed'), version '1.22.5'"
Optim Archive Viewer,nan,Optim Archive Viewer,blue,no_match,Empty or null version
PL/I,"Enterprise PL/I for z/OS Runtime, V3+",IBM Enterprise PL/I for z/OS,blue,no_match,"No match found for product 'IBM Enterprise PL/I for z/OS' (mapped from 'PL/I'), version 'enterprise pl/i for z/os runtime, v3+'"
Robotic Process Automation,23.0.18,IBM Robotic Process Automation,green,exact,"Exact match: product='ibm robotic process automation', version='23.0.x'"
z Development and Test Environment,14.x.x,z Development and Test Environment,green,substring,"Substring match: found 'z development and test environment' in 'ibm z development and test environment', version='14.x.x'"
VMware ESXi,7.x,VMware ESXi,blue,no_match,"No match found for product 'VMware ESXi' (mapped from 'VMware ESXi'), version '7.x'"
Business Automation Manager Open Editions,9.3.0,Business Automation Manager Open Editions,green,wildcard,Wildcard match: version '9.3.0' matches pattern '9.x' in 'ibm business automation manager open editions'
Test Accelerator for Z,1.0.X,Test Accelerator for Z,green,substring,"Substring match: found 'test accelerator for z' in 'ibm test accelerator for z', version='1.0.x'"
Tivoli Composite Application Manager for Transactions,7401,Tivoli Composite Application Manager for Transactions,blue,no_match,"No match found for product 'Tivoli Composite Application Manager for Transactions' (mapped from 'Tivoli Composite Application Manager for Transactions'), version '7401'"
z/OS,CICS TS 6.3,z/OS,blue,no_match,"No match found for product 'z/OS' (mapped from 'z/OS'), version 'cics ts 6.3'"
SevOne Network Performance Management,8.0.1,SevOne Network Performance Management,green,wildcard,Wildcard match: version '8.0.1' matches pattern '8.x' in 'ibm sevone network performance management'
z Workload Scheduler,9.3,z Workload Scheduler,blue,no_match,"No match found for product 'z Workload Scheduler' (mapped from 'z Workload Scheduler'), version '9.3'"
Financial Transaction Manager,3.2.4.0,Financial Transaction Manager,blue,no_match,"No match found for product 'Financial Transaction Manager' (mapped from 'Financial Transaction Manager'), version '3.2.4.0'"
Talent Platform Optimizers,nan,Talent Platform Optimizers,blue,no_match,Empty or null version
Db2 SQL Performance Analyzer for z/OS,5.2,Db2 SQL Performance Analyzer for z/OS,green,exact,"Exact match: product='db2 sql performance analyzer for z/os', version='5.2.0'"
Data Studio,nan,Data Studio,blue,no_match,Empty or null version
Z Software Asset Management,8.1 - (Formerly TADz),Z Software Asset Management,blue,no_match,"No match found for product 'Z Software Asset Management' (mapped from 'Z Software Asset Management'), version '8.1 - (formerly tadz)'"
FlashSystem 7200,Version Not Listed,FlashSystem 7200,blue,no_match,"No match found for product 'FlashSystem 7200' (mapped from 'FlashSystem 7200'), version 'version not listed'"
Storage Sentinel,1.1.10,Storage Sentinel,green,major.minor,Major.minor match: '1.1.10' matches '1.1.4' in 'ibm storage sentinel'
Host Access Client Package,V13.0,Host Access Client Package for Multiplatforms,blue,no_match,"No match found for product 'Host Access Client Package for Multiplatforms' (mapped from 'Host Access Client Package'), version 'v13.0'"
Daeja ViewONE,5.0.14,Daeja ViewONE,green,substring,"Substring match: found 'daeja viewone' in 'ibm daeja viewone virtual', version='5.0.x'"
Rhapsody Systems Engineering,1.7,Rhapsody Systems Engineering,green,wildcard,Wildcard match: version '1.7' matches pattern '1.x' in 'ibm rhapsody systems engineering'
Spectrum Control,5.3.x (out of support),Spectrum Control,red,substring,"Substring match: found 'spectrum control' in 'ibm spectrum control advanced edition', version='5.3.x'"
IMS Library Integrity Utilities for z/OS,2.2.0,IMS Library Integrity Utilities for z/OS,green,exact,"Exact match: product='ims library integrity utilities for z/os', version='2.2.0'"
VMware vSphere,8.x,VMware vSphere,blue,no_match,"No match found for product 'VMware vSphere' (mapped from 'VMware vSphere'), version '8.x'"
Aspera,3.5.5,Aspera,blue,no_match,"No match found for product 'Aspera' (mapped from 'Aspera'), version '3.5.5'"
Cloud Object Storage,3.20.0.69,Cloud Object Storage,blue,no_match,"No match found for product 'Cloud Object Storage' (mapped from 'Cloud Object Storage'), version '3.20.0.69'"
COBOL,"COBOL for AIX, V5.1 (EOS, 4/30/2027)",COBOL,blue,no_match,"No match found for product 'COBOL' (mapped from 'COBOL'), version 'cobol for aix, v5.1'"
Rational Licensing,8.1.4,Rational License Key Server,blue,no_match,"No match found for product 'Rational License Key Server' (mapped from 'Rational Licensing'), version '8.1.4'"
Datacap,9.1.5,Datacap,green,substring,"Substring match: found 'datacap' in 'ibm datacap', version='9.1.x'"
Vault Self-Managed,1.20.8,Vault Self-Managed,blue,no_match,"No match found for product 'Vault Self-Managed' (mapped from 'Vault Self-Managed'), version '1.20.8'"
Aspera,4.1.2,Aspera,red,substring,"Substring match: found 'aspera' in 'aspera', version='4.1.x'"
Unified Key Orchestrator,EKMF Workstation 9.5.3,Unified Key Orchestrator,blue,no_match,"No match found for product 'Unified Key Orchestrator' (mapped from 'Unified Key Orchestrator'), version 'ekmf workstation 9.5.3'"
Rational ClearQuest,9.1.x,Rational ClearQuest,green,substring,"Substring match: found 'rational clearquest' in 'ibm rational clearquest', version='9.1.x'"
Luna DB,4.0.11,Luna DB,blue,no_match,"No match found for product 'Luna DB' (mapped from 'Luna DB'), version '4.0.11'"
DevOps Test Hub,11.0.4,DevOps Test Hub,green,substring,"Substring match: found 'devops test hub' in 'ibm devops test hub', version='11.0.x'"
CICS Transaction Server,CICS Explorer 5.5,CICS Transaction Server for z/OS,blue,no_match,"No match found for product 'CICS Transaction Server for z/OS' (mapped from 'CICS Transaction Server'), version 'cics explorer 5.5'"
Red Hat Enterprise Linux for SAP Solutions,9.x,Red Hat Enterprise Linux for SAP Solutions,blue,no_match,"No match found for product 'Red Hat Enterprise Linux for SAP Solutions' (mapped from 'Red Hat Enterprise Linux for SAP Solutions'), version '9.x'"
Rational Licensing,9.1.0,Rational License Key Server,blue,no_match,"No match found for product 'Rational License Key Server' (mapped from 'Rational Licensing'), version '9.1.0'"
Servers,nan,Servers,blue,no_match,Empty or null version
Storage Fusion,2.2.0,Storage Fusion,blue,no_match,"No match found for product 'Storage Fusion' (mapped from 'Storage Fusion'), version '2.2.0'"
Netcool Operations Insights,1.6.0,Netcool Operations Insights,blue,no_match,"No match found for product 'Netcool Operations Insights' (mapped from 'Netcool Operations Insights'), version '1.6.0'"
Rational Application Developer for WebSphere Software,9.6,Rational Application Developer for WebSphere Software,orange,exact,"Exact match: product='rational application developer for websphere software', version='9.6.x'"
IBM i,nan,IBM i,blue,no_match,Empty or null version
Fluent Bit,nan,Fluent Bit,blue,no_match,Empty or null version
WebSphere Application Server for z/OS,21.x Liberty,WebSphere Application Server for z/OS,blue,no_match,"No match found for product 'WebSphere Application Server for z/OS' (mapped from 'WebSphere Application Server for z/OS'), version '21.x liberty'"
DevOps Deploy,7.3.2.7,DevOps Deploy,blue,no_match,"No match found for product 'DevOps Deploy' (mapped from 'DevOps Deploy'), version '7.3.2.7'"
Informix Dynamic Server,IDS 15.0.1.7,IBM Informix Advanced Enterprise Edition,green,wildcard,Wildcard match: version 'ids 15.0.1.7' matches pattern '15.0.x' in 'ibm informix advanced enterprise edition'
"Db2 Linux, Unix and Windows",10.5,"Db2 Linux, Unix and Windows",blue,no_match,"No match found for product 'Db2 Linux, Unix and Windows' (mapped from 'Db2 Linux, Unix and Windows'), version '10.5'"
Security Verify Privilege Vault,11.7.1,Security Verify Privilege Vault,orange,major.minor,Major.minor match: '11.7.1' matches '11.7.61' in 'ibm security verify privilege vault'
SevOne Network Performance Management,7.1.3,SevOne Network Performance Management,green,major.minor,Major.minor match: '7.1.3' matches '7.1' in 'ibm sevone network performance management'
MobileFirst Quality Assurance,6.0,MobileFirst Quality Assurance,blue,no_match,"No match found for product 'MobileFirst Quality Assurance' (mapped from 'MobileFirst Quality Assurance'), version '6.0'"
DataStax Enterprise,6.9.5,DataStax Enterprise,green,wildcard,Wildcard match: version '6.9.5' matches pattern '6.x' in 'ibm datastax enterprise'
Fiber Service Platform,nan,Fiber Service Platform,blue,no_match,Empty or null version
PowerSC,v2.2.0.0,PowerSC,green,wildcard,Wildcard match: version 'v2.2.0.0' matches pattern '2.2.x' in 'ibm powersc'
SPSS Statistics,27.0.1.0,IBM SPSS Statistics,green,exact,"Exact match: product='ibm spss statistics', version='27.0.x'"
License Metric Tool,9.2.36,License Metric Tool,green,substring,"Substring match: found 'license metric tool' in 'ibm license metric tool', version='9.2.x'"
watsonx Code Assistant,1.9.2,watsonx Code Assistant,blue,no_match,"No match found for product 'watsonx Code Assistant' (mapped from 'watsonx Code Assistant'), version '1.9.2'"
License Metric Tool,9.2.0,License Metric Tool,green,substring,"Substring match: found 'license metric tool' in 'ibm license metric tool', version='9.2.x'"
Planning Analytics Local,3.1.6,Planning Analytics Local,blue,no_match,"No match found for product 'Planning Analytics Local' (mapped from 'Planning Analytics Local'), version '3.1.6'"
T-1000 Series Firewall Appliances,nan,T-1000 Series Firewall Appliances,blue,no_match,Empty or null version
Content Navigator and Content Navigator Mobile App,3.0.8,Content Navigator and Content Navigator Mobile App,blue,no_match,"No match found for product 'Content Navigator and Content Navigator Mobile App' (mapped from 'Content Navigator and Content Navigator Mobile App'), version '3.0.8'"
Engineering Lifecycle Management Base SaaS,7.2.0,Engineering Lifecycle Management Base SaaS,blue,no_match,"No match found for product 'Engineering Lifecycle Management Base SaaS' (mapped from 'Engineering Lifecycle Management Base SaaS'), version '7.2.0'"
SPSS Statistics,28.0.1.1,IBM SPSS Statistics,green,exact,"Exact match: product='ibm spss statistics', version='28.0.x'"
DevOps Deploy,7.3.2.13,DevOps Deploy,blue,no_match,"No match found for product 'DevOps Deploy' (mapped from 'DevOps Deploy'), version '7.3.2.13'"
Maximo for Life Sciences,7.6.1,Maximo for Life Sciences,red,major.minor,Major.minor match: '7.6.1' matches '7.6.0.x' in 'maximo for life sciences'
Data Product Hub,5.2.x,Data Product Hub,blue,no_match,"No match found for product 'Data Product Hub' (mapped from 'Data Product Hub'), version '5.2.x'"
z Workload Scheduler,9.5,z Workload Scheduler,green,substring,"Substring match: found 'z workload scheduler' in 'ibm z workload scheduler', version='9.5.x'"
Beetle Point of Sale System,nan,Beetle Point of Sale System,blue,no_match,Empty or null version
Python for z/OS,"Open Enterprise Python for z/OS, V3.12 (EOS, 4/30/2026)",Python for z/OS,blue,no_match,"No match found for product 'Python for z/OS' (mapped from 'Python for z/OS'), version 'open enterprise python for z/os, v3.12'"
Nomad Self-Managed,1.11.2,Nomad Self-Managed,blue,no_match,"No match found for product 'Nomad Self-Managed' (mapped from 'Nomad Self-Managed'), version '1.11.2'"
DataStax Enterprise,5.1.42,DataStax Enterprise,green,major.minor,Major.minor match: '5.1.42' matches '5.1' in 'ibm datastax enterprise'
Sterling Connect Direct for z/OS,6.0,IBM Sterling Connect:Direct for z/OS,green,substring,"Substring match: found 'ibm sterling connect:direct for z/os' in 'ibm sterling connect:direct for z/os standard edition', version='6.0.x'"
Rational Licensing,8.1.6,Rational License Key Server,blue,no_match,"No match found for product 'Rational License Key Server' (mapped from 'Rational Licensing'), version '8.1.6'"
Cloud Pak for Data,nan,Cloud Pak for Data,blue,no_match,Empty or null version
Netcool Operations Insights,1.6.12,Netcool Operations Insights,blue,no_match,"No match found for product 'Netcool Operations Insights' (mapped from 'Netcool Operations Insights'), version '1.6.12'"
OMEGAMON Performance Management Suite,5.5.0,OMEGAMON Performance Management Suite,red,substring,"Substring match: found 'omegamon performance management suite' in 'ibm omegamon performance management suite for z/os', version='5.5.x'"
Aspera,3.4.0,Aspera,blue,no_match,"No match found for product 'Aspera' (mapped from 'Aspera'), version '3.4.0'"
Vault Self-Managed,1.19.1,Vault Self-Managed,green,substring,"Substring match: found 'vault self-managed' in 'ibm vault self-managed', version='1.19.x'"
Storage Protect for Virtual Environments,8.1.27.0,Storage Protect for Virtual Environments,green,substring,"Substring match: found 'storage protect for virtual environments' in 'ibm storage protect for virtual environments', version='8.1.x'"
Open Enterprise Foundation for z/OS,1.1.x,Open Enterprise Foundation for z/OS,green,substring,"Substring match: found 'open enterprise foundation for z/os' in 'ibm open enterprise foundation for z/os', version='1.1.x'"
Expertise Connect for On Demand Consulting,nan,Expertise Connect for On Demand Consulting,blue,no_match,Empty or null version
SPSS Modeler,18.3.0.0,IBM SPSS Modeler,green,exact,"Exact match: product='ibm spss modeler', version='18.3.x'"
Kubecost Cloud Service,3.1.3,Kubecost Cloud Service,blue,no_match,"No match found for product 'Kubecost Cloud Service' (mapped from 'Kubecost Cloud Service'), version '3.1.3'"
Planning Analytics Local,3.1.7,Planning Analytics Local,blue,no_match,"No match found for product 'Planning Analytics Local' (mapped from 'Planning Analytics Local'), version '3.1.7'"
Terraform Self-Managed,1.0.2,Terraform Self-Managed,blue,no_match,"No match found for product 'Terraform Self-Managed' (mapped from 'Terraform Self-Managed'), version '1.0.2'"
Sterling Transformation Extender,10.0.2,IBM Sterling Transformation Extender,red,exact,"Exact match: product='ibm sterling transformation extender', version='10.0.x'"
Guardium S-TAP for zOS,10.1,IBM Security Guardium S-TAP for Db2 on z/OS,orange,exact,"Exact match: product='ibm security guardium s-tap for db2 on z/os', version='10.1.x'"
Aruba Networking CX Series Switches,nan,Aruba Networking CX Series Switches,blue,no_match,Empty or null version
IBM Java for z/OS,Java 7 64-bit,"IBM 64-bit SDK for z/OS, Java 2 Technology Edition",blue,no_match,"No match found for product 'IBM 64-bit SDK for z/OS, Java 2 Technology Edition' (mapped from 'IBM Java for z/OS'), version 'java 7 64-bit'"
Tivoli System Automation for MultiPlatforms,4.1.0.7,Tivoli System Automation for MultiPlatforms,green,exact,"Exact match: product='tivoli system automation for multiplatforms', version='4.1.x'"
Z Observability Connect,7.1.0,Z Observability Connect,green,substring,"Substring match: found 'z observability connect' in 'ibm z observability connect', version='7.1.x'"
Db2 Performance Solution Pack for z/OS,3.1,Db2 Performance Solution Pack for z/OS,green,exact,"Exact match: product='db2 performance solution pack for z/os', version='3.1.0'"
MQ for z/OS,15.4 (EOS 31 August 2027),MQ for z/OS,blue,no_match,"No match found for product 'MQ for z/OS' (mapped from 'MQ for z/OS'), version '15.4'"
WebSphere Application Server for z/OS,nan,WebSphere Application Server for z/OS,blue,no_match,Empty or null version
Cloud Pak for Security,1.11.5.0,Cloud Pak for Security,green,substring,"Substring match: found 'cloud pak for security' in 'ibm cloud pak for security', version='1.11.x'"
DataStax Enterprise,6.9.17,DataStax Enterprise,green,wildcard,Wildcard match: version '6.9.17' matches pattern '6.x' in 'ibm datastax enterprise'
Aspera,4.4.0,Aspera,green,substring,"Substring match: found 'aspera' in 'aspera', version='4.4.x'"
SevOne Network Performance Management,6.8.13,SevOne Network Performance Management,orange,major.minor,Major.minor match: '6.8.13' matches '6.8' in 'ibm sevone network performance management'
Cloud Pak for Data System,1.0.7.8-IF3,Cloud Pak for Data System,red,substring,"Substring match: found 'cloud pak for data system' in 'ibm cloud pak for data system for federal and finance', version='1.0.x'"
Cloud Object Storage,3.17.0.108,Cloud Object Storage,green,substring,"Substring match: found 'cloud object storage' in 'ibm cloud object storage system', version='3.17.x'"
Sterling Gentran Server,Gentran for z/OS - 6.5.0,Sterling Gentran Server,blue,no_match,"No match found for product 'Sterling Gentran Server' (mapped from 'Sterling Gentran Server'), version 'gentran for z/os - 6.5.0'"
webMethods Business Process Management,12.1,webMethods Business Process Management,blue,no_match,"No match found for product 'webMethods Business Process Management' (mapped from 'webMethods Business Process Management'), version '12.1'"
Sterling Connect Direct,C:D UNIX 4.2 (Unsupported),IBM Sterling Connect:Direct for UNIX,blue,no_match,"No match found for product 'IBM Sterling Connect:Direct for UNIX' (mapped from 'Sterling Connect Direct'), version 'c:d unix 4.2 (unsupported)'"
DataStax Enterprise,5.1.35,DataStax Enterprise,green,major.minor,Major.minor match: '5.1.35' matches '5.1' in 'ibm datastax enterprise'
Storage Protect Plus,10.1.16-135.el8,Storage Protect Plus,green,substring,"Substring match: found 'storage protect plus' in 'ibm storage protect plus', version='10.1.x'"
Cloud Pak for Security,1.10.25.0,Cloud Pak for Security,red,substring,"Substring match: found 'cloud pak for security' in 'ibm cloud pak for security', version='1.10.x'"
Consul Self-Managed,0.2.0,Consul Self-Managed,blue,no_match,"No match found for product 'Consul Self-Managed' (mapped from 'Consul Self-Managed'), version '0.2.0'"
Integrated Analytics Systems,7.5.0,Integrated Analytics Systems,blue,no_match,"No match found for product 'Integrated Analytics Systems' (mapped from 'Integrated Analytics Systems'), version '7.5.0'"
QRadar SIEM,7.5.0.1,IBM Security QRadar SIEM,green,exact,"Exact match: product='ibm security qradar siem', version='7.5.x'"
FileNet Content Manager,nan,FileNet Content Manager,blue,no_match,Empty or null version
Security Verify Privilege,11.0.7,Security Verify Privilege,red,substring,"Substring match: found 'security verify privilege' in 'ibm security verify privilege', version='11.0.7'"
Turbonomic On-Premises,8.12.x,Turbonomic On-Premises,blue,no_match,"No match found for product 'Turbonomic On-Premises' (mapped from 'Turbonomic On-Premises'), version '8.12.x'"
AP Series Wireless LAN Access Points,nan,AP Series Wireless LAN Access Points,blue,no_match,Empty or null version
Spectrum LSF Simulator,nan,Spectrum LSF Simulator,blue,no_match,Empty or null version
Power System Mellanox Switch,nan,Power System Mellanox Switch,blue,no_match,Empty or null version
DataStax Enterprise,6.8.42,DataStax Enterprise,green,wildcard,Wildcard match: version '6.8.42' matches pattern '6.x' in 'ibm datastax enterprise'
Storage Protect,8.1.27.000,Storage Protect,green,substring,"Substring match: found 'storage protect' in 'ibm storage protect', version='8.1.x'"
Nexus 9000 Series Switches,nan,Nexus 9000 Series Switches,blue,no_match,Empty or null version
Tivoli Netcool Configuration Manager,6.4.2.23,Tivoli Netcool Configuration Manager,red,exact,"Exact match: product='tivoli netcool configuration manager', version='6.4.x'"
QRadar SOAR,49.2,QRadar SOAR,blue,no_match,"No match found for product 'QRadar SOAR' (mapped from 'QRadar SOAR'), version '49.2'"
DataStax Enterprise,5.1.26,DataStax Enterprise,green,major.minor,Major.minor match: '5.1.26' matches '5.1' in 'ibm datastax enterprise'
Document Scanners,nan,Document Scanners,blue,no_match,Empty or null version
Datacap,9.1.6,Datacap,green,substring,"Substring match: found 'datacap' in 'ibm datacap', version='9.1.x'"
DataStax Enterprise,6.0.4,DataStax Enterprise,green,wildcard,Wildcard match: version '6.0.4' matches pattern '6.x' in 'ibm datastax enterprise'
Rhapsody,9.0.2,Rhapsody,orange,major.minor,Major.minor match: '9.0.2' matches '9.0.1' in 'ibm engineering systems design rhapsody'
DevOps Deploy,7.3.1.1,DevOps Deploy,blue,no_match,"No match found for product 'DevOps Deploy' (mapped from 'DevOps Deploy'), version '7.3.1.1'"
Planning Analytics Local,2.1.8,Planning Analytics Local,green,substring,"Substring match: found 'planning analytics local' in 'ibm planning analytics local', version='2.1.x'"
BladeCenter Series,nan,BladeCenter Series,blue,no_match,Empty or null version
Cloud Object Storage,3.20.1.59,Cloud Object Storage,blue,no_match,"No match found for product 'Cloud Object Storage' (mapped from 'Cloud Object Storage'), version '3.20.1.59'"
Red Hat Ceph Storage,4.x,Red Hat Ceph Storage,blue,no_match,"No match found for product 'Red Hat Ceph Storage' (mapped from 'Red Hat Ceph Storage'), version '4.x'"
CICS VSAM Recovery,nan,CICS VSAM Recovery,blue,no_match,Empty or null version
Storage Protect Plus,10.1.17 - ifix1,Storage Protect Plus,green,substring,"Substring match: found 'storage protect plus' in 'ibm storage protect plus', version='10.1.x'"
Supercomputer,nan,Supercomputer,blue,no_match,Empty or null version
Informix Dynamic Server,IDS 12.10.xC13,IBM Informix Advanced Enterprise Edition,blue,no_match,"No match found for product 'IBM Informix Advanced Enterprise Edition' (mapped from 'Informix Dynamic Server'), version 'ids 12.10.xc13'"
TRIRIGA Applications,11.4.X,TRIRIGA Applications,blue,no_match,"No match found for product 'TRIRIGA Applications' (mapped from 'TRIRIGA Applications'), version '11.4.x'"
Cloud Object Storage,3.16.0.55,Cloud Object Storage,red,substring,"Substring match: found 'cloud object storage' in 'ibm cloud object storage system', version='3.16.x'"
IMS Tools Base for z/OS,1.8.0,IMS Tools Base for z/OS,green,exact,"Exact match: product='ims tools base for z/os', version='1.8.x'"
Content Navigator and Content Navigator Mobile App,3.0.4,Content Navigator and Content Navigator Mobile App,blue,no_match,"No match found for product 'Content Navigator and Content Navigator Mobile App' (mapped from 'Content Navigator and Content Navigator Mobile App'), version '3.0.4'"
"ACF/VTAM (VM,VSE)",4.2.0 zVM,"ACF/VTAM (VM,VSE)",blue,no_match,"No match found for product 'ACF/VTAM (VM,VSE)' (mapped from 'ACF/VTAM (VM,VSE)'), version '4.2.0 zvm'"
ThinkStation,nan,ThinkStation,blue,no_match,Empty or null version
Mac Pro,nan,Mac Pro,blue,no_match,Empty or null version
Cloud Object Storage,3.17.4.79,Cloud Object Storage,green,substring,"Substring match: found 'cloud object storage' in 'ibm cloud object storage system', version='3.17.x'"
Application Support Facility,34E (Out of Support - Service Extension Required),Application Support Facility,blue,no_match,"No match found for product 'Application Support Facility' (mapped from 'Application Support Facility'), version '34e (out of support - service extension required)'"
Storage Protect Plus,10.1.16 Build: 502,Storage Protect Plus,green,substring,"Substring match: found 'storage protect plus' in 'ibm storage protect plus', version='10.1.x'"
DevOps Model RealTime,12.1.6,DevOps Model RealTime,green,substring,"Substring match: found 'devops model realtime' in 'ibm devops model realtime', version='12.1.x'"
Screen Definition Facility II,1.4.0,Screen Definition Facility II,green,exact,"Exact match: product='screen definition facility ii', version='1.4.x'"
Spectrum Virtualize for Storwize V7000,8.4,Spectrum Virtualize for Storwize V7000,blue,no_match,"No match found for product 'Spectrum Virtualize for Storwize V7000' (mapped from 'Spectrum Virtualize for Storwize V7000'), version '8.4'"
Developer for z/OS HLL/WB,16.0.x,Developer for z/OS HLL/WB,green,substring,"Substring match: found 'developer for z/os hll/wb' in 'ibm developer for z/os hll/wb edition', version='16.0.x'"
IMS,15.1 (EOS),IMS,blue,no_match,"No match found for product 'IMS' (mapped from 'IMS'), version '15.1'"
Watson Explorer,12.0.3.8,Watson Explorer,red,major.minor,Major.minor match: '12.0.3.8' matches '12.0.0 - 12.0.2' in 'ibm watson explorer'
Informix Tools and Connectivity,Informix HQ,IBM Informix Advanced Enterprise Edition,blue,no_match,"No match found for product 'IBM Informix Advanced Enterprise Edition' (mapped from 'Informix Tools and Connectivity'), version 'informix hq'"
Wireless Controller,nan,Wireless Controller,blue,no_match,Empty or null version
Storwize V7000,8.1,Storwize V7000,blue,no_match,"No match found for product 'Storwize V7000' (mapped from 'Storwize V7000'), version '8.1'"
InfoSphere Information Server: BigIntegrate and BigQuality (BIBQ),11.7.1,InfoSphere Information Server: BigIntegrate and BigQuality (BIBQ),blue,no_match,"No match found for product 'InfoSphere Information Server: BigIntegrate and BigQuality (BIBQ)' (mapped from 'InfoSphere Information Server: BigIntegrate and BigQuality (BIBQ)'), version '11.7.1'"
webMethods B2B,nan,webMethods B2B,blue,no_match,Empty or null version
WebSphere Application Server,25.0.0,WebSphere Application Server,red,wildcard,Wildcard match: version '25.0.0' matches pattern '5.0.x' in 'websphere application server'
Db2 Accessories Suite,421,Db2 Accessories Suite,blue,no_match,"No match found for product 'Db2 Accessories Suite' (mapped from 'Db2 Accessories Suite'), version '421'"
Tivoli Application Dependency Discovery Manager,722,Tivoli Application Dependency Discovery Manager,blue,no_match,"No match found for product 'Tivoli Application Dependency Discovery Manager' (mapped from 'Tivoli Application Dependency Discovery Manager'), version '722'"
Power System 595 Server,nan,Power System 595 Server,blue,no_match,Empty or null version
Informix Dynamic Server,IDS 14.10.xC9,IBM Informix Advanced Enterprise Edition,blue,no_match,"No match found for product 'IBM Informix Advanced Enterprise Edition' (mapped from 'Informix Dynamic Server'), version 'ids 14.10.xc9'"
Vault Self-Managed,1.12.3,Vault Self-Managed,blue,no_match,"No match found for product 'Vault Self-Managed' (mapped from 'Vault Self-Managed'), version '1.12.3'"
Advanced Audit DFSMShsm,1.1.0,Advanced Audit DFSMShsm,blue,no_match,"No match found for product 'Advanced Audit DFSMShsm' (mapped from 'Advanced Audit DFSMShsm'), version '1.1.0'"
Library Support for Struts,1.3,Library Support for Struts,green,substring,"Substring match: found 'library support for struts' in 'ibm library support for struts', version='1.3.x'"
Db2 Object Comparison Tool for z/OS,13.1,Db2 Object Comparison Tool for z/OS,blue,no_match,"No match found for product 'Db2 Object Comparison Tool for z/OS' (mapped from 'Db2 Object Comparison Tool for z/OS'), version '13.1'"
Apache Cassandra,3.11.10,Apache Cassandra,blue,no_match,"No match found for product 'Apache Cassandra' (mapped from 'Apache Cassandra'), version '3.11.10'"
Aspera,4.2.0,Aspera,red,substring,"Substring match: found 'aspera' in 'aspera', version='4.2.x'"
Terraform Self-Managed,1.15.0,Terraform Self-Managed,blue,no_match,"No match found for product 'Terraform Self-Managed' (mapped from 'Terraform Self-Managed'), version '1.15.0'"
Z OMEGAMON AI for CICS,5.5.0,Z OMEGAMON AI for CICS,blue,no_match,"No match found for product 'Z OMEGAMON AI for CICS' (mapped from 'Z OMEGAMON AI for CICS'), version '5.5.0'"
Network Switches,nan,Network Switches,blue,no_match,Empty or null version
Workload Automation,9.4 - on prem,Workload Automation,blue,no_match,"No match found for product 'Workload Automation' (mapped from 'Workload Automation'), version '9.4 - on prem'"
Application Discovery and Delivery Intelligence,6.1.1,Application Discovery and Delivery Intelligence,green,substring,"Substring match: found 'application discovery and delivery intelligence' in 'ibm application discovery and delivery intelligence for ibm z', version='6.1.x'"
Quantum Safe Remediator,1.1,Quantum Safe Remediator,green,substring,"Substring match: found 'quantum safe remediator' in 'ibm quantum safe remediator', version='1.1.x'"
OMEGAMON for z/OS Management Suite,6.3,OMEGAMON for z/OS Management Suite,blue,no_match,"No match found for product 'OMEGAMON for z/OS Management Suite' (mapped from 'OMEGAMON for z/OS Management Suite'), version '6.3'"
Db2 Automation Tool for z/OS,4.3,Db2 Automation Tool for z/OS,green,substring,"Substring match: found 'db2 automation tool for z/os' in 'ibm db2 automation tool for z/os', version='4.3.0'"
Z IntelliMagic Vision,1.2.0.5,Z IntelliMagic Vision,green,major.minor,Major.minor match: '1.2.0.5' matches '1.2.0.0' in 'ibm z intellimagic vision'
Storage Protect Plus,Version 10.1.13 Build: 209,Storage Protect Plus,green,wildcard,Wildcard match: version 'version 10.1.13 build: 209' matches pattern '10.1.x' in 'ibm storage protect plus'
DataStax Mission Control,1.8.2,DataStax Mission Control,blue,no_match,"No match found for product 'DataStax Mission Control' (mapped from 'DataStax Mission Control'), version '1.8.2'"
z/OS,"Enterprise COBOL for z/OS, V6.1 (EOS, 09/30/2022)",z/OS,blue,no_match,"No match found for product 'z/OS' (mapped from 'z/OS'), version 'enterprise cobol for z/os, v6.1'"
Nomad Self-Managed,1.5.14,Nomad Self-Managed,blue,no_match,"No match found for product 'Nomad Self-Managed' (mapped from 'Nomad Self-Managed'), version '1.5.14'"
QRadar SOAR,51.0.10,QRadar SOAR,green,substring,"Substring match: found 'qradar soar' in 'ibm security qradar soar', version='51.0.x'"
TPF,z/TPF Development 1.0,TPF,blue,no_match,"No match found for product 'TPF' (mapped from 'TPF'), version 'z/tpf development 1.0'"
Power System 795 Server,nan,Power System 795 Server,blue,no_match,Empty or null version
watsonx BI,1.0,watsonx BI,green,substring,"Substring match: found 'watsonx bi' in 'ibm watsonx bi', version='1.0'"
EDB Enterprise Postgres,13,EDB Enterprise Postgres,blue,no_match,"No match found for product 'EDB Enterprise Postgres' (mapped from 'EDB Enterprise Postgres'), version '13'"
Z Virtual Test Platform,2.0.x,Z Virtual Test Platform,orange,substring,"Substring match: found 'z virtual test platform' in 'ibm z virtual test platform', version='2.0.x'"
Hardware Management Console Application,V8 R8  Virtual Appliance,Hardware Management Console Application,blue,no_match,"No match found for product 'Hardware Management Console Application' (mapped from 'Hardware Management Console Application'), version 'v8 r8  virtual appliance'"
Netcool/Impact,7.1.0.27,Netcool/Impact,red,exact,"Exact match: product='netcool/impact', version='7.1.x'"
GSS (GPFS Storage Server),5.0.1 Spectrum Scale RAID for x86 GPFS Storage Server (Lenovo) [EOS 4/30/2022],GSS (GPFS Storage Server),blue,no_match,"No match found for product 'GSS (GPFS Storage Server)' (mapped from 'GSS (GPFS Storage Server)'), version '5.0.1 spectrum scale raid for x86 gpfs storage server (lenovo) [eos 4/30/2022]'"
webMethods Hybrid Integration,11.2,webMethods Hybrid Integration,blue,no_match,"No match found for product 'webMethods Hybrid Integration' (mapped from 'webMethods Hybrid Integration'), version '11.2'"
Tape Drives,nan,Tape Drives,blue,no_match,Empty or null version
Copy Services Manager,6.3.12.1,Copy Services Manager,green,substring,"Substring match: found 'copy services manager' in 'ibm copy services manager', version='6.3.x'"
Sterling Connect Direct,C:D Web Services 6.2,IBM Sterling Connect:Direct for UNIX,blue,no_match,"No match found for product 'IBM Sterling Connect:Direct for UNIX' (mapped from 'Sterling Connect Direct'), version 'c:d web services 6.2'"
IMS Enterprise Suite,3.1.1,IMS Enterprise Suite,blue,no_match,"No match found for product 'IMS Enterprise Suite' (mapped from 'IMS Enterprise Suite'), version '3.1.1'"
Hardware Management Console Application,7.2.3,Hardware Management Console Application,blue,no_match,"No match found for product 'Hardware Management Console Application' (mapped from 'Hardware Management Console Application'), version '7.2.3'"
Network Management,nan,Network Management,blue,no_match,Empty or null version
Developer for z/OS HLL/WB,17.0.x,Developer for z/OS HLL/WB,green,substring,"Substring match: found 'developer for z/os hll/wb' in 'ibm developer for z/os hll/wb edition', version='17.0.x'"
Db2 Connect,v11.5 GA,DB2 Connect Enterprise Edition,blue,no_match,"No match found for product 'DB2 Connect Enterprise Edition' (mapped from 'Db2 Connect'), version 'v11.5 ga'"
Copy Services Manager,6.3.2.0,Copy Services Manager,green,substring,"Substring match: found 'copy services manager' in 'ibm copy services manager', version='6.3.x'"
SPSS Collaboration & Deployment Services,8.4.0.0,SPSS Collaboration & Deployment Services,blue,no_match,"No match found for product 'SPSS Collaboration & Deployment Services' (mapped from 'SPSS Collaboration & Deployment Services'), version '8.4.0.0'"
Storage Protect Plus,10.1.17 build: 271,Storage Protect Plus,green,substring,"Substring match: found 'storage protect plus' in 'ibm storage protect plus', version='10.1.x'"
Terminals for Attractive Customer Experience Keypad,nan,Terminals for Attractive Customer Experience Keypad,blue,no_match,Empty or null version
SPSS Collaboration & Deployment Services,8.6.0.0,SPSS Collaboration & Deployment Services,blue,no_match,"No match found for product 'SPSS Collaboration & Deployment Services' (mapped from 'SPSS Collaboration & Deployment Services'), version '8.6.0.0'"
webMethods B2B,10.7,webMethods B2B,blue,no_match,"No match found for product 'webMethods B2B' (mapped from 'webMethods B2B'), version '10.7'"
OpenPages,9.0.0.3,OpenPages,green,substring,"Substring match: found 'openpages' in 'ibm openpages', version='9.0.x'"
Storage Protect Plus,10.1.18 Build: 339,Storage Protect Plus,green,substring,"Substring match: found 'storage protect plus' in 'ibm storage protect plus', version='10.1.x'"
EDB Enterprise Postgres,14,EDB Enterprise Postgres,blue,no_match,"No match found for product 'EDB Enterprise Postgres' (mapped from 'EDB Enterprise Postgres'), version '14'"
Content Manager OnDemand,7.4,Content Manager OnDemand,blue,no_match,"No match found for product 'Content Manager OnDemand' (mapped from 'Content Manager OnDemand'), version '7.4'"
Reliable Scalable Cluster Technology (RSCT),RSCT v3.1.1,Reliable Scalable Cluster Technology (RSCT),blue,no_match,"No match found for product 'Reliable Scalable Cluster Technology (RSCT)' (mapped from 'Reliable Scalable Cluster Technology (RSCT)'), version 'rsct v3.1.1'"
PIX,nan,PIX,blue,no_match,Empty or null version
MQ Appliance,9.3 CD,MQ Appliance,blue,no_match,"No match found for product 'MQ Appliance' (mapped from 'MQ Appliance'), version '9.3 cd'"
ProLiant XL Series Servers,nan,ProLiant XL Series Servers,blue,no_match,Empty or null version
WebSphere Application Server for z/OS,24.x Liberty,WebSphere Application Server for z/OS,blue,no_match,"No match found for product 'WebSphere Application Server for z/OS' (mapped from 'WebSphere Application Server for z/OS'), version '24.x liberty'"
webMethods Business Process Management,10.7,webMethods Business Process Management,blue,no_match,"No match found for product 'webMethods Business Process Management' (mapped from 'webMethods Business Process Management'), version '10.7'"
Netcool/OMNIbus,8.1.0.18,Netcool/OMNIbus,red,exact,"Exact match: product='netcool/omnibus', version='8.1.x'"
Cloud Pak for Data,5.0.1,Cloud Pak for Data,green,wildcard,Wildcard match: version '5.0.1' matches pattern '5.x.x' in 'ibm cloud pak for data'
Advanced Reporting for DFSMShsm,2.6.0,Advanced Reporting for DFSMShsm,blue,no_match,"No match found for product 'Advanced Reporting for DFSMShsm' (mapped from 'Advanced Reporting for DFSMShsm'), version '2.6.0'"
Storage Protect Plus,10.1.17-152,Storage Protect Plus,green,substring,"Substring match: found 'storage protect plus' in 'ibm storage protect plus', version='10.1.x'"
QRadar SOAR,51.0.6.1,QRadar SOAR,green,substring,"Substring match: found 'qradar soar' in 'ibm security qradar soar', version='51.0.x'"
Guardium Insights,3.2.6,Guardium Insights,blue,no_match,"No match found for product 'Guardium Insights' (mapped from 'Guardium Insights'), version '3.2.6'"
Jazz for Service Management DASH / TIP,3.1.3.23,Jazz for Service Management DASH / TIP,blue,no_match,"No match found for product 'Jazz for Service Management DASH / TIP' (mapped from 'Jazz for Service Management DASH / TIP'), version '3.1.3.23'"
WebSphere Application Server,8.5.x ND on IBM i,WebSphere Application Server,green,exact,"Exact match: product='websphere application server', version='8.5.x'"
Netcool/Impact,7.1.0.31,Netcool/Impact,red,exact,"Exact match: product='netcool/impact', version='7.1.x'"
z/OS,9.3,z/OS,blue,no_match,"No match found for product 'z/OS' (mapped from 'z/OS'), version '9.3'"
Explorer for z/OS,3.3.x,Explorer for z/OS,green,substring,"Substring match: found 'explorer for z/os' in 'ibm explorer for z/os', version='3.3.x'"
Informix Dynamic Server,IDS 15.0.1.6,IBM Informix Advanced Enterprise Edition,green,wildcard,Wildcard match: version 'ids 15.0.1.6' matches pattern '15.0.x' in 'ibm informix advanced enterprise edition'
Exadata,nan,Exadata,blue,no_match,Empty or null version
Master Data Management CE,11.6,Master Data Management CE,blue,no_match,"No match found for product 'Master Data Management CE' (mapped from 'Master Data Management CE'), version '11.6'"
IMS Connect Extensions for z/OS,3.1.0,IMS Connect Extensions for z/OS,green,exact,"Exact match: product='ims connect extensions for z/os', version='3.1.0'"
Synergy Series Frames,nan,Synergy Series Frames,blue,no_match,Empty or null version
USB Port Hub,nan,USB Port Hub,blue,no_match,Empty or null version
Cloud Object Storage,3.16.5.71,Cloud Object Storage,red,substring,"Substring match: found 'cloud object storage' in 'ibm cloud object storage system', version='3.16.x'"
DataStax Enterprise,5.1.41,DataStax Enterprise,green,major.minor,Major.minor match: '5.1.41' matches '5.1' in 'ibm datastax enterprise'
Cloud Pak for Data System,1.0.7.8-IF1,Cloud Pak for Data System,red,substring,"Substring match: found 'cloud pak for data system' in 'ibm cloud pak for data system for federal and finance', version='1.0.x'"
Identity Manager,V.6.0,Identity Manager,blue,no_match,"No match found for product 'Identity Manager' (mapped from 'Identity Manager'), version 'v.6.0'"
QRadar Applications,7.5.0.8,QRadar Applications,blue,no_match,"No match found for product 'QRadar Applications' (mapped from 'QRadar Applications'), version '7.5.0.8'"
Copy Services Manager,6.2.5,Copy Services Manager,green,substring,"Substring match: found 'copy services manager' in 'ibm copy services manager', version='6.2.x'"
Spectrum Control,5.4.9,Spectrum Control,green,substring,"Substring match: found 'spectrum control' in 'ibm spectrum control', version='5.4.x'"
VNX Series,nan,VNX Series,blue,no_match,Empty or null version
ACE,nan,ACE,blue,no_match,Empty or null version
Content Manager OnDemand,7.6,Content Manager OnDemand,blue,no_match,"No match found for product 'Content Manager OnDemand' (mapped from 'Content Manager OnDemand'), version '7.6'"
HashiCorp Boundary Self-Managed,0.20.1,HashiCorp Boundary Self-Managed,blue,no_match,"No match found for product 'HashiCorp Boundary Self-Managed' (mapped from 'HashiCorp Boundary Self-Managed'), version '0.20.1'"
OMEGAMON for z/OS Management Suite,5.5.0,OMEGAMON for z/OS Management Suite,red,substring,"Substring match: found 'omegamon for z/os management suite' in 'ibm omegamon for z/os management suite', version='5.5.0'"
Master Data Management CE,11.5,Master Data Management CE,blue,no_match,"No match found for product 'Master Data Management CE' (mapped from 'Master Data Management CE'), version '11.5'"
NetEngine AR Series Routers,nan,NetEngine AR Series Routers,blue,no_match,Empty or null version
Integration Designer,24.0.0,Integration Designer,green,substring,"Substring match: found 'integration designer' in 'ibm integration designer', version='24.0.x'"
Storage Scale System Software,Storage Scale System Software Data Access Edition 5.1.9,Storage Scale System Software,blue,no_match,"No match found for product 'Storage Scale System Software' (mapped from 'Storage Scale System Software'), version 'storage scale system software data access edition 5.1.9'"
Consul Self-Managed,0.1.0,Consul Self-Managed,blue,no_match,"No match found for product 'Consul Self-Managed' (mapped from 'Consul Self-Managed'), version '0.1.0'"
Storage Copy Data Management,2.2.26,Storage Copy Data Management,green,substring,"Substring match: found 'storage copy data management' in 'ibm storage copy data management', version='2.2.x'"
Python for z/OS,"Open Enterprise Python for z/OS, V3.13",Python for z/OS,blue,no_match,"No match found for product 'Python for z/OS' (mapped from 'Python for z/OS'), version 'open enterprise python for z/os, v3.13'"
Storage Protect,8.1.14.000,Storage Protect,green,substring,"Substring match: found 'storage protect' in 'ibm storage protect', version='8.1.x'"
Reliable Scalable Cluster Technology (RSCT),RSCT v3.2.4,Reliable Scalable Cluster Technology (RSCT),blue,no_match,"No match found for product 'Reliable Scalable Cluster Technology (RSCT)' (mapped from 'Reliable Scalable Cluster Technology (RSCT)'), version 'rsct v3.2.4'"
Sterling B2B Integrator,6.0.3 (not supported),IBM Sterling B2B Integrator,red,exact,"Exact match: product='ibm sterling b2b integrator', version='6.0.x'"
USB Keyboard,nan,USB Keyboard,blue,no_match,Empty or null version
ILOG CPLEX Optimization Studio,Other,ILOG CPLEX Optimization Studio,blue,no_match,"No match found for product 'ILOG CPLEX Optimization Studio' (mapped from 'ILOG CPLEX Optimization Studio'), version 'other'"
Tivoli Composite Application Manager for Transactions,7402,Tivoli Composite Application Manager for Transactions,blue,no_match,"No match found for product 'Tivoli Composite Application Manager for Transactions' (mapped from 'Tivoli Composite Application Manager for Transactions'), version '7402'"
Db2 Web Query for i,2.4.0,Db2 Web Query for i,green,exact,"Exact match: product='db2 web query for i', version='2.4.0'"
Financial Transaction Manager,3.2.4.9,Financial Transaction Manager,blue,no_match,"No match found for product 'Financial Transaction Manager' (mapped from 'Financial Transaction Manager'), version '3.2.4.9'"
z/VM Agent for TDMF z/OS,V5.11,z/VM Agent for TDMF z/OS,blue,no_match,"No match found for product 'z/VM Agent for TDMF z/OS' (mapped from 'z/VM Agent for TDMF z/OS'), version 'v5.11'"
Netcool/Impact,7.1.0.23,Netcool/Impact,red,exact,"Exact match: product='netcool/impact', version='7.1.x'"
QRadar Appliance Hardware,7.5.0.0,QRadar Appliance Hardware,blue,no_match,"No match found for product 'QRadar Appliance Hardware' (mapped from 'QRadar Appliance Hardware'), version '7.5.0.0'"
CICS Transaction Server,CICS TS 5.2 - (EOS 31 Dec 2020),CICS Transaction Server for z/OS,blue,no_match,"No match found for product 'CICS Transaction Server for z/OS' (mapped from 'CICS Transaction Server'), version 'cics ts 5.2 -'"
Storage Protect Plus,10.1.16 BUILD 607,Storage Protect Plus,green,substring,"Substring match: found 'storage protect plus' in 'ibm storage protect plus', version='10.1.x'"
Jazz for Service Management DASH / TIP,3.1.3.13,Jazz for Service Management DASH / TIP,blue,no_match,"No match found for product 'Jazz for Service Management DASH / TIP' (mapped from 'Jazz for Service Management DASH / TIP'), version '3.1.3.13'"
HashiCorp Marketplace SaaS,nan,HashiCorp Marketplace SaaS,blue,no_match,Empty or null version
Test Partner Ecosystem Support,nan,Test Partner Ecosystem Support,blue,no_match,Empty or null version
G820 Series SAN Switches,nan,G820 Series SAN Switches,blue,no_match,Empty or null version
Maximo Asset Management,7.6.0,Maximo Asset Management,red,major.minor,Major.minor match: '7.6.0' matches '7.6.0.x' in 'ibm maximo asset management'
Host Access Client Package,nan,Host Access Client Package for Multiplatforms,blue,no_match,Empty or null version
Watson Explorer,12.0.3.20,Watson Explorer,red,major.minor,Major.minor match: '12.0.3.20' matches '12.0.0 - 12.0.2' in 'ibm watson explorer'
Sterling Connect Direct,nan,IBM Sterling Connect:Direct for UNIX,blue,no_match,Empty or null version
Consul Self-Managed,1.18.7+ent,Consul Self-Managed,green,substring,"Substring match: found 'consul self-managed' in 'ibm consul self-managed', version='1.18.x'"
PowerLE2U Next,nan,PowerLE2U Next,blue,no_match,Empty or null version
Sterling Secure Proxy,6.2.1,Sterling Secure Proxy,green,substring,"Substring match: found 'sterling secure proxy' in 'ibm sterling secure proxy', version='6.2.x'"
Sterling Connect Direct for z/OS,6.1,IBM Sterling Connect:Direct for z/OS,green,substring,"Substring match: found 'ibm sterling connect:direct for z/os' in 'ibm sterling connect:direct for z/os standard edition', version='6.1.x'"
Maximo Application Suite,nan,Maximo Application Suite,blue,no_match,Empty or null version
Terraform Self-Managed,202501-1,Terraform Self-Managed,green,wildcard,Wildcard match: version '202501-1' matches pattern '2.x.x' in 'ibm terraform self-managed'
Sterling File Gateway,6.1.1,IBM Sterling File Gateway,green,substring,"Substring match: found 'ibm sterling file gateway' in 'ibm sterling file gateway', version='6.1.x'"
Communication Server,7.0.0,Communication Server,blue,no_match,"No match found for product 'Communication Server' (mapped from 'Communication Server'), version '7.0.0'"
DataStax Enterprise,6.8.52,DataStax Enterprise,green,wildcard,Wildcard match: version '6.8.52' matches pattern '6.x' in 'ibm datastax enterprise'
Watson Explorer,12.0.3.19,Watson Explorer,red,major.minor,Major.minor match: '12.0.3.19' matches '12.0.0 - 12.0.2' in 'ibm watson explorer'
IMS Enterprise Suite,3.2.0,IMS Enterprise Suite,green,substring,"Substring match: found 'ims enterprise suite' in 'ibm ims enterprise suite for z/os', version='3.2.x'"
ProLiant BL Series P-Class Servers Blades,nan,ProLiant BL Series P-Class Servers Blades,blue,no_match,Empty or null version
Vault Self-Managed,1.14.0,Vault Self-Managed,blue,no_match,"No match found for product 'Vault Self-Managed' (mapped from 'Vault Self-Managed'), version '1.14.0'"
x86 Servers,nan,x86 Servers,blue,no_match,Empty or null version
Storage Protect,8.1.4.0,Storage Protect,green,substring,"Substring match: found 'storage protect' in 'ibm storage protect', version='8.1.x'"
TRIRIGA Platform,nan,TRIRIGA Platform,blue,no_match,Empty or null version
Operational Decision Manager,8.10.x,Operational Decision Manager,orange,substring,"Substring match: found 'operational decision manager' in 'ibm operational decision manager for z/os', version='8.10.x'"
Tivoli Composite Application Manager for Application Diagnostics,710,Tivoli Composite Application Manager for Application Diagnostics,blue,no_match,"No match found for product 'Tivoli Composite Application Manager for Application Diagnostics' (mapped from 'Tivoli Composite Application Manager for Application Diagnostics'), version '710'"
Tivoli Network Manager,4.2.0.0 (build 11),Tivoli Network Manager,red,substring,"Substring match: found 'tivoli network manager' in 'tivoli network manager ip edition', version='4.2.x'"
SAN Volume Controller,8.2,SAN Volume Controller,blue,no_match,"No match found for product 'SAN Volume Controller' (mapped from 'SAN Volume Controller'), version '8.2'"
Matrix Printer,nan,Matrix Printer,blue,no_match,Empty or null version
ServerProtect,nan,ServerProtect,blue,no_match,Empty or null version
Enterprise Content Management System Monitor,5.6,Enterprise Content Management System Monitor,green,exact,"Exact match: product='enterprise content management system monitor', version='5.6.x'"
SQL Data Insights Pro,nan,SQL Data Insights Pro,blue,no_match,Empty or null version
Ons,nan,Ons,blue,no_match,Empty or null version
Maximo Anywhere,7.6.4,Maximo Anywhere,green,exact,"Exact match: product='maximo anywhere', version='7.6.4'"
DataStax Enterprise,6.8.19,DataStax Enterprise,green,wildcard,Wildcard match: version '6.8.19' matches pattern '6.x' in 'ibm datastax enterprise'
Apache Cassandra,5.0.0,Apache Cassandra,blue,no_match,"No match found for product 'Apache Cassandra' (mapped from 'Apache Cassandra'), version '5.0.0'"
Netcool Operations Insights,1.6.6,Netcool Operations Insights,blue,no_match,"No match found for product 'Netcool Operations Insights' (mapped from 'Netcool Operations Insights'), version '1.6.6'"
Cloud Pak for Security,1.11.0.0,Cloud Pak for Security,green,substring,"Substring match: found 'cloud pak for security' in 'ibm cloud pak for security', version='1.11.x'"
Content Integrator,nan,Content Integrator,blue,no_match,Empty or null version
Jazz for Service Management DASH / TIP,3.1.3.2,Jazz for Service Management DASH / TIP,blue,no_match,"No match found for product 'Jazz for Service Management DASH / TIP' (mapped from 'Jazz for Service Management DASH / TIP'), version '3.1.3.2'"
Cloud Object Storage,3.19.0.70,Cloud Object Storage,blue,no_match,"No match found for product 'Cloud Object Storage' (mapped from 'Cloud Object Storage'), version '3.19.0.70'"
WebSphere Liberty Core,19.x Liberty,WebSphere Application Server Liberty Core,blue,no_match,"No match found for product 'WebSphere Application Server Liberty Core' (mapped from 'WebSphere Liberty Core'), version '19.x liberty'"
Engineering Test Management,7.2.0,Engineering Test Management,green,substring,"Substring match: found 'engineering test management' in 'ibm engineering test management', version='7.2.0'"
Unified Key Orchestrator,Other features,Unified Key Orchestrator,blue,no_match,"No match found for product 'Unified Key Orchestrator' (mapped from 'Unified Key Orchestrator'), version 'other features'"
Cloudera Data Platform Private Cloud,7.3.2,Cloudera Data Platform Private Cloud,green,major.minor,Major.minor match: '7.3.2' matches '7.3.1' in 'cloudera data platform private cloud base with ibm'
DevOps Deploy,7.3.2.18,DevOps Deploy,blue,no_match,"No match found for product 'DevOps Deploy' (mapped from 'DevOps Deploy'), version '7.3.2.18'"
Storage Protect,8.1.17.2,Storage Protect,green,substring,"Substring match: found 'storage protect' in 'ibm storage protect', version='8.1.x'"
CL/SuperSession,2.5.0,CL/SuperSession,blue,no_match,"No match found for product 'CL/SuperSession' (mapped from 'CL/SuperSession'), version '2.5.0'"
One540 Series Access Routers,nan,One540 Series Access Routers,blue,no_match,Empty or null version
Cloud Pak for Integration,nan,Cloud Pak for Integration,blue,no_match,Empty or null version
SevOne Network Performance Management,6.8.10,SevOne Network Performance Management,orange,major.minor,Major.minor match: '6.8.10' matches '6.8' in 'ibm sevone network performance management'
IMS Enterprise Suite,3.4.0,IMS Enterprise Suite,green,substring,"Substring match: found 'ims enterprise suite' in 'ibm ims enterprise suite for z/os', version='3.4.x'"
Daeja ViewONE,5.6.0,Daeja ViewONE,blue,no_match,"No match found for product 'Daeja ViewONE' (mapped from 'Daeja ViewONE'), version '5.6.0'"
Cloud Object Storage,3.17.0.82,Cloud Object Storage,green,substring,"Substring match: found 'cloud object storage' in 'ibm cloud object storage system', version='3.17.x'"
TS2240 Tape Drive,nan,TS2240 Tape Drive,blue,no_match,Empty or null version
DataPower,10.5.1,DataPower,orange,substring,"Substring match: found 'datapower' in 'ibm datapower gateway x2', version='10.5.x'"
Storage Protect Plus,10.1.10,Storage Protect Plus,green,substring,"Substring match: found 'storage protect plus' in 'ibm storage protect plus', version='10.1.x'"
DataStax Enterprise,6.9.12,DataStax Enterprise,green,wildcard,Wildcard match: version '6.9.12' matches pattern '6.x' in 'ibm datastax enterprise'
SPSS Statistics,25.0.0.2,IBM SPSS Statistics,red,exact,"Exact match: product='ibm spss statistics', version='25.0.x'"
DevOps Deploy,8.0.1.11,DevOps Deploy,green,substring,"Substring match: found 'devops deploy' in 'ibm devops deploy', version='8.0.x'"
Network Finance WorkStation USB Device Server,nan,Network Finance WorkStation USB Device Server,blue,no_match,Empty or null version
Apache CouchDB,nan,Apache CouchDB,blue,no_match,Empty or null version
Storage Scale System Software,Storage Scale System Data Access Edition 5.2.0,Storage Scale System Software,green,wildcard,Wildcard match: version 'storage scale system data access edition 5.2.0' matches pattern '5.2.x' in 'ibm storage scale system software data access edition'
Firepower Chassis,nan,Firepower Chassis,blue,no_match,Empty or null version
Nomad Self-Managed,1.5.9,Nomad Self-Managed,blue,no_match,"No match found for product 'Nomad Self-Managed' (mapped from 'Nomad Self-Managed'), version '1.5.9'"
Kakiri-kun Series Power Strips,nan,Kakiri-kun Series Power Strips,blue,no_match,Empty or null version
Tape Controller,nan,Tape Controller,blue,no_match,Empty or null version
Cloud Pak for Security,1.11.10.0,Cloud Pak for Security,red,wildcard,Wildcard match: version '1.11.10.0' matches pattern '1.10.x' in 'ibm cloud pak for security'
Business Automation Starter Kit,nan,Business Automation Starter Kit,blue,no_match,Empty or null version
Netezza Appliance,3.0.0.0-FP1,Netezza Appliance,blue,no_match,"No match found for product 'Netezza Appliance' (mapped from 'Netezza Appliance'), version '3.0.0.0-fp1'"
Hardware Management Console Application,Early Ship Program Only - HMC,Hardware Management Console Application,blue,no_match,"No match found for product 'Hardware Management Console Application' (mapped from 'Hardware Management Console Application'), version 'early ship program only - hmc'"
Storage Protect for Space Management,8.2.1,Storage Protect for Space Management,green,major.minor,Major.minor match: '8.2.1' matches '8.2.0' in 'ibm storage protect for space management'
Z IntelliMagic Vision,1.2.0.2,Z IntelliMagic Vision,green,major.minor,Major.minor match: '1.2.0.2' matches '1.2.0.0' in 'ibm z intellimagic vision'
Mini-Tiger Price Computing Scale,nan,Mini-Tiger Price Computing Scale,blue,no_match,Empty or null version
API Connect,nan,API Connect,blue,no_match,Empty or null version
Jazz for Service Management DASH / TIP,3.1.3.20,Jazz for Service Management DASH / TIP,blue,no_match,"No match found for product 'Jazz for Service Management DASH / TIP' (mapped from 'Jazz for Service Management DASH / TIP'), version '3.1.3.20'"
RMF Reporter,2.5.0,RMF Reporter,blue,no_match,"No match found for product 'RMF Reporter' (mapped from 'RMF Reporter'), version '2.5.0'"
Security QRadar Suite,1.10.0.0,Security QRadar Suite,red,substring,"Substring match: found 'security qradar suite' in 'ibm security qradar suite software', version='1.10.x'"
Informix Tools and Connectivity,CSDK/JDBC 15.0.1.5,IBM Informix Advanced Enterprise Edition,green,wildcard,Wildcard match: version 'csdk/jdbc 15.0.1.5' matches pattern '15.0.x' in 'ibm informix advanced enterprise edition'
Key Lifecycle Manager for z/OS,nan,Key Lifecycle Manager for z/OS,blue,no_match,Empty or null version
System i 570 Server,nan,System i 570 Server,blue,no_match,Empty or null version
DataStax Enterprise,6.9.13,DataStax Enterprise,green,wildcard,Wildcard match: version '6.9.13' matches pattern '6.x' in 'ibm datastax enterprise'
watsonx Assistant for Z,2.0,watsonx Assistant for Z,green,wildcard,Wildcard match: version '2.0' matches pattern '2.x' in 'ibm watsonx assistant for z'
Host Access Transformation Services,9.6,Host Access Transformation Services,blue,no_match,"No match found for product 'Host Access Transformation Services' (mapped from 'Host Access Transformation Services'), version '9.6'"
Aspera,4.2.2,Aspera,red,substring,"Substring match: found 'aspera' in 'aspera', version='4.2.x'"
Z OMEGAMON AI for z/OS,5.5.0,Z OMEGAMON AI for z/OS,blue,no_match,"No match found for product 'Z OMEGAMON AI for z/OS' (mapped from 'Z OMEGAMON AI for z/OS'), version '5.5.0'"
Spectrum Protect for ERP,8.2.0,Spectrum Protect for ERP,blue,no_match,"No match found for product 'Spectrum Protect for ERP' (mapped from 'Spectrum Protect for ERP'), version '8.2.0'"
Storage Copy Data Management,2.2.20,Storage Copy Data Management,green,substring,"Substring match: found 'storage copy data management' in 'ibm storage copy data management', version='2.2.x'"
MQ for z/OS,9.0 LTS,MQ for z/OS,blue,no_match,"No match found for product 'MQ for z/OS' (mapped from 'MQ for z/OS'), version '9.0 lts'"
Kraken Beta,nan,Kraken Beta,blue,no_match,Empty or null version
InfoSphere Information Server: Information Analyzer (IA),9.1,InfoSphere Information Server: Information Analyzer (IA),blue,no_match,"No match found for product 'InfoSphere Information Server: Information Analyzer (IA)' (mapped from 'InfoSphere Information Server: Information Analyzer (IA)'), version '9.1'"
Planning Analytics Core Financial Applications,nan,Planning Analytics Core Financial Applications,blue,no_match,Empty or null version
Vault Self-Managed,1.17.11,Vault Self-Managed,blue,no_match,"No match found for product 'Vault Self-Managed' (mapped from 'Vault Self-Managed'), version '1.17.11'"
API Connect for GraphQL,nan,API Connect for GraphQL,blue,no_match,Empty or null version
Z IntelliMagic Vision,1.2.0.0,Z IntelliMagic Vision,green,substring,"Substring match: found 'z intellimagic vision' in 'ibm z intellimagic vision', version='1.2.0.0'"
Cloud Pak for Data System,1.0.7.4,Cloud Pak for Data System,red,substring,"Substring match: found 'cloud pak for data system' in 'ibm cloud pak for data system for federal and finance', version='1.0.x'"
Reliable Scalable Cluster Technology (RSCT),RSCT v3.1.4,Reliable Scalable Cluster Technology (RSCT),blue,no_match,"No match found for product 'Reliable Scalable Cluster Technology (RSCT)' (mapped from 'Reliable Scalable Cluster Technology (RSCT)'), version 'rsct v3.1.4'"
Explorer for z/OS,2.5.0,Explorer for z/OS,blue,no_match,"No match found for product 'Explorer for z/OS' (mapped from 'Explorer for z/OS'), version '2.5.0'"
DataStax Enterprise,6.8.53,DataStax Enterprise,green,wildcard,Wildcard match: version '6.8.53' matches pattern '6.x' in 'ibm datastax enterprise'
Apache Ranger,nan,Apache Ranger,blue,no_match,Empty or null version
Unified Key Orchestrator,UKO for z/OS v3.1.0.6,Unified Key Orchestrator,blue,no_match,"No match found for product 'Unified Key Orchestrator' (mapped from 'Unified Key Orchestrator'), version 'uko for z/os v3.1.0.6'"
Lenovo Server - Mission Critical,Unknown,Lenovo Server - Mission Critical,blue,no_match,"No match found for product 'Lenovo Server - Mission Critical' (mapped from 'Lenovo Server - Mission Critical'), version 'unknown'"
COBOL,"Enterprise COBOL for z/OS Runtime, V3+",COBOL,blue,no_match,"No match found for product 'COBOL' (mapped from 'COBOL'), version 'enterprise cobol for z/os runtime, v3+'"
Comcipher Series Network Encryptor Devices,nan,Comcipher Series Network Encryptor Devices,blue,no_match,Empty or null version
Storage Protect Plus,Version 10.1.17 Build: 152,Storage Protect Plus,green,wildcard,Wildcard match: version 'version 10.1.17 build: 152' matches pattern '10.1.x' in 'ibm storage protect plus'
Power System H924 Server,nan,Power System H924 Server,blue,no_match,Empty or null version
Hyperion,nan,Hyperion,blue,no_match,Empty or null version
MongoDB Enterprise Advanced,8.2,MongoDB Enterprise Advanced,green,wildcard,Wildcard match: version '8.2' matches pattern '8.x' in 'mongodb enterprise advanced with ibm'
Rhapsody,RMM 7.1.0,Rhapsody,blue,no_match,"No match found for product 'Rhapsody' (mapped from 'Rhapsody'), version 'rmm 7.1.0'"
Storage Premium Operations,nan,Storage Premium Operations,blue,no_match,Empty or null version
Transformation Extender Advanced,10.0.0,Transformation Extender Advanced,green,substring,"Substring match: found 'transformation extender advanced' in 'ibm transformation extender advanced', version='10.0'"
DevOps Code ClearCase,9.0.0.x,DevOps Code ClearCase,blue,no_match,"No match found for product 'DevOps Code ClearCase' (mapped from 'DevOps Code ClearCase'), version '9.0.0.x'"
HashiCorp Boundary Self-Managed,0.19.3,HashiCorp Boundary Self-Managed,blue,no_match,"No match found for product 'HashiCorp Boundary Self-Managed' (mapped from 'HashiCorp Boundary Self-Managed'), version '0.19.3'"
Cloud Pak for AIOps,4.9.1,Cloud Pak for AIOps,green,wildcard,Wildcard match: version '4.9.1' matches pattern '4.x' in 'ibm cloud pak for aiops'
Datacap,9.0.1,Datacap,red,substring,"Substring match: found 'datacap' in 'ibm datacap', version='9.0.x'"
Cisco Catalyst Series Blade Switches,nan,Cisco Catalyst Series Blade Switches,blue,no_match,Empty or null version
Key Management Solutions,nan,Key Management Solutions,blue,no_match,Empty or null version
DevOps Deploy,7.3.2.17,DevOps Deploy,blue,no_match,"No match found for product 'DevOps Deploy' (mapped from 'DevOps Deploy'), version '7.3.2.17'"
Automatic Binary Optimizer,"IBM Automatic Binary Optimizer for z/OS Trial, V2.2.0",Automatic Binary Optimizer,green,wildcard,"Wildcard match: version 'ibm automatic binary optimizer for z/os trial, v2.2.0' matches pattern '2.2.x' in 'ibm automatic binary optimizer for z/os'"
Aspera,3.8.0,Aspera,red,exact,"Exact match: product='aspera', version='3.8.x'"
ILOG CPLEX Optimization Studio,22.2.0.0,ILOG CPLEX Optimization Studio,blue,no_match,"No match found for product 'ILOG CPLEX Optimization Studio' (mapped from 'ILOG CPLEX Optimization Studio'), version '22.2.0.0'"
Trinzic Series Appliances,nan,Trinzic Series Appliances,blue,no_match,Empty or null version
Vault Self-Managed,1.18.1,Vault Self-Managed,blue,no_match,"No match found for product 'Vault Self-Managed' (mapped from 'Vault Self-Managed'), version '1.18.1'"
Sterling Transformation Extender,10.1.0,IBM Sterling Transformation Extender,green,exact,"Exact match: product='ibm sterling transformation extender', version='10.1.x'"
Firewall,nan,Firewall,blue,no_match,Empty or null version
Db2 Utilities Solution Pack for z/OS,6.1,Db2 Utilities Solution Pack for z/OS,green,substring,"Substring match: found 'db2 utilities solution pack for z/os' in 'ibm db2 utilities solution pack for z/os', version='6.1.0'"
License Metric Tool,9.2.33,License Metric Tool,green,substring,"Substring match: found 'license metric tool' in 'ibm license metric tool', version='9.2.x'"
Workload Scheduler,9.4 - on prem,Workload Scheduler,blue,no_match,"No match found for product 'Workload Scheduler' (mapped from 'Workload Scheduler'), version '9.4 - on prem'"
Aspera,nan,Aspera,blue,no_match,Empty or null version
DevOps Test Workbench,11.0.4,DevOps Test Workbench,green,substring,"Substring match: found 'devops test workbench' in 'ibm devops test workbench', version='11.0.x'"
LaserJet Enterprise Series Printers,nan,LaserJet Enterprise Series Printers,blue,no_match,Empty or null version
Business Automation Manager Open Editions,9.4.2,Business Automation Manager Open Editions,green,wildcard,Wildcard match: version '9.4.2' matches pattern '9.x' in 'ibm business automation manager open editions'
z/OS,nan,z/OS,blue,no_match,Empty or null version
Aspera,3.6.1,Aspera,blue,no_match,"No match found for product 'Aspera' (mapped from 'Aspera'), version '3.6.1'"
Db2 Data Management Console,v3.1.11,Db2 Data Management Console,green,wildcard,Wildcard match: version 'v3.1.11' matches pattern '3.1.x' in 'ibm db2 data management console'
Storage Fusion,2.6.0,Storage Fusion,blue,no_match,"No match found for product 'Storage Fusion' (mapped from 'Storage Fusion'), version '2.6.0'"
QRadar SOAR,51.0.7.1,QRadar SOAR,green,substring,"Substring match: found 'qradar soar' in 'ibm security qradar soar', version='51.0.x'"
Informix Dynamic Server,IDS 12.10.xC15,IBM Informix Advanced Enterprise Edition,blue,no_match,"No match found for product 'IBM Informix Advanced Enterprise Edition' (mapped from 'Informix Dynamic Server'), version 'ids 12.10.xc15'"
DataStax Enterprise,5.1.5,DataStax Enterprise,green,major.minor,Major.minor match: '5.1.5' matches '5.1' in 'ibm datastax enterprise'
Power System 560 Server,nan,Power System 560 Server,blue,no_match,Empty or null version
Spectrum Virtualize for Storwize V7000,nan,Spectrum Virtualize for Storwize V7000,blue,no_match,Empty or null version
DataStax Enterprise,5.1.18,DataStax Enterprise,green,major.minor,Major.minor match: '5.1.18' matches '5.1' in 'ibm datastax enterprise'
Spectrum Protect for ERP,8.1.11.0,Spectrum Protect for ERP,blue,no_match,"No match found for product 'Spectrum Protect for ERP' (mapped from 'Spectrum Protect for ERP'), version '8.1.11.0'"
Sterling File Gateway,6.0.3 (not supported),IBM Sterling File Gateway,blue,no_match,"No match found for product 'IBM Sterling File Gateway' (mapped from 'Sterling File Gateway'), version '6.0.3 (not supported)'"
DataAI SWAT,nan,DataAI SWAT,blue,no_match,Empty or null version
Maximo Application Suite SWAT,nan,Maximo Application Suite SWAT,blue,no_match,Empty or null version
Engineering Lifecycle Management SWAT,nan,Engineering Lifecycle Management SWAT,blue,no_match,Empty or null version
Entitled Systems Support,nan,Entitled Systems Support,blue,no_match,Empty or null version
Cloud Video Logistics Manager,nan,Cloud Video Logistics Manager,blue,no_match,Empty or null version
AI Ops SWAT,nan,AI Ops SWAT,blue,no_match,Empty or null version
Data Privacy Investigations,nan,Data Privacy Investigations,blue,no_match,Empty or null version
MQ,nan,IBM MQ,blue,no_match,Empty or null version
STERLING Tiger SWAT,nan,STERLING Tiger SWAT,blue,no_match,Empty or null version
Data Privacy Operations,nan,Data Privacy Operations,blue,no_match,Empty or null version
Remote Code Load,nan,Remote Code Load,blue,no_match,Empty or null version
FlashArray//c Hybrid Storage,nan,FlashArray//c Hybrid Storage,blue,no_match,Empty or null version
Systems Predictive Support,nan,Systems Predictive Support,blue,no_match,Empty or null version
Fix Exception,nan,Fix Exception,blue,no_match,Empty or null version
SkillsBuild High School Tenant,nan,SkillsBuild High School Tenant,blue,no_match,Empty or null version
SkillsBuild Adult Tenant,nan,SkillsBuild Adult Tenant,blue,no_match,Empty or null version
Digital Commerce: Accounting Products,nan,Digital Commerce: Accounting Products,blue,no_match,Empty or null version
SkillsBuild Level 1,nan,SkillsBuild Level 1,blue,no_match,Empty or null version
,nan,,blue,no_match,Product name is null or NaN
FixCentral Feedback,nan,FixCentral Feedback,blue,no_match,Empty or null version
ThinkSmart Hub Series Conference Room Devices,nan,ThinkSmart Hub Series Conference Room Devices,blue,no_match,Empty or null version
ThinkSystem SR V4 Series Server,nan,ThinkSystem SR V4 Series Server,blue,no_match,Empty or null version
Lenovo Server - Mission Critical,nan,Lenovo Server - Mission Critical,blue,no_match,Empty or null version
Transition Accelerator Kit,nan,Transition Accelerator Kit,blue,no_match,Empty or null version
SkillsBuild Partner Tenant,nan,SkillsBuild Partner Tenant,blue,no_match,Empty or null version
Call Home Connect,nan,Call Home Connect,blue,no_match,Empty or null version
Premium Operations IBMi,nan,Premium Operations IBMi,blue,no_match,Empty or null version
Security SWAT,nan,Security SWAT,blue,no_match,Empty or null version
Client Value Acceleration Portal,nan,Client Value Acceleration Portal,blue,no_match,Empty or null version
FlashArray//x Storage,nan,FlashArray//x Storage,blue,no_match,Empty or null version
Internal Customer Experience Analytics,nan,Internal Customer Experience Analytics,blue,no_match,Empty or null version
Spectrum Virtualize for Storwize V7000,Version Not Listed,Spectrum Virtualize for Storwize V7000,blue,no_match,"No match found for product 'Spectrum Virtualize for Storwize V7000' (mapped from 'Spectrum Virtualize for Storwize V7000'), version 'version not listed'"
Storage Extension Shelves,nan,Storage Extension Shelves,blue,no_match,Empty or null version
IBM Digital 3PM: 3PM Support,nan,IBM Digital 3PM: 3PM Support,blue,no_match,Empty or null version
ThinkSystem Edge Server Series,nan,ThinkSystem Edge Server Series,blue,no_match,Empty or null version
ThinkSystem SR Series GPU Server,nan,ThinkSystem SR Series GPU Server,blue,no_match,Empty or null version
SevOne Network Performance Management,6.8.20,SevOne Network Performance Management,orange,major.minor,Major.minor match: '6.8.20' matches '6.8' in 'ibm sevone network performance management'
ECuRep,nan,ECuRep,blue,no_match,Empty or null version
Electronic Connections,nan,Electronic Connections,blue,no_match,Empty or null version
ThinkSystem DM Series Storage,nan,ThinkSystem DM Series Storage,blue,no_match,Empty or null version
Accelerated Value Program Services,nan,Accelerated Value Program Services,blue,no_match,Empty or null version
Integration SWAT,nan,Integration SWAT,blue,no_match,Empty or null version
MultiCloud SaaS Platform (Internal),nan,MultiCloud SaaS Platform (Internal),blue,no_match,Empty or null version
Terraform Self-Managed,202411-2,Terraform Self-Managed,green,wildcard,Wildcard match: version '202411-2' matches pattern '2.x.x' in 'ibm terraform self-managed'
Inspiron,nan,Inspiron,blue,no_match,Empty or null version
Watson in Support TEST Product,nan,Watson in Support TEST Product,blue,no_match,Empty or null version
WiS TEST Product BWL,nan,WiS TEST Product BWL,blue,no_match,Empty or null version
CSP Test Automation Product,nan,CSP Test Automation Product,blue,no_match,Empty or null version
Hyperscale Series,nan,Hyperscale Series,blue,no_match,Empty or null version
Business Automation SWAT,nan,Business Automation SWAT,blue,no_match,Empty or null version
Test ENT: Db2 pureScale,2.0,Test ENT: Db2 pureScale,blue,no_match,"No match found for product 'Test ENT: Db2 pureScale' (mapped from 'Test ENT: Db2 pureScale'), version '2.0'"
Old Test Live Agent Prod,nan,Old Test Live Agent Prod,blue,no_match,Empty or null version
MyNotification,nan,MyNotification,blue,no_match,Empty or null version
Advanced Allocation Management for z/OS,nan,Advanced Allocation Management for z/OS,blue,no_match,Empty or null version
IBM Support for Cisco Spark,nan,IBM Support for Cisco Spark,blue,no_match,Empty or null version
eCare: Redhat,nan,eCare: Redhat,blue,no_match,Empty or null version
ModernSystems,nan,ModernSystems,blue,no_match,Empty or null version
ThinkAgile MX Series Server,nan,ThinkAgile MX Series Server,blue,no_match,Empty or null version
ThinkSystem DG Series Storage,nan,ThinkSystem DG Series Storage,blue,no_match,Empty or null version
Spectrum Control,5.4.0,Spectrum Control,green,substring,"Substring match: found 'spectrum control' in 'ibm spectrum control', version='5.4.x'"
WebSphere SWAT,nan,WebSphere SWAT,blue,no_match,Empty or null version
Confluent Platform for Z and LinuxONE Acquisition,nan,Confluent Platform for Z and LinuxONE Acquisition,blue,no_match,Empty or null version
AI System Services for IBM z/OS,nan,AI System Services for IBM z/OS,blue,no_match,Empty or null version
HashiCorp Terraform,nan,HashiCorp Terraform,blue,no_match,Empty or null version
IBM i Lab Services,7.4,IBM i Lab Services,blue,no_match,"No match found for product 'IBM i Lab Services' (mapped from 'IBM i Lab Services'), version '7.4'"
Modern Data Accelerators,nan,Modern Data Accelerators,blue,no_match,Empty or null version
Storwize Storage Series,Unknown,Storwize Storage Series,blue,no_match,"No match found for product 'Storwize Storage Series' (mapped from 'Storwize Storage Series'), version 'unknown'"
Hashicorp Vault,nan,Hashicorp Vault,blue,no_match,Empty or null version
ThinkServer TD Series,nan,ThinkServer TD Series,blue,no_match,Empty or null version
Hardware Management Console Application,nan,Hardware Management Console Application,blue,no_match,Empty or null version
Software Support App,nan,Software Support App,blue,no_match,Empty or null version
ThinkServer RD Series,nan,ThinkServer RD Series,blue,no_match,Empty or null version
SPSS Modeler,nan,IBM SPSS Modeler,blue,no_match,Empty or null version
SAN Series Storage,nan,SAN Series Storage,blue,no_match,Empty or null version
Operations Manager for z/VM,1.6.0,Operations Manager for z/VM,green,exact,"Exact match: product='operations manager for z/vm', version='1.6.x'"
Automation Test Product,nan,Automation Test Product,blue,no_match,Empty or null version
ThinkServer TS Series,nan,ThinkServer TS Series,blue,no_match,Empty or null version
Storwize Storage Series,7.8,Storwize Storage Series,blue,no_match,"No match found for product 'Storwize Storage Series' (mapped from 'Storwize Storage Series'), version '7.8'"
Red Hat Marketplace,nan,Red Hat Marketplace,blue,no_match,Empty or null version
ThinkEdge Series Personal Computers,nan,ThinkEdge Series Personal Computers,blue,no_match,Empty or null version
MultiCloud SaaS Platform,nan,MultiCloud SaaS Platform,blue,no_match,Empty or null version
Rational Licensing,nan,Rational License Key Server,blue,no_match,Empty or null version
Advanced Reporting for DFSMShsm,nan,Advanced Reporting for DFSMShsm,blue,no_match,Empty or null version
Db2 Management Solution Pack for z/OS,5.1,Db2 Management Solution Pack for z/OS,green,substring,"Substring match: found 'db2 management solution pack for z/os' in 'ibm db2 management solution pack for z/os', version='5.1.0'"
Rack Cabinets and Accessories,nan,Rack Cabinets and Accessories,blue,no_match,Empty or null version
Archive and Essence Manager,1.0,Archive and Essence Manager,green,substring,"Substring match: found 'archive and essence manager' in 'ibm services software archive and essence manager pak', version='1.0'"
ServiceLink & IBMLink,nan,ServiceLink & IBMLink,blue,no_match,Empty or null version
IdeaCentre,nan,IdeaCentre,blue,no_match,Empty or null version
Test King Friday Product,1.0,Test King Friday Product,blue,no_match,"No match found for product 'Test King Friday Product' (mapped from 'Test King Friday Product'), version '1.0'"
Db2 for z/OS SWAT,nan,Db2 for z/OS SWAT,blue,no_match,Empty or null version
IMS Tiger Team SWAT,nan,IMS Tiger Team SWAT,blue,no_match,Empty or null version
Kubecost Self Hosted,2.8.0,Kubecost Self Hosted,green,wildcard,Wildcard match: version '2.8.0' matches pattern '2.x.x' in 'ibm kubecost self hosted'
SPSS Statistics,nan,IBM SPSS Statistics,blue,no_match,Empty or null version
Proactive Assessments Project Services,nan,Proactive Assessments Project Services,blue,no_match,Empty or null version
Webex Board,nan,Webex Board,blue,no_match,Empty or null version
IBM Java for z/OS,Java 7 31-bit,"IBM 64-bit SDK for z/OS, Java 2 Technology Edition",blue,no_match,"No match found for product 'IBM 64-bit SDK for z/OS, Java 2 Technology Edition' (mapped from 'IBM Java for z/OS'), version 'java 7 31-bit'"
ASR 9000 Series Aggregation Services Routers,nan,ASR 9000 Series Aggregation Services Routers,blue,no_match,Empty or null version
Electronic Service Agent,nan,Electronic Service Agent,blue,no_match,Empty or null version
Sterling Secure Proxy,6.0.2,Sterling Secure Proxy,orange,substring,"Substring match: found 'sterling secure proxy' in 'ibm sterling secure proxy', version='6.0.x'"
IMS Extended Terminal Option Support for z/OS,3.2.0,IMS Extended Terminal Option Support for z/OS,green,exact,"Exact match: product='ims extended terminal option support for z/os', version='3.2.0'"
Daeja ViewONE,5.0.9.007,Daeja ViewONE,green,substring,"Substring match: found 'daeja viewone' in 'ibm daeja viewone virtual', version='5.0.x'"
Copy Services Manager,6.3.0.0,Copy Services Manager,green,substring,"Substring match: found 'copy services manager' in 'ibm copy services manager', version='6.3.x'"
Scanner Cradle Charger,nan,Scanner Cradle Charger,blue,no_match,Empty or null version
Overlay Generation Language/370,nan,Overlay Generation Language/370,blue,no_match,Empty or null version
Premium Operation z HW,nan,Premium Operation z HW,blue,no_match,Empty or null version
Premium Operation z SW,nan,Premium Operation z SW,blue,no_match,Empty or null version
"Db2 Linux, Unix and Windows",nan,"Db2 Linux, Unix and Windows",blue,no_match,Empty or null version
High Performance Unload,V12.1,High Performance Unload,blue,no_match,"No match found for product 'High Performance Unload' (mapped from 'High Performance Unload'), version 'v12.1'"
